{
  "SHARE" : "TEILEN",
  "RESTART" : "NEUSTART",
  "try_another_word" : "Nichts gefunden! Suche ein anderes Wort!",
  "select_suggestion" : "Bitte einen Vorschlag auswählen!",
  "search_hint" : "Schreibe dein Lieblingsessen!",
  "type_something" : "Schreibe etwas!",
  "snackbar_showing_unfiltered_list": "Zeige alle Orte...",
  "snackbar_merchant": "Ort: ",
  "snackbar_filtered_by_tag": "Tagfilter: ",
  "snackbar_filtered_by_location": "Standortfilter: ",
  "snackbar_you_are_satoshi": "Du bist Satoshi Nakamoto!",
  "hit_icon": "Wählen Sie eine farbige Symbol mit Ergebnissen.",
  "no_matches": "Keine Suchergebnisse, in dieser Kategorie!",
  "show_all_merchants" : "Filter zurücksetzen, alles anzeigen.",
  "dialog_close" : " SCHLIESSEN",
  "dialog_are_you_hungry" : "Hast du Hunger?",
  "dialog_search_favo_food" : "Suche dein Lieblingsessen:\n\n \uD83C\uDF54 Burger    \uD83C\uDF70 Nachtisch\n\n\uD83E\uDD57 Salat     \uD83D\uDC2E Vegan\n\n\uD83C\uDDEE\uD83C\uDDF9 Ital.    \uD83C\uDF55 Pizza",
  "floatbutton_add" : "HINZUFÜGEN: ",
  "EAT" : "RESTAURANT",
  "TOGO" : "ZUM MITNEHMEN",
  "BAR" : "BAR, CLUB, CAFE",
  "MARKET" : "SUPERMARKT",
  "HOTEL" : "HOTEL n ZIMMER",
  "SPA" : "WELLNESS n SPA",
  "SHOP" : "EINKAUFEN n MODE",
  "toast_update_succesfull" : "UPDATE ERFOLGREICH! APP NEUSTARTEN!",
  "close_map" : "KARTE SCHLIESSEN",
  "toast_instructions_marker" : "PIN: Tippe auf einen Pin um Information zu diesem Ort zu sehen.",
  "toast_instructions_location" : "STANDORT: Tippe auf das Standort Symbol (oben rechts) um zu deiner aktuellen Position zu zoomen.",
  "toast_instructions_close" : "SCHLIESSEN: Tippe auf SCHLIESSEN (unten mitte) um zur Listenansicht zurückzukehren.",
  "toast_instructions_details" : "DETAILS: Tippe auf die Infobox um zur Detailansicht dieses Ortes zu wechseln.",
  "toast_instructions_route" : "ROUTE: Tippe auf das Route Symbol (unten rechts), um zu dem ausgewählten Ort zu navigieren.",
  "toast_instructions_map" : "KARTE: Tippe auf die Karte, um die Infobox wieder zu schliessen.",
  "VISIT" : "BESUCHEN",
  "toaster_enter_name_atleast_five_characters" : "Bitte füge einen Namen mit wenigstens 5 Buchstaben hinzu!",
  "toaster_minimum_four_tags" : "Bitte wähle genau vier Schlagwörter",
  "toaster_atleast_one_bitcoin_adr" : "Bitte füge wenigstens eine DASH oder BCH Adresse hinzu!",
  "toaster_full_adr" : "Bitte füge die vollständige Adresse ein: Straße + Nummer, Stadt, Land!",
  "toaster_email_not_configured" : "E-Mail nicht konfiguriert?!",
  "toaster_select_email_client" : "Bitte wähle dein E-Mail Programm!",
  "send_email" : " SENDE EMAIL",
  "dialog_help_grow_adoption" : "Hilf beim Bitcoin Wachstum!\n\nSende die fehlende Information an:\n\ntrbc@bitcoinmap.cash jetzt!",
  "dialog_missing_gmaps_title" : "Google Maps link nicht verfügbar!",
  "email_text_add_new_place" : "Willkommen bei https://bmap.app!\n\nJetzt absenden um die Daten einzureichen!\n\nOptional können Sie Fotos an die E-mail anhängen!\n\nWir werden sie benachrichtigen sobald ihr Lokal in der App verfügbar ist!\n\nBitte verändern sie nichts am Inhalt dieser Email!\n\nUm weitere Details hinzuzufügen senden sie bitte eine zusätzl. Email an trbc@bitcoinmap.cash!\n\nDu bist Satoshi Nakamoto!\n\nDanke!\n\n",
  "send" : " SENDEN",
  "add_place_name_title" : "Wie nennt sich der Ort?",
  "add_place_name_subtitle" : "Benutze denselben Namen wie in Google Maps",
  "insert_hint_1" : "Hier  ",
  "insert_hint_2" : " einfügen.",
  "bch_adr" : "BCH Adresse",
  "copy_adr_instructions" : "1: Öffne deine BCH Wallet! 2: Wähle empfangen um deinen QR-Code zu sehen! 3: Kopiere/Teile die Adresse! 4: Füge die Adresse hier ein!",
  "receiving_adr" : "Wie lautet deine BCH Empfangsadresse?",
  "dash_adr" : "DASH Adresse",
  "open_your_dash_wallet" : "1: Öffne deine DASH Wallet! 2: Wähle empfangen um deinen QR-Code zu sehen! 3: Kopiere/Teile die Adresse! 4: Füge die Adresse hier ein!",
  "what_is_your_dash" : "Wie lautet deine DASH Empfangsadresse?",
  "hit_the_button_scroll" : "Tippe auf den Button, scrolle in der Liste, wähle ein Schlagwort",
  "choose_four_tags" : "OK, nun wähle vier Schlagwörter die dein Produkt/Service am besten beschreiben.",
  "postal_adr" : "Wie lautet die Postadresse?",
  "street_number" : "Straße + Nummer, Stadt, Land",
  "address" : "Addresse",
  "name" : "Name",
  "add_title" : "HINZUFÜGEN: ",
  "you_can_scroll" : "Du kannst diese Liste scrollen!",
  "REVIEW" : "BEWERTEN",
  "download_qr_code" : "Möchtest du eine PDF-Datei mit QR-Codes runterladen?",
  "NO" : "NEIN",
  "YES" : "JA",
  "reset_tags_select_again" : "Möchtest du alle Schlagwörter löschen und neu auswählen?",
  "send_email_containing_data" : "Möchten Sie uns eine E-Mail mit den Daten senden und weitere Unterstützung erhalten?",
  "attract_more_customer" : "Um mehr Kunden anzulocken, können Sie auch eine BCH-Adresse eingeben!",
  "choose_tag_1" : "HIER TIPPEN, TAG WÄHLEN",
  "choose_tag_2" : "WÄHLEN SIE EINEN 2. TAG",
  "choose_tag_3" : "WÄHLEN SIE EINEN 3. TAG",
  "choose_tag_4" : "WÄHLEN SIE DEN 4. TAG",
  "choose_tag_5" : "TAGS ZURÜCKSETZEN",
  "make_donation_text" : "Möchtest du diese App mit einer BCH oder DASH Spende unterstützen?"
}