{
  "SHARE" : "SHARE",
  "RESTART" : "RESTART",
  "try_another_word" : "Nothing found! Try another word!",
  "select_suggestion" : "Please select a suggestion!",
  "search_hint" : "Write your favourite food!",
  "type_something" : "Type something into the keyboard!",
  "snackbar_showing_unfiltered_list": "Showing all places...",
  "snackbar_merchant": "Place: ",
  "snackbar_filtered_by_tag": "Tag Filter: ",
  "snackbar_filtered_by_location": "Location Filter: ",
  "snackbar_you_are_satoshi": "You are Satoshi Nakamoto!",
  "hit_icon": "Select a colored icon with results.",
  "no_matches": "No search results, in this category.",
  "show_all_merchants" : "Reset filter, show complete list.",
  "dialog_close" : " CLOSE",
  "dialog_are_you_hungry" : "Are you hungry?",
  "dialog_search_favo_food" : "Search your favorite food:\n\n  \uD83C\uDF54 Burger     \uD83C\uDF70 Dessert\n\n  \uD83E\uDD57 Salad      \uD83D\uDC2E Vegan\n\n  \uD83C\uDDEE\uD83C\uDDF9 Italian      \uD83C\uDF55 Pizza",
  "floatbutton_add" : "ADD ",
  "EAT" : "RESTAURANT",
  "TOGO" : "TAKE-AWAY-FOOD",
  "BAR" : "BAR, CLUB, CAFE",
  "MARKET" : "SUPERMARKET",
  "HOTEL" : "HOTEL n BnB",
  "SPA" : "WELLNESS n SPA",
  "SHOP" : "SHOP n FASHION",
  "toast_update_succesfull" : "UPDATE SUCCESS! RESTART APP!",
  "close_map" : "CLOSE MAP",
  "toast_instructions_marker" : "PIN: Tap any pin to see more information of that place.",
  "toast_instructions_location" : "LOCATION: Tap the location button (top right) to zoom to your current location.",
  "toast_instructions_close" : "CLOSE: Tap the close button (bottom) to see the complete list of all places worldwide.",
  "toast_instructions_details" : "DETAILS: Tap the info box to load the details of that place.",
  "toast_instructions_route" : "ROUTE: Tap the route button (bottom right), to navigate to the selected place.",
  "toast_instructions_map" : "MAP: Tap the map at any free space, to close the info box of a selected place.",
  "VISIT" : "VISIT",
  "toaster_enter_name_atleast_five_characters" : "Please enter a name with atleast 5 characters!",
  "toaster_minimum_four_tags" : "Please add exactly four tags!",
  "toaster_atleast_one_bitcoin_adr" : "Please add atleast a DASH or a BCH address!",
  "toaster_full_adr" : "Please enter the FULL ADDRESS: Street + Number, City, Country!",
  "toaster_email_not_configured" : "E-Mail app not configured?!",
  "toaster_select_email_client" : "Please select your favorite E-Mail app!",
  "send_email" : " SEND EMAIL",
  "dialog_help_grow_adoption" : "Help to grow adoption!\n\nSend the missing information to:\n\ntrbc@bitcoinmap.cash now!",
  "dialog_missing_gmaps_title" : "Missing Google Maps link!",
  "email_text_add_new_place" : "Welcome to https://bmap.app!\n\nYou can optionally attach Images to this email now!\n\nSend this E-Mail to submit the place!\n\nWe will notify you as soon as the place is available inside the app!\n\nDo not modify the content of this E-Mail!\n\nTo add any further details please send another E-Mail to trbc@bitcoinmap.cash!\n\nYou are Satoshi Nakamoto!\n\nThanks!\n\n",
  "send" : " SEND",
  "add_place_name_title" : "What is the name of that place?",
  "add_place_name_subtitle" : "Use the same name as in Google Maps",
  "insert_hint_1" : "Insert ",
  "insert_hint_2" : " here.",
  "bch_adr" : "BCH address",
  "copy_adr_instructions" : "1: Open your BCH wallet! 2: Choose receive to see the QR-Code! 3: Select share/copy! 4: Paste the address here!",
  "receiving_adr" : "What is your BCH wallet receiving address?",
  "dash_adr" : "DASH address",
  "open_your_dash_wallet" : "1: Open your DASH wallet! 2: Choose receive to see the QR-Code! 3: Select share/copy! 4: Paste the address here!",
  "what_is_your_dash" : "What is your DASH wallet receiving address?",
  "hit_the_button_scroll" : "Hit the button, scroll the list, choose a tag",
  "choose_four_tags" : "OK, now choose four words that best describe your products/service.",
  "postal_adr" : "What is the postal address?",
  "street_number" : "Street + Number, City, Country",
  "address" : "address",
  "name" : "name",
  "add_title" : "ADD: ",
  "you_can_scroll" : "You can scroll this list!",
  "REVIEW" : "REVIEW",
  "download_qr_code" : "Do you want to download a PDF file containing QR-Codes?",
  "NO" : "NO",
  "YES" : "YES",
  "reset_tags_select_again" : "Do you want to reset all tags to select again?",
  "send_email_containing_data" : "Do you want to send us an E-Mail containing the data and get further assistance?",
  "attract_more_customer" : "To attract more customers, you can enter a BCH address too!",
  "choose_tag_1" : "TAP HERE TO CHOOSE TAG",
  "choose_tag_2" : "CHOOSE ANOTHER TAG",
  "choose_tag_3" : "CHOOSE THIRD TAG",
  "choose_tag_4" : "CHOOSE LAST TAG",
  "choose_tag_5" : "RESET TAGS",
  "make_donation_text" : "Would you like to support this app with a BCH or DASH donation?!"
}