{
  "SHARE" : "COMPARTIR",
  "RESTART" : "REINICIAR",
  "try_another_word" : "¡Nada Encontrado! ¡Prueba con otra palabra!",
  "select_suggestion" : "¡Selecciona una sugerencia!",
  "search_hint" : "¡Escribe tu comida favorita!",
  "type_something" : "¡Escribe algo en el teclado!",
  "snackbar_showing_unfiltered_list": "Todos los lugares...",
  "snackbar_merchant": "Lugar: ",
  "snackbar_filtered_by_tag": "Filtro de etiqueta: ",
  "snackbar_filtered_by_location": "Filtro de ubicación: ",
  "snackbar_you_are_satoshi": "Usted está Satoshi Nakamoto!",
  "hit_icon": "Elige un icono de color con resultados.",
  "no_matches": "No hay resultados, en esta categoría.",
  "show_all_merchants" : "Restablecer filtro, mostrar lista completa.",
  "dialog_close" : " CERRAR",
  "dialog_are_you_hungry" : "Tienes hambre?",
  "dialog_search_favo_food" : "Busca tu comida favorita:\n\n  \uD83C\uDF54 Hamburguesa     \uD83C\uDF70 Postre\n\n  \uD83E\uDD57 Ensalada      \uD83D\uDC2E Vegano\n\n  \uD83C\uDDEE\uD83C\uDDF9 Italiano      \uD83C\uDF55 Pizza",
  "floatbutton_add" : "AÑADIR ",
  "EAT" : "RESTAURANTE",
  "TOGO" : "PARA LLEVAR",
  "BAR" : "BAR, CLUB, CAFÉ",
  "MARKET" : "SUPERMERCADO",
  "HOTEL" : "HOTEL y BnB",
  "SPA" : "BIENESTAR y SPA",
  "SHOP" : "TIENDAS y MODA",
  "toast_update_succesfull" : "ACTUALIZACIÓN EXITOSO! REINICIAR APP!",
  "close_map" : "CERRAR MAPA",
  "toast_instructions_marker" : "PIN: Toque cualquier pin para ver más información de ese lugar.",
  "toast_instructions_location" : "UBICACIÓN: Toque el botón de ubicación (arriba a la derecha) para ampliar su ubicación actual.",
  "toast_instructions_close" : "CERRAR: Toque el botón de cerrar (abajo) para ver la lista completa de todos los lugares del mundo.",
  "toast_instructions_details" : "DETALLES: Toque el cuadro de información para cargar los detalles de ese lugar.",
  "toast_instructions_route" : "RUTA: Toque el botón de ruta (abajo a la derecha), para navegar al lugar seleccionado.",
  "toast_instructions_map" : "MAPA: toque el mapa en cualquier espacio libre para cerrar el cuadro de información de un lugar seleccionado.",
  "VISIT" : "VISITAR",
  "toaster_enter_name_atleast_five_characters" : "¡Por favor, introduzca un nombre con al menos 5 caracteres!",
  "toaster_minimum_four_tags" : "¡Por favor, agregue exactamente cuatro etiquetas!",
  "toaster_atleast_one_bitcoin_adr" : "¡Por favor agregue al menos una dirección DASH o BCH!",
  "toaster_full_adr" : "¡Por favor ingrese la DIRECCIÓN COMPLETA: Calle + Número, Ciudad, País!",
  "toaster_email_not_configured" : "¿El cliente de correo electrónico no está configurado?",
  "toaster_select_email_client" : "Por favor, seleccione su aplicación de correo electrónico favorita!",
  "send_email" : " ENVIAR CORREO",
  "dialog_help_grow_adoption" : "¡Ayuda a crecer la adopción!\n\nEnviar la información que falta a:\n\ntrbc@bitcoinmap.cash ahora!",
  "dialog_missing_gmaps_title" : "Falta el enlace de Google Maps!",
  "email_text_add_new_place" : "Bienvenido a https://bmap.app!\n\n¡Opcionalmente puedes adjuntar imágenes a este correo electrónico ahora!\n\n¡Envía este correo electrónico para enviar el lugar!\n\n¡Te avisaremos tan pronto como el lugar esté disponible dentro de la aplicación!\n\n¡No modifique el contenido de este correo electrónico!\n\nPara agregar más detalles, envíe otro correo electrónico a trbc@bitcoinmap.cash!\n\nEres Satoshi Nakamoto!\n\n¡Gracias!",
  "send" : " ENVIAR",
  "add_place_name_title" : "¿Cuál es el nombre de ese lugar?",
  "add_place_name_subtitle" : "Usa el mismo nombre que en Google Maps",
  "insert_hint_1" : "Insertar ",
  "insert_hint_2" : " aquí.",
  "bch_adr" : "Dirección de BCH",
  "copy_adr_instructions" : "1: Abra su billetera BCH! 2: Elija recibir para ver el código QR! 3: Seleccione compartir / copiar! 4: ¡Pega la dirección aquí!",
  "receiving_adr" : "¿Cuál es su dirección de recepción de billetera BCH?",
  "dash_adr" : "Dirección de DASH",
  "open_your_dash_wallet" : "1: Abra su billetera DASH! 2: Elija recibir para ver el código QR! 3: Seleccione compartir / copiar! 4: ¡Pega la dirección aquí!",
  "what_is_your_dash" : "¿Cuál es su dirección de recepción de billetera DASH?",
  "hit_the_button_scroll" : "Pulsa el botón, desplaza la lista, elige una etiqueta",
  "choose_four_tags" : "Bien, ahora elija las cuatro palabras que mejor describan sus productos / servicios.",
  "postal_adr" : "¿Cuál es la dirección postal?",
  "street_number" : "Calle + Número, Ciudad, País",
  "address" : "dirección",
  "name" : "nombre",
  "add_title" : "AÑADIR: ",
  "you_can_scroll" : "¡Puedes desplazarte por esta lista!",
  "REVIEW" : "RESEÑA",
  "download_qr_code" : "¿Desea descargar un archivo PDF que contiene códigos QR?",
  "NO" : "NO",
  "YES" : "SÍ",
  "reset_tags_select_again" : "¿Desea restablecer todas las etiquetas para seleccionar de nuevo?",
  "send_email_containing_data" : "¿Desea enviarnos un correo electrónico con los datos y obtener más ayuda?",
  "attract_more_customer" : "Para atraer más clientes, ¡también puede ingresar una dirección BCH!",
  "choose_tag_1" : "ELIJA LA ETIQUETA",
  "choose_tag_2" : "ELIGE OTRA ETIQUETA",
  "choose_tag_3" : "ELIGE TERCERA ETIQUETA",
  "choose_tag_4" : "ELIGE ÚLTIMA ETIQUETA",
  "choose_tag_5" : "RESTABLECER ETIQUETAS",
  "make_donation_text" : "¿Te gustaría apoyar esta aplicación con una donación de BCH o DASH?"
}