{
  "SHARE" : "PARTAGER",
  "RESTART" : "REDÉMARRER",
  "try_another_word" : "Rien na été trouvé! Essayez un autre mot!",
  "select_suggestion" : "Veuillez sélectionner une suggestion!",
  "search_hint" : "Écrivez votre plat préféré!",
  "type_something" : "Tapez quelque chose sur le clavier!",
  "snackbar_showing_unfiltered_list": "Afficher tous les lieux...",
  "snackbar_merchant": "Lieu: ",
  "snackbar_filtered_by_tag": "Filtre de tag: ",
  "snackbar_filtered_by_location": "Filtre demplacement: ",
  "snackbar_you_are_satoshi": "Vous êtes Satoshi Nakamoto!",
  "hit_icon": "Choisissez une icône de couleur avec les résultats.",
  "no_matches": "Aucun résultat dans cette catégorie.",
  "show_all_merchants" : "Réinitialiser le filtre, afficher la liste complète.",
  "dialog_close" : " FERMER",
  "dialog_are_you_hungry" : "Tu as faim?",
  "dialog_search_favo_food" : "Cherchez votre plat préféré:\n\n  \uD83C\uDF54 Hamburger     \uD83C\uDF70 Postre\n\n  \uD83E\uDD57 Ensalada      \uD83D\uDC2E Vegano\n\n  \uD83C\uDDEE\uD83C\uDDF9 Italiano      \uD83C\uDF55 Pizza",
  "floatbutton_add" : "AJOUTER ",
  "EAT" : "RESTAURANT",
  "TOGO" : "À EMPORTER",
  "BAR" : "BAR, CLUB, CAFE",
  "MARKET" : "SUPERMARCHÉ",
  "HOTEL" : "HOTEL n BnB",
  "SPA" : "BIEN-ÊTRE n SPA",
  "SHOP" : "BOUTIQUE n MODE",
  "toast_update_succesfull" : "MISE À JOUR SUCCÈS! REDÉMARREZ LAPP!",
  "close_map" : "FERMER CARTE",
  "toast_instructions_marker" : "ÉPINGLE: Appuyez sur une épingle pour voir plus dinformations sur cet endroit",
  "toast_instructions_location" : "LOCALISATION: Appuyez sur le bouton d’emplacement (en haut à droite) pour zoomer sur votre emplacement actuel.",
  "toast_instructions_close" : "FERMER: appuyez sur le bouton de fermeture (en bas) pour voir la liste complète de tous les endroits dans le monde.",
  "toast_instructions_details" : "DÉTAILS: Appuyez sur la boîte d’informations pour charger les détails de cet endroit.",
  "toast_instructions_route" : "ITINÉRAIRE: Appuyez sur le bouton d’itinéraire (en bas à droite) pour naviguer vers le lieu sélectionné.",
  "toast_instructions_map" : "CARTE: touchez la carte sur n’importe quel espace libre pour fermer la boîte d’informations d’un lieu sélectionné.",
  "VISIT" : "VISITE",
  "toaster_enter_name_atleast_five_characters" : "Sil vous plaît entrer un nom avec au moins 5 caractères!",
  "toaster_minimum_four_tags" : "Sil vous plaît ajouter exactement quatre balises!",
  "toaster_atleast_one_bitcoin_adr" : "Veuillez ajouter au moins une adresse DASH ou BCH!",
  "toaster_full_adr" : "Veuillez entrer ladresse complète: Rue + Numéro, Ville, Pays!",
  "toaster_email_not_configured" : "Client de messagerie non configuré?!",
  "toaster_select_email_client" : "Veuillez sélectionner votre application de messagerie préférée!",
  "send_email" : " ENVOYER UN E-MAIL",
  "dialog_help_grow_adoption" : "Aide à faire grandir ladoption!\n\nEnvoyez les informations manquantes à:\n\ntrbc@bitcoinmap.cash maintenant!",
  "dialog_missing_gmaps_title" : "Lien Google Maps manquant!",
  "email_text_add_new_place" : "Bienvenue sur https://bmap.app!\n\nVous pouvez éventuellement joindre des images à cet email maintenant!\n\nEnvoyez cet e-mail pour soumettre le lieu!\n\nNous vous informerons dès que la place est disponible dans lapplication!\n\nNe modifiez pas le contenu de cet e-mail!\n\nPour ajouter dautres détails, veuillez envoyer un autre courriel à trbc@bitcoinmap.cash!\n\nVous êtes Satoshi Nakamoto!\n\nMerci!",
  "send" : " ENVOYER",
  "add_place_name_title" : "Quel est le nom de cet endroit?",
  "add_place_name_subtitle" : "Utilisez le même nom que dans Google Maps",
  "insert_hint_1" : "Insérer ",
  "insert_hint_2" : " ici.",
  "bch_adr" : "Adresse du BCH",
  "copy_adr_instructions" : "1: Ouvrez votre portefeuille BCH! 2: Choisissez recevoir pour voir le QR-Code! 3: Sélectionnez Partager / Copier! 4: Collez ladresse ici!",
  "receiving_adr" : "Quelle est ladresse de réception de votre portefeuille BCH?",
  "dash_adr" : "Adresse du DASH",
  "open_your_dash_wallet" : "1: Ouvrez votre portefeuille DASH! 2: Choisissez recevoir pour voir le QR-Code! 3: Sélectionnez Partager / Copier! 4: Collez ladresse ici!",
  "what_is_your_dash" : "Quelle est ladresse de réception de votre portefeuille DASH?",
  "hit_the_button_scroll" : "Appuyez sur le bouton, faites défiler la liste, choisissez une étiquette",
  "choose_four_tags" : "OK, choisissez maintenant quatre mots décrivant le mieux vos produits / services.",
  "postal_adr" : "Quelle est ladresse postale?",
  "street_number" : "Rue + Numéro, Ville, Pays",
  "address" : "adresse",
  "name" : "nom",
  "add_title" : "AJOUTER: ",
  "you_can_scroll" : "Vous pouvez faire défiler cette liste!",
  "REVIEW" : "REVUE",
  "download_qr_code" : "Voulez-vous télécharger un fichier PDF contenant des codes QR?",
  "NO" : "NON",
  "YES" : "OUI",
  "reset_tags_select_again" : "Voulez-vous réinitialiser tous les tags pour les sélectionner à nouveau?",
  "send_email_containing_data" : "Voulez-vous nous envoyer un courrier électronique contenant les données et obtenir une assistance supplémentaire?",
  "attract_more_customer" : "Pour attirer plus de clients, vous pouvez également entrer une adresse BCH!",
  "choose_tag_1" : "CHOISISSEZ LÉTIQUETTE",
  "choose_tag_2" : "CHOISISSEZ AUTRE ÉTIQUETTE",
  "choose_tag_3" : "CHOISISSEZ TROISIÈME ÉTIQUETTE",
  "choose_tag_4" : "CHOISISSEZ DERNIÈRE ÉTIQUETTE",
  "choose_tag_5" : "RÉINITIALISER ÉTIQUETTES",
  "make_donation_text" : "Souhaitez-vous soutenir cette application avec un don BCH ou DASH?!"
}