{
  "SHARE" : "BAGIKAN",
  "RESTART" : "KEMBALI",
  "try_another_word" : "Tidak ada yang ditemukan! Coba kata lain!",
  "select_suggestion" : "Silakan pilih saran!",
  "search_hint" : "Tulis makanan favorit Anda!",
  "type_something" : "Ketik sesuatu ke keyboard!",
  "snackbar_showing_unfiltered_list": "Menampilkan semua tempat...",
  "snackbar_merchant": "Tempat: ",
  "snackbar_filtered_by_tag": "Filter Tag: ",
  "snackbar_filtered_by_location": "Filter Lokasi: ",
  "snackbar_you_are_satoshi": "Kamu Satoshi Nakamoto!",
  "hit_icon": "Pilih ikon berwarna dengan hasil.",
  "no_matches": "Tidak ada hasil, dalam kategori ini",
  "show_all_merchants" : "Atur ulang filter, tampilkan daftar lengkap.",
  "dialog_close" : " TUTUP",
  "dialog_are_you_hungry" : "Apakah kamu lapar?",
  "dialog_search_favo_food" : "Cari makanan favorit Anda:\n\n  \uD83C\uDF54 Hamburger     \uD83C\uDF70 Postre\n\n  \uD83E\uDD57 Ensalada      \uD83D\uDC2E Vegano\n\n  \uD83C\uDDEE\uD83C\uDDF9 Italiano      \uD83C\uDF55 Pizza",
  "floatbutton_add" : "MENAMBAHKAN ",
  "EAT" : "RESTORAN",
  "TOGO" : "BAWA PULANG",
  "BAR" : "BAR, CLUB, CAFE",
  "MARKET" : "SUPERMARKET",
  "HOTEL" : "HOTEL n BnB",
  "SPA" : "WELLNESS n SPA",
  "SHOP" : "TOKO n FASHION",
  "toast_update_succesfull" : "SUKSES PEMBARUAN! MULAI KEMBALI APLIKASI!",
  "close_map" : "TUTUP PETA",
  "toast_instructions_marker" : "PIN: Ketuk pin apa pun untuk melihat informasi lebih lanjut tentang tempat itu.",
  "toast_instructions_location" : "LOKASI: Ketuk tombol lokasi (kanan atas) untuk memperbesar ke lokasi Anda saat ini.",
  "toast_instructions_close" : "TUTUP: Ketuk tombol tutup (bawah) untuk melihat daftar lengkap dari semua tempat di seluruh dunia.",
  "toast_instructions_details" : "RINCIAN: Ketuk kotak info untuk memuat detail tempat itu.",
  "toast_instructions_route" : "ROUTE: Ketuk tombol rute (kanan bawah), untuk menavigasi ke tempat yang dipilih.",
  "toast_instructions_map" : "PETA: Ketuk peta di ruang kosong mana saja, untuk menutup kotak info tempat yang dipilih.",
  "VISIT" : "MENGUNJUNGI",
  "toaster_enter_name_atleast_five_characters" : "Silakan masukkan nama minimal 5 karakter!",
  "toaster_minimum_four_tags" : "Harap tambahkan tepat empat tag!",
  "toaster_atleast_one_bitcoin_adr" : "Silakan tambahkan setidaknya DASH atau alamat BCH!",
  "toaster_full_adr" : "Silakan masukkan ALAMAT LENGKAP: Jalan + Nomor, Kota, Negara!",
  "toaster_email_not_configured" : "Klien E-Mail tidak dikonfigurasi ?!",
  "toaster_select_email_client" : "Silakan pilih aplikasi E-Mail favorit Anda!",
  "send_email" : " MENGIRIM EMAIL",
  "dialog_help_grow_adoption" : "Bantu menumbuhkan adopsi!\n\nKirim informasi yang hilang ke:\n\ntrbc@bitcoinmap.cash sekarang!",
  "dialog_missing_gmaps_title" : "Tautan Google Maps tidak ada!",
  "email_text_add_new_place" : "Selamat datang di https://bmap.app!\n\nAnda secara opsional dapat melampirkan Gambar ke email ini sekarang!\n\nKirim E-Mail ini untuk mengirimkan tempat!\n\nKami akan memberi tahu Anda segera setelah tempat itu tersedia di dalam aplikasi!\n\nJangan memodifikasi konten E-Mail ini!\n\nUntuk menambahkan rincian lebih lanjut, silakan kirim E-Mail lain ke trbc@bitcoinmap.cash!\n\nAnda adalah Satoshi Nakamoto!\n\nTerima kasih!",
  "send" : " KIRIM",
  "add_place_name_title" : "Apa nama tempat itu?",
  "add_place_name_subtitle" : "Gunakan nama yang sama seperti di Google Maps",
  "insert_hint_1" : "Memasukkan ",
  "insert_hint_2" : " sini.",
  "bch_adr" : "Alamat BCH",
  "copy_adr_instructions" : "1: Buka dompet BCH Anda! 2: Pilih terima untuk melihat QR-Code! 3: Pilih share / copy! 4: Tempel alamatnya di sini!",
  "receiving_adr" : "Apa alamat penerima dompet BCH Anda?",
  "dash_adr" : "Alamat DASH",
  "open_your_dash_wallet" : "1: Buka dompet DASH Anda! 2: Pilih terima untuk melihat QR-Code! 3: Pilih share / copy! 4: Tempel alamatnya di sini!",
  "what_is_your_dash" : "Apa alamat penerima dompet DASH Anda?",
  "hit_the_button_scroll" : "Tekan tombol, gulir daftar, pilih tag",
  "choose_four_tags" : "OK, sekarang pilih empat kata yang paling menggambarkan produk / layanan Anda.",
  "postal_adr" : "Apa alamat posnya?",
  "street_number" : "Jalan + Nomor, Kota, Negara",
  "address" : "alamat",
  "name" : "nama",
  "add_title" : "MENAMBAHKAN: ",
  "you_can_scroll" : "Anda dapat menggulir daftar ini!",
  "REVIEW" : "ULASAN",
  "download_qr_code" : "Apakah Anda ingin mengunduh file PDF yang berisi QR-Codes?",
  "NO" : "TIDAK",
  "YES" : "IYA NIH",
  "reset_tags_select_again" : "Apakah Anda ingin mengatur ulang semua tag untuk memilih lagi?",
  "send_email_containing_data" : "Apakah Anda ingin mengirimi kami E-Mail yang berisi data dan mendapatkan bantuan lebih lanjut?",
  "attract_more_customer" : "Untuk menarik lebih banyak pelanggan, Anda juga dapat memasukkan alamat BCH!",
  "choose_tag_1" : "TAP DI SINI, PILIH TAG",
  "choose_tag_2" : "PILIH TAG LAIN",
  "choose_tag_3" : "PILIH TAG KETIGA",
  "choose_tag_4" : "PILIH TAG TERAKHIR",
  "choose_tag_5" : "RESET TAGS",
  "make_donation_text" : "Apakah Anda ingin mendukung aplikasi ini dengan sumbangan BCH atau DASH ?!"
}