{
  "SHARE" : "CONDIVIDERE",
  "RESTART" : "RICOMINCIA",
  "try_another_word" : "Non abbiamo trovato nulla! Prova unaltra parola!",
  "select_suggestion" : "Seleziona un suggerimento!",
  "search_hint" : "Scrivi il tuo cibo preferito!",
  "type_something" : "Digita qualcosa sulla tastiera!",
  "snackbar_showing_unfiltered_list": "Mostrare tutti i posti...",
  "snackbar_merchant": "Posto: ",
  "snackbar_filtered_by_tag": "Filtro Tag: ",
  "snackbar_filtered_by_location": "Filtro di posizione: ",
  "snackbar_you_are_satoshi": "Tu sei Satoshi Nakamoto!",
  "hit_icon": "Scegli unicona colorata con i risultati.",
  "no_matches": "Nessun risultato, in questa categoria",
  "show_all_merchants" : "Ripristina filtro, mostra lelenco completo.",
  "dialog_close" : " CHIUDI",
  "dialog_are_you_hungry" : "Hai fame?",
  "dialog_search_favo_food" : "Cerca il tuo cibo preferito:\n\n   \uD83C\uDF54 Burger \uD83C\uDF70 Dessert\n\n   \uD83E\uDD57 Insalata \uD83D\uDC2E Vegano\n\n   \uD83C\uDDEE\uD83C\uDDF9 Italiano \uD83C\uDF55 Pizza",
  "floatbutton_add" : "AGGIUNGERE ",
  "EAT" : "RISTORANTE",
  "TOGO" : "DA ASPORTO",
  "BAR" : "BAR, CLUB, CAFE",
  "MARKET" : "SUPERMERCATO",
  "HOTEL" : "HOTEL e BnB",
  "SPA" : "BENESSERE E SPA",
  "SHOP" : "NEGOZIO E MODA",
  "toast_update_succesfull" : "AGGIORNAMENTO RIUSCITO! RESTART APP!",
  "close_map" : "CHIUDI MAPPA",
  "toast_instructions_marker" : "PIN: Tocca un pin per visualizzare ulteriori informazioni su quel luogo.",
  "toast_instructions_location" : "POSIZIONE: Tocca il pulsante posizione (in alto a destra) per ingrandire la posizione corrente.",
  "toast_instructions_close" : "CHIUDI: tocca il pulsante Chiudi (in basso) per vedere lelenco completo di tutti i luoghi in tutto il mondo.",
  "toast_instructions_details" : "DETTAGLI: tocca la casella delle informazioni per caricare i dettagli di quel luogo.",
  "toast_instructions_route" : "ROTTA: tocca il pulsante del percorso (in basso a destra), per navigare nel luogo selezionato.",
  "toast_instructions_map" : "MAPPA: tocca la mappa in qualsiasi spazio libero per chiudere la finestra delle informazioni di un luogo selezionato.",
  "VISIT" : "VISITA",
  "toaster_enter_name_atleast_five_characters" : "Per favore inserisci un nome con almeno 5 caratteri!",
  "toaster_minimum_four_tags" : "Per favore aggiungi esattamente quattro tag!",
  "toaster_atleast_one_bitcoin_adr" : "Si prega di aggiungere almeno un DASH o un indirizzo BCH!",
  "toaster_full_adr" : "Per favore inserisci lINDIRIZZO COMPLETO: Via + Numero, Città, Paese!",
  "toaster_email_not_configured" : "Lapp di posta elettronica non è configurata ?!",
  "toaster_select_email_client" : "Si prega di selezionare la vostra app di posta elettronica preferita!",
  "send_email" : " INVIA EMAIL",
  "dialog_help_grow_adoption" : "Aiuta a crescere ladozione!\n\nInvia le informazioni mancanti a:\n\ntrbc@bitcoinmap.cash ora!",
  "dialog_missing_gmaps_title" : "Link di Google Maps mancanti!",
  "email_text_add_new_place" : "Benvenuto in https://bmap.app!\n\nPuoi opzionalmente allegare immagini a questa email adesso!\n\nInvia questa e-mail per inviare il posto!\n\nTi informeremo non appena il posto sarà disponibile allinterno dellapp!\n\nNon modificare il contenuto di questo messaggio di posta elettronica!\n\nPer aggiungere ulteriori dettagli si prega di inviare un altro E-Mail a trbc@bitcoinmap.cash!\n\nSei Satoshi Nakamoto!\n\nGrazie!",
  "send" : " INVIARE",
  "add_place_name_title" : "Qual è il nome di quel posto?",
  "add_place_name_subtitle" : "Usa lo stesso nome di in Google Maps",
  "insert_hint_1" : "Inserire ",
  "insert_hint_2" : " qui.",
  "bch_adr" : "Indirizzo BCH",
  "copy_adr_instructions" : "1: Apri il tuo portafoglio DASH! 2: Scegli ricevi per vedere il QR-Code! 3: seleziona condividi / copia! 4: incolla lindirizzo qui!",
  "receiving_adr" : "Qual è lindirizzo di ricezione del tuo portafoglio BCH?",
  "dash_adr" : "Indirizzo DASH",
  "open_your_dash_wallet" : "1: Apri il tuo portafoglio DASH! 2: Scegli ricevi per vedere il QR-Code! 3: seleziona condividi / copia! 4: incolla lindirizzo qui!",
  "what_is_your_dash" : "Qual è lindirizzo di ricezione del tuo portafoglio DASH?",
  "hit_the_button_scroll" : "Premi il pulsante, scorri lelenco, scegli un tag.",
  "choose_four_tags" : "OK, ora scegli quattro parole che descrivono al meglio i tuoi prodotti / servizi.",
  "postal_adr" : "Qual è lindirizzo postale?",
  "street_number" : "Via + Numero, Città, Paese",
  "address" : "indirizzo",
  "name" : "nome",
  "add_title" : "AGGIUNGERE: ",
  "you_can_scroll" : "Puoi scorrere questa lista!",
  "REVIEW" : "RECENSIONE",
  "download_qr_code" : "Vuoi scaricare un file PDF contenente codici QR?",
  "NO" : "NO",
  "YES" : "SÌ",
  "reset_tags_select_again" : "Vuoi reimpostare tutti i tag per selezionarli di nuovo?",
  "send_email_containing_data" : "Vuoi inviarci una e-mail contenente i dati e ricevere ulteriore assistenza?",
  "attract_more_customer" : "Per attirare più clienti, puoi inserire anche un indirizzo BCH!",
  "choose_tag_1" : "TOCCA QUI, SCEGLI TAG",
  "choose_tag_2" : "SCEGLI ALTRO TAG",
  "choose_tag_3" : "SCEGLI TERZO TAG",
  "choose_tag_4" : "SCEGLI LULTIMO TAG",
  "choose_tag_5" : "RESETTA TAGS",
  "make_donation_text" : "Vorresti sostenere questa app con una donazione BCH o DASH ?!"
}