{
  "SHARE" : "シェア",
  "RESTART" : "再起動",
  "try_another_word" : "何も見つかりません！ 別の言葉を試してみてください！",
  "select_suggestion" : "提案を選択してください！",
  "search_hint" : "あなたの好きな食べ物を書いてください！",
  "type_something" : "キーボードに何かを入力してください！",
  "snackbar_showing_unfiltered_list": "すべての場所を表示...",
  "snackbar_merchant": "場所: ",
  "snackbar_filtered_by_tag": "タグフィルタ: ",
  "snackbar_filtered_by_location": "場所フィルタ: ",
  "snackbar_you_are_satoshi": "あなたは Satoshi Nakamoto!",
  "hit_icon": "結果の色付きのアイコンを選択してください。",
  "no_matches": "このカテゴリには結果がありません",
  "show_all_merchants" : "フィルタをリセットし、完全なリストを表示します。",
  "dialog_close" : " 閉じる",
  "dialog_are_you_hungry" : "お腹Hあすきましたか？",
  "dialog_search_favo_food" : "好きな食べ物を探す：\n\n  \uD83C\uDF54 バーガー     \uD83C\uDF70 デザート\n\n  \uD83E\uDD57 サラダ      \uD83D\uDC2E ビーガン\n\n  \uD83C\uDDEE\uD83C\uDDF9 イタリアの      \uD83C\uDF55 ピザ",
  "floatbutton_add" : "追加 ",
  "EAT" : "レストラン",
  "TOGO" : "テイクアウェイフード",
  "BAR" : "バー、クラブ、カフェ",
  "MARKET" : "スーパーマーケット",
  "HOTEL" : "ホテル n ホステル",
  "SPA" : "ウェルネス＆スパ",
  "SHOP" : "ショップ＆ファッション",
  "toast_update_succesfull" : "アップデート成功！ 再起動アプリ！",
  "close_map" : "閉じる地図",
  "toast_instructions_marker" : "PIN：その場所の詳細情報を見るには、任意のピンをタップします。",
  "toast_instructions_location" : "場所：現在地にズームするには、場所ボタン（右上）をタップします。",
  "toast_instructions_close" : "閉じる：閉じるボタン（下部）をタップすると、世界中のすべての場所の完全なリストが表示されます。",
  "toast_instructions_details" : "詳細：情報ボックスをタップしてその場所の詳細をロードします。",
  "toast_instructions_route" : "ルート：ルートボタン（右下）をタップして、選択した場所に移動します。",
  "toast_instructions_map" : "MAP：任意の場所で地図をタップして、選択した場所の情報ボックスを閉じます。",
  "VISIT" : "訪問",
  "toaster_enter_name_atleast_five_characters" : "5文字以上の名前を入力してください。",
  "toaster_minimum_four_tags" : "正確に4つのタグを追加してください。",
  "toaster_atleast_one_bitcoin_adr" : "少なくともDASHまたはBCHアドレスを追加してください。",
  "toaster_full_adr" : "完全な住所を入力してください：ストリート+番号、都市、国！",
  "toaster_email_not_configured" : "メールアプリが設定されていませんか。",
  "toaster_select_email_client" : "お気に入りのEメールアプリを選択してください。",
  "send_email" : " メールを送る",
  "dialog_help_grow_adoption" : "養子縁組を広げるのに役立ちます！\n\n不足している情報をに送信してください。\n\n今trbc@bitcoinmap.cash！",
  "dialog_missing_gmaps_title" : "Googleマップのリンクが見つかりません。",
  "email_text_add_new_place" : "https://bmap.appへようこそ。\n\n今すぐこのメールに画像を添付することもできます。\n\nこのEメールを送信して場所を送信してください。\n\n場所がアプリ内で利用可能になるとすぐに私たちはあなたに通知します！\n\nこのメールの内容を変更しないでください。\n\nさらに詳細を追加するには、trbc @ bitcoinmap.cashに別のEメールを送ってください。\n\nあなたは中本智です！\n\nありがとうございます。",
  "send" : " 送信する",
  "add_place_name_title" : "その場所の名前は何ですか？",
  "add_place_name_subtitle" : "Googleマップと同じ名前を使用してください",
  "insert_hint_1" : "インサート ",
  "insert_hint_2" : " ここに.",
  "bch_adr" : "BCH 住所",
  "copy_adr_instructions" : "1：あなたのBCH財布を開きましょう！ 2：QRコードを見るために受信を選択してください！ 3：共有-コピーを選択 4：住所をここに貼り付けてください。",
  "receiving_adr" : "住所を受け取るあなたのBCHウォレットは何ですか？",
  "dash_adr" : "DASH 住所",
  "open_your_dash_wallet" : "1：あなたのDASH財布を開きましょう！ 2：QRコードを見るために受信を選択してください！ 3：共有-コピーを選択 4：住所をここに貼り付けてください。",
  "what_is_your_dash" : "住所を受け取るあなたのDASHウォレットは何ですか？",
  "hit_the_button_scroll" : "ボタンを押す、リストをスクロールする、タグを選ぶ",
  "choose_four_tags" : "さて、今あなたの製品-サービスを最もよく表す4つの単語を選んでください。",
  "postal_adr" : "住所は何ですか？",
  "street_number" : "ストリート+番号、都市、国",
  "address" : "住所",
  "name" : "名",
  "add_title" : "追加: ",
  "you_can_scroll" : "このリストをスクロールすることができます。",
  "REVIEW" : "被告人",
  "download_qr_code" : "QRコードを含むPDFファイルをダウンロードしますか？",
  "NO" : "いいえ",
  "YES" : "はい",
  "reset_tags_select_again" : "もう一度選択するためにすべてのタグをリセットしますか？",
  "send_email_containing_data" : "あなたは私達にデータを含むEメールを送って、さらに援助を得たいですか？",
  "attract_more_customer" : "より多くの顧客を引き付けるために、あなたもBCHアドレスを入力することができます！",
  "choose_tag_1" : "ここでタップ、選択タグ",
  "choose_tag_2" : "他のタグを選択",
  "choose_tag_3" : "3番目のタグを選択",
  "choose_tag_4" : "最後のタグを選択",
  "choose_tag_5" : "リセットタグ",
  "make_donation_text" : "あなたはBCHまたはDASHの寄付でこのアプリをサポートしますか？"
}