[{"p":"buddhabar","x":"10.4806044","y":"-66.8553371","n":"Rest. Buddha Bar Caracas","t":"0","c":"370","s":"4.5","d":"0","a":"67,109,56,138","l":"212 Calle Orinoco, Caracas 1060, Miranda, Venezuela"}
,{"p":"wowfles","x":"10.5193129","y":"-66.9381218","n":"WOWFLES Venezuela","t":"0","c":"9","s":"3.7","d":"0","a":"59,104,104,104","l":"Calle Ruperto Lugo 1A, Caracas 1030, Capital District, Venezuela"}
,{"p":"paradisesushi","x":"10.481771","y":"-66.938941","n":"Paradise Sushi Lounge","t":"0","c":"83","s":"4.5","d":"0","a":"100,94,55,67","l":"1020 Av Paez, El Paraiso, Frente a la plaza Washington, Caracas 1020, Distrito Capital, Venezuela"}
,{"p":"sweetfamily","x":"10.4916371","y":"-66.8770576","n":"Sweet Family","t":"2","c":"0","s":"0.0","d":"0","a":"59,133,29,9","l":"Torre Citibank, Av. Casanova, Caracas 1050, Distrito Capital, Venezuela"}
,{"p":"gourmetplanet","x":"10.4974526","y":"-66.8229002","n":"GourmetPlanet - C.C. Boleita Center","t":"0","c":"9","s":"4.8","d":"0","a":"15,8,55,138","l":"Caracas 1071, Miranda, Venezuela"}
,{"p":"amarelocoffeeandtea","x":"10.4688787","y":"-64.1770069","n":"Amarelo Coffee-Tea - CC hipergalerias","t":"2","c":"36","s":"4.8","d":"0","a":"59,29,136,8","l":"CC hipergalerias, Avenida Humboldt, Cumaná 6101, Sucre, Venezuela"}
,{"p":"yakitoribar","x":"10.5050811","y":"-66.8435991","n":"Yakitori Bar","t":"2","c":"36","s":"4.0","d":"0","a":"135,67,94,96","l":"Avenida Transversal 6, Caracas 1060, Distrito Capitalliquid, Venezuela"}
,{"p":"yakitorivallearriba","x":"10.4672929","y":"-66.8663033","n":"Yakitori Valle Arriba","t":"0","c":"29","s":"4.4","d":"0","a":"15,69,56,100","l":"Caracas 1080, Miranda, Venezuela"}
,{"p":"niunadietamas","x":"10.4862815","y":"-66.8209482","n":"Ni Una Dieta Más - Dulces sin azucar","t":"1","c":"0","s":"0.0","d":"0","a":"59,104,104,104","l":"Caracas 1071, Miranda, Venezuela"}
,{"p":"cafemicosa","x":"10.4941485","y":"-66.8779468","n":"Coffee My Thing - Café Mi Cosa - C.C. City Market","t":"2","c":"6","s":"4.8","d":"0","a":"29,109,95,133","l":"Caracas 1050, Capital District, Venezuela"}
,{"p":"losgolfeadosdesamuel","x":"10.4895514","y":"-66.855454","n":"Los Golfeados de Samuel","t":"2","c":"6","s":"4.8","d":"0","a":"59,133,146,109","l":"Merpoeste. Piso 2 Local 105 Nivel Los Andes, Pasillo Manatí, Calle Chico Carrasquel, Caracas 1060, Miranda, Venezuela"}
,{"p":"elcafedebetto","x":"10.4652125","y":"-66.5709378","n":"El Café De Betto - C.C. Oasis Center","t":"2","c":"11","s":"3.9","d":"0","a":"59,29,8,109","l":"Centro Comercial Oasis Center, Guatire 1221, Miranda, Venezuela"}
,{"p":"mazalgourmetmiranda","x":"10.4399388","y":"-66.8360942","n":"Mazal Gourmet - Galerias Los Naranjos","t":"0","c":"0","s":"0.0","d":"0","a":"59,133,16,8","l":"Caracas 1083, Miranda, Venezuela"}
,{"p":"shulios","x":"11.7074558","y":"-70.1990151","n":"Shuilios Pizzas","t":"0","c":"19","s":"4.6","d":"0","a":"59,104,104,104","l":"4102, Punto Fijo 4122, Falcón, Venezuela"}
,{"p":"massimogourmet","x":"10.4887749","y":"-66.8789141","n":"Massimo Gourmet","t":"0","c":"8","s":"4.0","d":"0","a":"59,104,104,104","l":"Caracas 1080, Miranda, Venezuela"}
,{"p":"mazalgourmetcolinas","x":"10.4668534","y":"-66.8661055","n":"Mazal Gourmet - C. C. Colinas de Valle","t":"0","c":"1","s":"4.0","d":"0","a":"59,133,16,8","l":"Centro Comercial Colinas de Valle Arriba, Caracas 1.080, Caracas 1080, Distrito Capital, Venezuela"}
,{"p":"cafelemans","x":"10.5057958","y":"-66.8999469","n":"Cafe Le Mans","t":"2","c":"12","s":"4.7","d":"0","a":"29,12,11,9","l":"Avenida Vollmer, Caracas, Capital District, Venezuela"}
,{"p":"recargabotellon","x":"10.508430","y":"-66.908923","n":"Recarga Tu Botellon - Agua Fresca De La Montana","t":"1","c":"0","s":"0.0","d":"0","a":"59,60,61,104","l":"Caracas, Venezuela"}
,{"p":"gold2020","x":"10.507029","y":"-66.9087953","n":"Distribuidora GOLD 2020 alimentos frutas supermercado","t":"3","c":"1","s":"5.0","d":"0","a":"19,5,50,65","l":"Avenida Fuerzas Armadas, Caracas 1010, Distrito Capital, Venezuela"}
,{"p":"crowndonuts","x":"10.4961772","y":"-66.8542148","n":"Crown Donuts","t":"1","c":"10","s":"4.9","d":"0","a":"59,146,109,139","l":"Mercado Municipal de Chacao, Calle Cecilio Acosta, Pueblo de Chacao Diagonal a la entrada del estacionamiento del, Caracas 1060, Miranda, Venezuela"}
,{"p":"nonnabella","x":"10.4912958","y":"-66.8691137","n":"Nonna Bella Sabana Grande","t":"0","c":"341","s":"4.2","d":"0","a":"102,14,100,16","l":"Bulevar de Sabana Grande, Caracas 1060, Distrito Capital, Venezuela"}
,{"p":"churchchickenccamericas","x":"10.4589722","y":"66.8292446","n":"Texas Chicken","t":"0","c":"30","s":"3.5","d":"0","a":"59,71,101,143","l":"Caracas 1061, Distrito Capital, Venezuela"}
,{"p":"araxiburger","x":"10.484667","y":"-66.862312","n":"Araxi Burger Grill n Gourmet","t":"0","c":"645","s":"4.4","d":"0","a":"7,111,99,133","l":"Calle Madrid, Caracas 1080, Distrito Capital, Venezuela"}
,{"p":"doncarlos","x":"10.4949858","y":"-66.8784462","n":"Restaurant Don Carlos - C.C. Sabana Grande - sótano 43","t":"0","c":"0","s":"0.0","d":"0","a":"59,111,56,138","l":"Calle Villaflor, Caracas 1050, Distrito Capital, Venezuela"}
,{"p":"lapaleteriaartesanal","x":"10.495231","y":"-66.832742","n":"La Paletería Artesanal - C.C. Millennium","t":"1","c":"0","s":"0.0","d":"0","a":"59,109,18,8","l":"Los Dos Caminos, Caracas 1070, Miranda, Venezuela"}
,{"p":"yayustexmexgrillmangos","x":"10.4332904","y":"-66.8837051","n":"Yayus Tex Mex Grill - C.C. Manzanares Plaza","t":"0","c":"30","s":"4.1","d":"0","a":"59,8,106,138","l":"Calle Los Mangos, Caracas 1083, Miranda, Venezuela"}
,{"p":"chipacookie","x":"10.4338744","y":"-66.8836492","n":"Chip-a-cookie - C.C. Manzanares Plaza","t":"2","c":"0","s":"0.0","d":"0","a":"59,29,12,8","l":"Calle Los Mangos, Caracas 1080, Miranda, Venezuela"}
,{"p":"sociedaddelcafe","x":"10.4981441","y":"-66.8430445","n":"Cafetería Sociedad del Café","t":"2","c":"172","s":"4.7","d":"0","a":"8,7,16,101","l":"Avenida Francisco de Miranda, Caracas 1060, Miranda, Venezuela"}
,{"p":"bonappetit","x":"10.494118","y":"-66.8780864","n":"Bon Appetit - C.C. City Market nivel Feria","t":"2","c":"1","s":"2.0","d":"0","a":"59,104,104,104","l":"Calle Unión, Bulevar de Sabana Grande, Caracas 1050, Distrito Capital, Venezuela"}
,{"p":"planetsandwich","x":"10.4974977","y":"-66.8229553","n":"Planet Sandwich","t":"0","c":"0","s":"0.0","d":"0","a":"59,15,16,115","l":"Final Calle Imboca, Caracas, Miranda, 1071, Venezuela"}
,{"p":"hachebistro","x":"10.5031157","y":"-66.8312804","n":"Hache Bistro","t":"0","c":"76","s":"4.3","d":"0","a":"59,15,143,115","l":"Dentro de Centro Cultural Los Galpones, Transversal 8, Avenida Sucre, Caracas 1071, Miranda, Venezuela"}
,{"p":"churchchickenlacascada","x":"10.3551461","y":"-67.0024613","n":"Churchs Chicken","t":"0","c":"11","s":"3.5","d":"0","a":"71,143,16,101","l":"Centro Comercial Ciudad La Cascada, Nivel Feria, Local Local: N2-13, Carretera Panamericana, Municipio Carrizal, Miranda, Venezuela"}
,{"p":"fortalezayvida","x":"10.5037123","y":"-66.9529092","n":"Cafetin fortaleza y vida - C.C. Propatria","t":"2","c":"0","s":"0.0","d":"0","a":"59,29,9,8","l":"Caracas 1030, Distrito Capital, Venezuela"}
,{"p":"comoncasa","x":"10.5042652","y":"-66.911813","n":"COMO n CASA - C.C. El Gallo De Oro","t":"0","c":"0","s":"0.0","d":"0","a":"59,104,104,104","l":"Caracas 1012, Distrito Capital, Venezuela"}
,{"p":"planetsandwich","x":"10.4974977","y":"-66.8229553","n":"Planet Sandwich - C.C. Boleíta Center","t":"0","c":"0","s":"0.0","d":"0","a":"59,15,16,115","l":"Caracas 1071, Miranda, Venezuela"}
,{"p":"mediterraneogourmet","x":"10.4972026","y":"-66.8514195","n":"Mediterráneo Gourmet","t":"0","c":"3","s":"5.0","d":"0","a":"59,8,109,133","l":"Avenida Eugenio Mendoza, Caracas 1060, Distrito Capital"}
,{"p":"practipizza","x":"10.372183","y":"-66.9697335","n":"Practipizza","t":"0","c":"3","s":"3.7","d":"0","a":"59,14,16,8","l":"San Antonio de Los Altos 1204, Miranda"}
,{"p":"epiko","x":"10.4968887","y":"-66.8229248","n":"Épiko","t":"2","c":"90","s":"4.3","d":"0","a":"59,8,16,29","l":"Calle Sanatorio del Ávila. Centro Empresarial Ciudad Center., Torre F. Local L-1F PLanta Baja, Caracas 1071, Miranda, Venezuela"}
,{"p":"nortedelsur","x":"10.4235424","y":"-66.8277652","n":"Norte del Sur Brewhouse","t":"2","c":"40","s":"4.5","d":"0","a":"106,8,32,7","l":"Calle Comercio, Caracas 1083, Miranda, Venezuela"}
,{"p":"granpremier","x":"10.4754685","y":"-66.1001766","n":"Panadería Gran Premier","t":"1","c":"28","s":"4.5","d":"0","a":"59,116,117,8","l":"Urb, Higuerote 1231, Miranda, Venezuela"}
,{"p":"romanina","x":"10.4970397","y":"-66.8529426","n":"Pizzería Romanina","t":"0","c":"956","s":"4.3","d":"0","a":"59,14,16,8","l":"Avenida Ávila, Caracas 1060, Miranda, Venezuela"}
,{"p":"melomanos1","x":"8.6234558","y":"-71.1001658","n":"Restaurant Melomanos COMIDA LENTA","t":"0","c":"12","s":"4.7","d":"0","a":"135,138,55,111","l":"5116, Mérida, Venezuela"}
,{"p":"melomanos2","x":"8.6323221","y":"-71.067605","n":"Restaurat Melomanos Comida Lenta","t":"0","c":"2","s":"5.0","d":"0","a":"111,55,135,138","l":"Tabay 5116, Mérida, Venezuela"}
,{"p":"shajuanma","x":"10.471015","y":"-66.5947983","n":"Sha Juanma","t":"0","c":"154","s":"4.4","d":"0","a":"7,99,129,55","l":"Av Las Aves, Guarenas 1220, Miranda, Venezuela"}
,{"p":"viejopuente","x":"10.4998042","y":"-66.897662","n":"Rest. Viejo Puente","t":"0","c":"5","s":"5.0","d":"0","a":"6,15,16,8","l":"Eje de buen vivir, Centro Cultural Bellas Artes, Caracas 1011, Capital District, Venezuela"}
,{"p":"rajatabla","x":"10.4996035","y":"-66.8979084","n":"Café Rajatabla","t":"2","c":"2","s":"4.0","d":"0","a":"29,33,36,41","l":"Eje de buen vivir, Centro Cultural Bellas Artes, Caracas 1011, Capital District, Venezuela"}
,{"p":"naturagourmet","x":"10.500291","y":"-66.8979136","n":"Natura Gourmet Cafetería","t":"2","c":"4","s":"4.8","d":"0","a":"12,16,9,29","l":"Eje de buen vivir, Centro Cultural Bellas Artes, Caracas 1011, Capital District, Venezuela"}
,{"p":"baccocafemuseo","x":"10.499795","y":"-66.8976044","n":"Bacco Café Museo","t":"2","c":"8","s":"4.9","d":"0","a":"29,16,8,139","l":"Eje de buen vivir, Centro Cultural Bellas Artes, Caracas 1011, Capital District, Venezuela"}
,{"p":"candyshopcrunchy","x":"10.5034","y":"-66.9007015","n":"CANDY SHOP CRUNCHY - C.C. Parque Caracas","t":"4","c":"8","s":"4.5","d":"0","a":"59,142,109,92","l":"AV ESTE 0 CON SUR 21, NIVEL PLANTA BAJA LOCAL 61 A 2 ALADO DE BURGER KING, 1010, Distrito Capital, Venezuela"}
,{"p":"dfrutatucafe","x":"10.5033","y":"-66.9007015","n":"D FRUTA TU CAFE - C.C. Parque Caracas","t":"2","c":"2","s":"5.0","d":"0","a":"33,146,117,9","l":"AV ESTE 0 CON SUR 21, NIVEL PLATA BAJA LOCAL 24 FERIA DEL CENTRO COMERCIA ENTRADA POR BURGER KING, Caracas 1010, Distrito Capital, Venezuela"}
,{"p":"papeleriaaraguaney","x":"10.5032","y":"-66.9007967","n":"PAPELERIA ARAGUANEY - C.C. Parque Caracas","t":"4","c":"1","s":"5.0","d":"0","a":"59,61,104,104","l":"AV ESTE 0 CON SUR 21, NIVEL PLATA BAJA LOCAL 57 ALADO DE BURGER KING, Caracas 1010, Distrito Capital, Venezuela"}
,{"p":"lacofuteria","x":"10.4493961","y":"-66.8808935","n":"La Cotuferia","t":"1","c":"4","s":"4.3","d":"0","a":"59,104,104,104","l":"Galerias Prados Del Este, Caracas 1080, Miranda, Venezuela"}
,{"p":"ferradiniccct","x":"10.4850004","y":"-66.8552104","n":"Ferradini C.C.C.T","t":"4","c":"1","s":"5.0","d":"0","a":"53,65,54,107","l":"Caracas 1064, Capital District, Venezuela"}
,{"p":"trakielrecreo1","x":"10.4926647","y":"-66.8774","n":"Traki - Clothing","t":"4","c":"1047","s":"3.8","d":"0","a":"53,65,54,107","l":"Avenida Casanova, Centro Comercial El Recreo, Caracas 1050, Venezuela"}
,{"p":"trakielrecreo2","x":"10.4926647","y":"-66.8775","n":"Traki - Supermarket","t":"3","c":"1047","s":"3.8","d":"0","a":"53,65,54,107","l":"Avenida Casanova, Centro Comercial El Recreo, Caracas 1050, Venezuela"}
,{"p":"lanegra","x":"10.4894038","y":"-66.9172629","n":"La Negra Repostería Artesanal","t":"3","c":"5","s":"4.4","d":"0","a":"59,104,104,104","l":"Av. Guzman Blanco, Caracas 1020, Capital District, Venezuela"}
,{"p":"naturalitico","x":"10.3749922","y":"-66.9601768","n":"Naturalitico","t":"1","c":"14","s":"4.5","d":"0","a":"59,139,18,17","l":"Av. Francisco Salias, Complejo Cultural y Deportivo, San Antonio de Los Altos 1204, Miranda, Venezuela"}
,{"p":"fajitasexpressca","x":"10.0600684","y":"-69.346178","n":"Fajitas Express c.a.","t":"0","c":"74","s":"4.7","d":"0","a":"7,16,130,143","l":"Carrera 15, Barquisimeto 3001, Lara, Venezuela"}
,{"p":"laborguesa","x":"10.4740323","y":"-66.564027","n":"La Borguesa, Gourmet Burguer n Grill","t":"0","c":"56","s":"4.2","d":"0","a":"14,16,99,15","l":"Calle principal, C.C. Villa Ávila, nivel PS, Local 16, Urbanización, Guatire 1221, Miranda, Venezuela"}
,{"p":"avilaburger","x":"10.5051236","y":"-66.8432283","n":"Avila Burger Los Palos Grandes","t":"0","c":"776","s":"4.5","d":"0","a":"7,101,56,71","l":"Av. Transversal 6, Caracas 1060, Miranda, Venezuela"}
,{"p":"accademia","x":"10.5014651","y":"-66.8491358","n":"Accademia del Caffé Carbone Espresso","t":"4","c":"86","s":"4.8","d":"0","a":"59,29,53,8","l":"Altamira, Avenida 6, Entre Transversal 5 y 3, Caracas 1060, Miranda, Venezuela"}
,{"p":"donmanuelgrill","x":"10.5958674","y":"-66.9519972","n":"Don Manuel Grill","t":"0","c":"238","s":"4.6","d":"0","a":"7,99,71,101","l":"Calle Los Baños, Maiquetía 1161, Vargas, Venezuela"}
,{"p":"casavrinda1","x":"10.5089","y":"-66.9135","n":"Casa Vrinda - Vrinda Veg","t":"0","c":"201","s":"4.5","d":"0","a":"4,25,6,26","l":"Calle Real de Carballo, Caracas 1010, Distrito Capital, Venezuela"}
,{"p":"casavrinda2","x":"10.5091","y":"-66.9135","n":"Casa Vrinda - Vrinda Yoga","t":"999","c":"201","s":"4.5","d":"0","a":"59,25,6,26","l":"Calle Real de Carballo, Caracas 1010, Distrito Capital, Venezuela"}
,{"p":"casavrinda3","x":"10.5090","y":"-66.9135","n":"Casa Vrinda - Vrinda Shop","t":"4","c":"201","s":"4.5","d":"0","a":"4,25,6,8","l":"Calle Real de Carballo, Caracas 1010, Distrito Capital, Venezuela"}
,{"p":"foodandtools","x":"10.5109173","y":"-66.9131716","n":"Food n Tools","t":"3","c":"1","s":"5.0","d":"0","a":"59,104,104,104","l":"Av. Norte cruze Av. Oeste 7, Caracas 1010, Capital District, Venezuela"}
,{"p":"fruteriadistribuidor","x":"10.5105362","y":"-66.9132829","n":"Fruteria y Distribuidor","t":"3","c":"1","s":"5.0","d":"0","a":"59,17,53,65","l":"Escondido en la esquina, Av. Norte, Caracas 1010, Capital District, Venezuela"}
,{"p":"kibbehouse","x":"10.5041904","y":"-66.9119337","n":"Kibbe House - Shawarma y Falafel","t":"1","c":"1","s":"4.0","d":"0","a":"59,104,104,104","l":"Avenida Sur 3, Caracas 1012, Distrito Capital, Venezuela"}
,{"p":"cocofresh","x":"10.504158","y":"-66.9119592","n":"CocoFresh Cocadas","t":"1","c":"1","s":"5.0","d":"0","a":"59,104,104,104","l":"Avenida Sur 3, Caracas 1012, Distrito Capital, Venezuela"}
,{"p":"cocofactorypanteon","x":"10.5082899","y":"-66.9135129","n":"Coco Factory - Panteon","t":"1","c":"1","s":"5.0","d":"0","a":"59,104,104,104","l":"Boulevard Panteón, Caracas 1010, Distrito Capital, Venezuela"}
,{"p":"cambururdaneta","x":"10.507692","y":"-66.9133003","n":"Puesto de Cambur Urdaneta","t":"1","c":"1","s":"5.0","d":"0","a":"59,104,104,104","l":"En Frente Edificio Caruao, Av. Urdaneta, Caracas 1010, Distrito Capital, Venezuela"}
,{"p":"burgercenter","x":"10.5045184","y":"-66.9171379","n":"Burger Center","t":"0","c":"8","s":"4.4","d":"0","a":"7,139,99,16","l":"Centro Comercial Metrocenter Nivel Amarillo Local PA-07, Caracas 1012, Distrito Capital, Venezuela"}
,{"p":"fruteriayestacionamiento","x":"10.5096013","y":"-66.9177186","n":"Fruteria y Estacionamiento Cerca De OPPPE","t":"3","c":"5","s":"4.0","d":"0","a":"59,104,104,104","l":"Avenida Oeste 3, Caracas 1010, Distrito Capital, Venezuela"}
,{"p":"barpoolpineda","x":"10.509602","y":"-66.9181115","n":"Bar Pool Pineda","t":"2","c":"8","s":"3.5","d":"0","a":"59,104,104,104","l":"Avenida Oeste 3, Caracas 1010, Distrito Capital, Venezuela"}
,{"p":"farmarketlido","x":"10.4911492","y":"-66.8625516","n":"Farmarket C.C. Lido","t":"3","c":"1","s":"1.0","d":"0","a":"59,104,104,104","l":"Avenida Francisco de Miranda, Caracas 1060, Distrito Capital, Venezuela"}
,{"p":"farmarketsantapaula","x":"10.4607355","y":"-66.8335639","n":"Farmarket C.C. Santa Paula","t":"3","c":"1","s":"1.0","d":"0","a":"59,104,104,104","l":"Calle Acuario, Caracas 1061, Distrito Capital, Venezuela"}
,{"p":"farmarkettamanaco","x":"10.4845537","y":"-66.8542461","n":"Farmarket C.C. Ciudad Tamanaco","t":"3","c":"1","s":"1.0","d":"0","a":"59,104,104,104","l":"Calle Ernesto Blohm, Caracas 1060, Miranda, Venezuela"}
,{"p":"mileniummallmerida","x":"8.5611234","y":"-71.1933088","n":"Milenium Mall - Centro Comercial Milenium","t":"4","c":"1046","s":"4.2","d":"0","a":"59,104,104,104","l":"Av Andrés Bello, Mérida 5115, Mérida, Venezuela"}
,{"p":"loveeat","x":"10.4967713","y":"-66.8456325","n":"Loveeat - Centro Plaza","t":"0","c":"2","s":"5.0","d":"0","a":"125,29,139,8","l":"Centro Plaza, Edificio Atlantic, Av Andrés Bello, Caracas 1060, Miranda, Venezuela"}
,{"p":"budaremaison","x":"10.4979761","y":"-66.8464915","n":"Budare Maison - Centro Plaza","t":"2","c":"1","s":"5.0","d":"0","a":"55,32,8,29","l":"Av. Fco. de Miranda Centro Comercial Centro Plaza, Caracas 1060, Distrito Capital, Venezuela"}
,{"p":"farmarato","x":"10.4702021","y":"-66.9473225","n":"Farmacia Farmarato","t":"4","c":"6","s":"4.3","d":"0","a":"59,104,104,104","l":"Calle San José, Caracas 1020, Distrito Capital, Venezuela"}
,{"p":"lavanderia","x":"10.5103714","y":"-66.9121","n":"Lavanderia Washing Service","t":"999","c":"1","s":"5.0","d":"0","a":"59,104,104,104","l":"Avenida Norte 1, Caracas 1010, Distrito Capital, Venezuela"}
,{"p":"coffeecigarettes","x":"10.5100101","y":"-66.91342","n":"[Puesto] - Cafe - Cigarillos","t":"1","c":"1","s":"5.0","d":"0","a":"59,104,104,104","l":"Av. Este 5 cruze Av. Norte, Otro lado de la Plaza Las Mercedes, Caracas, Venezuela"}
,{"p":"dulcefresh","x":"10.5075552","y":"-66.9138663","n":"[Puesto] - Tartas y Catalinas","t":"1","c":"1","s":"5.0","d":"0","a":"59,104,104,104","l":"Av. Urdaneta cruze Av. Norte, Otro lado de la sede SUNACRIP, Caracas, Venezuela"}
,{"p":"trakisabanagrande","x":"10.4956528","y":"-66.879833","n":"Traki - Sabana Grande","t":"4","c":"637","s":"4.0","d":"0","a":"53,65,54,107","l":"Caracas 1050, Distrito Capital, Venezuela"}
,{"p":"trakisanmartin","x":"10.4927233","y":"-66.9378026","n":"Traki - Av. San Martin","t":"4","c":"1047","s":"4.1","d":"0","a":"53,65,54,107","l":"Caracas 1020, Distrito Capital, Venezuela"}
,{"p":"trakilosilustres","x":"10.4825164","y":"-66.8962459","n":"Traki - Los Ilustres","t":"4","c":"357","s":"3.9","d":"0","a":"53,65,54,107","l":"Caracas 1041, Distrito Capital, Venezuela"}
,{"p":"fruteriaayaritach","x":"10.515897","y":"-66.946133","n":"Frutería Aya Ritach","t":"3","c":"0","s":"0.0","d":"0","a":"4,17,114,115","l":"Bulevar Avenida España, Metro Plaza Sucre, Catia, Caracas 1030, Distrito Capital, Venezuela"}]