[{"p":"muerdelacarne","x":"10.6686013","y":"-71.612962","n":"Muerde La Carne","t":"0","c":"321","s":"4.5","d":"0","a":"7,15,138,100","l":"Avenida 10, Maracaibo, Zulia, Venezuela"}
,{"p":"meranto","x":"10.1812413","y":"-64.6820729","n":"Caffe Meranto","t":"2","c":"39","s":"4.5","d":"0","a":"29,16,11,142","l":"Caffè Meranto, Lecheria, Anzoategui, Venezuela"}
,{"p":"lasempanadas","x":"10.2038044","y":"-64.6280279","n":"Las Empanadas de Simon","t":"0","c":"22","s":"4.9","d":"0","a":"140,141,55,32","l":"Puerto La Cruz, Anzoategui, Venezuela"}
,{"p":"altomarr","x":"10.5995736","y":"-67.040493","n":"Restaurante Alto Mar","t":"0","c":"114","s":"4.4","d":"0","a":"111,8,143,55","l":"Avenida La Armada, Catia La Mar, Vargas, Venezuela"}
,{"p":"altomarh","x":"10.5995734","y":"-67.040491","n":"Hotel Alto Mar","t":"5","c":"154","s":"4.4","d":"0","a":"98,8,55,127","l":"Avenida La Armada, Catia La Mar, Vargas, Venezuela"}
,{"p":"posada","x":"10.4885315","y":"-67.6122634","n":"Posada El Oasis","t":"5","c":"7","s":"4.1","d":"0","a":"104,104,104,104","l":"Choroni, Aragua, Venezuela"}
,{"p":"fanatic","x":"9.5639874","y":"-69.2035326","n":"Fanatic Sport Bar","t":"2","c":"142","s":"4.4","d":"0","a":"31,32,71,99","l":"Calle 31, Acarigua, Portuguesa, Venezuela"}
,{"p":"steakburger","x":"9.5667649","y":"-69.215185","n":"Steak Burger","t":"0","c":"174","s":"4.6","d":"0","a":"7,99,137,100","l":"Avenida Las Lagrimas, Araure, Portuguesa, Venezuela"}
,{"p":"lasogagrillbar","x":"9.5637874","y":"-69.2132714","n":"La Soga Grill n Bar","t":"0","c":"158","s":"4.6","d":"0","a":"7,111,99,100","l":"Araure, Portuguesa, Venezuela"}
,{"p":"litalia","x":"9.558281","y":"-69.204444","n":"LItalia Restaurant","t":"0","c":"21","s":"4.2","d":"0","a":"102,108,71,15","l":"Acarigua, Portuguesa, Venezuela"}
,{"p":"altosdeleste","x":"7.7724126","y":"-72.209355","n":"Panaderia Altos del Este","t":"1","c":"69","s":"4.0","d":"0","a":"115,116,117,142","l":"San Cristobal, Tachira, Venezuela"}
,{"p":"buddhabar","x":"10.4806044","y":"-66.8553371","n":"Rest. Buddha Bar Caracas","t":"0","c":"370","s":"4.5","d":"0","a":"67,109,56,138","l":"212 Calle Orinoco, Caracas 1060, Miranda, Venezuela"}
,{"p":"recargabotellon","x":"10.508430","y":"-66.908923","n":"Recarga Tu Botellon - Agua Fresca De La Montana","t":"1","c":"0","s":"0.0","d":"0","a":"59,60,61,104","l":"Caracas, Venezuela"}
,{"p":"wowfles","x":"10.5193129","y":"-66.9381218","n":"WOWFLES Venezuela","t":"0","c":"9","s":"3.7","d":"0","a":"59,104,104,104","l":"Calle Ruperto Lugo 1A, Caracas 1030, Capital District, Venezuela"}
,{"p":"paradisesushi","x":"10.481771","y":"-66.938941","n":"Paradise Sushi Lounge","t":"0","c":"83","s":"4.5","d":"0","a":"100,94,55,67","l":"1020 Av Paez, El Paraiso, Frente a la plaza Washington, Caracas 1020, Distrito Capital, Venezuela"}
,{"p":"sweetfamily","x":"10.4916371","y":"-66.8770576","n":"Sweet Family","t":"2","c":"0","s":"0.0","d":"0","a":"59,133,29,9","l":"Torre Citibank, Av. Casanova, Caracas 1050, Distrito Capital, Venezuela"}
,{"p":"gourmetplanet","x":"10.4974526","y":"-66.8229002","n":"GourmetPlanet - C.C. Boleita Center","t":"0","c":"9","s":"4.8","d":"0","a":"15,8,55,138","l":"Caracas 1071, Miranda, Venezuela"}
,{"p":"amarelocoffeeandtea","x":"10.4688787","y":"-64.1770069","n":"Amarelo Coffee-Tea - CC hipergalerias","t":"2","c":"36","s":"4.8","d":"0","a":"59,29,136,8","l":"CC hipergalerias, Avenida Humboldt, Cumaná 6101, Sucre, Venezuela"}
,{"p":"yakitoribar","x":"10.5050811","y":"-66.8435991","n":"Yakitori Bar","t":"2","c":"36","s":"4.0","d":"0","a":"135,67,94,96","l":"Avenida Transversal 6, Caracas 1060, Distrito Capitalliquid, Venezuela"}
,{"p":"yakitorivallearriba","x":"10.4672929","y":"-66.8663033","n":"Yakitori Valle Arriba","t":"0","c":"29","s":"4.4","d":"0","a":"15,69,56,100","l":"Caracas 1080, Miranda, Venezuela"}
,{"p":"niunadietamas","x":"10.4862815","y":"-66.8209482","n":"Ni Una Dieta Más - Dulces sin azucar","t":"1","c":"0","s":"0.0","d":"0","a":"59,104,104,104","l":"Caracas 1071, Miranda, Venezuela"}
,{"p":"cafemicosa","x":"10.4941485","y":"-66.8779468","n":"Coffee My Thing - Café Mi Cosa - C.C. City Market","t":"2","c":"6","s":"4.8","d":"0","a":"29,109,95,133","l":"Caracas 1050, Capital District, Venezuela"}
,{"p":"losgolfeadosdesamuel","x":"10.4895514","y":"-66.855454","n":"Los Golfeados de Samuel","t":"2","c":"6","s":"4.8","d":"0","a":"59,133,146,109","l":"Merpoeste. Piso 2 Local 105 Nivel Los Andes, Pasillo Manatí, Calle Chico Carrasquel, Caracas 1060, Miranda, Venezuela"}
,{"p":"elcafedebetto","x":"10.4652125","y":"-66.5709378","n":"El Café De Betto - C.C. Oasis Center","t":"2","c":"11","s":"3.9","d":"0","a":"59,29,8,109","l":"Centro Comercial Oasis Center, Guatire 1221, Miranda, Venezuela"}
,{"p":"mazalgourmetmiranda","x":"10.4399388","y":"-66.8360942","n":"Mazal Gourmet - Galerias Los Naranjos","t":"0","c":"0","s":"0.0","d":"0","a":"59,133,16,8","l":"Caracas 1083, Miranda, Venezuela"}
,{"p":"shulios","x":"11.7074558","y":"-70.1990151","n":"Shuilios Pizzas","t":"0","c":"19","s":"4.6","d":"0","a":"59,104,104,104","l":"4102, Punto Fijo 4122, Falcón, Venezuela"}
,{"p":"massimogourmet","x":"10.4887749","y":"-66.8789141","n":"Massimo Gourmet","t":"0","c":"8","s":"4.0","d":"0","a":"59,104,104,104","l":"Caracas 1080, Miranda, Venezuela"}
,{"p":"mazalgourmetcolinas","x":"10.4668534","y":"-66.8661055","n":"Mazal Gourmet - C. C. Colinas de Valle","t":"0","c":"1","s":"4.0","d":"0","a":"59,133,16,8","l":"Centro Comercial Colinas de Valle Arriba, Caracas 1.080, Caracas 1080, Distrito Capital, Venezuela"}
,{"p":"cafelemans","x":"10.5057958","y":"-66.8999469","n":"Cafe Le Mans","t":"2","c":"12","s":"4.7","d":"0","a":"29,12,11,9","l":"Avenida Vollmer, Caracas, Capital District, Venezuela"}
,{"p":"gold2020","x":"10.507029","y":"-66.9087953","n":"Distribuidora GOLD 2020 alimentos frutas supermercado","t":"3","c":"1","s":"5.0","d":"0","a":"19,5,50,65","l":"Avenida Fuerzas Armadas, Caracas 1010, Distrito Capital, Venezuela"}
,{"p":"crowndonuts","x":"10.4961772","y":"-66.8542148","n":"Crown Donuts","t":"1","c":"10","s":"4.9","d":"0","a":"59,146,109,139","l":"Mercado Municipal de Chacao, Calle Cecilio Acosta, Pueblo de Chacao Diagonal a la entrada del estacionamiento del, Caracas 1060, Miranda, Venezuela"}
,{"p":"nonnabella","x":"10.4912958","y":"-66.8691137","n":"Nonna Bella Sabana Grande","t":"0","c":"341","s":"4.2","d":"0","a":"102,14,100,16","l":"Bulevar de Sabana Grande, Caracas 1060, Distrito Capital, Venezuela"}
,{"p":"churchchickenccamericas","x":"10.4589722","y":"66.8292446","n":"Texas Chicken","t":"0","c":"30","s":"3.5","d":"0","a":"59,71,101,143","l":"Caracas 1061, Distrito Capital, Venezuela"}
,{"p":"araxiburger","x":"10.484667","y":"-66.862312","n":"Araxi Burger Grill n Gourmet","t":"0","c":"645","s":"4.4","d":"0","a":"7,111,99,133","l":"Calle Madrid, Caracas 1080, Distrito Capital, Venezuela"}
,{"p":"doncarlos","x":"10.4949858","y":"-66.8784462","n":"Restaurant Don Carlos - C.C. Sabana Grande - sótano 43","t":"0","c":"0","s":"0.0","d":"0","a":"59,111,56,138","l":"Calle Villaflor, Caracas 1050, Distrito Capital, Venezuela"}
,{"p":"lapaleteriaartesanal","x":"10.495231","y":"-66.832742","n":"La Paletería Artesanal - C.C. Millennium","t":"1","c":"0","s":"0.0","d":"0","a":"59,109,18,8","l":"Los Dos Caminos, Caracas 1070, Miranda, Venezuela"}
,{"p":"yayustexmexgrillmangos","x":"10.4332904","y":"-66.8837051","n":"Yayus Tex Mex Grill - C.C. Manzanares Plaza","t":"0","c":"30","s":"4.1","d":"0","a":"59,8,106,138","l":"Calle Los Mangos, Caracas 1083, Miranda, Venezuela"}
,{"p":"chipacookie","x":"10.4338744","y":"-66.8836492","n":"Chip-a-cookie - C.C. Manzanares Plaza","t":"2","c":"0","s":"0.0","d":"0","a":"59,29,12,8","l":"Calle Los Mangos, Caracas 1080, Miranda, Venezuela"}
,{"p":"sociedaddelcafe","x":"10.4981441","y":"-66.8430445","n":"Cafetería Sociedad del Café","t":"2","c":"172","s":"4.7","d":"0","a":"8,7,16,101","l":"Avenida Francisco de Miranda, Caracas 1060, Miranda, Venezuela"}
,{"p":"bonappetit","x":"10.494118","y":"-66.8780864","n":"Bon Appetit - C.C. City Market nivel Feria","t":"2","c":"1","s":"2.0","d":"0","a":"59,104,104,104","l":"Calle Unión, Bulevar de Sabana Grande, Caracas 1050, Distrito Capital, Venezuela"}
,{"p":"planetsandwich","x":"10.4974977","y":"-66.8229553","n":"Planet Sandwich","t":"0","c":"0","s":"0.0","d":"0","a":"59,15,16,115","l":"Final Calle Imboca, Caracas, Miranda, 1071, Venezuela"}
,{"p":"hachebistro","x":"10.5031157","y":"-66.8312804","n":"Hache Bistro","t":"0","c":"76","s":"4.3","d":"0","a":"59,15,143,115","l":"Dentro de Centro Cultural Los Galpones, Transversal 8, Avenida Sucre, Caracas 1071, Miranda, Venezuela"}
,{"p":"churchchickenlacascada","x":"10.3551461","y":"-67.0024613","n":"Churchs Chicken","t":"0","c":"11","s":"3.5","d":"0","a":"71,143,16,101","l":"Centro Comercial Ciudad La Cascada, Nivel Feria, Local Local: N2-13, Carretera Panamericana, Municipio Carrizal, Miranda, Venezuela"}
,{"p":"fortalezayvida","x":"10.5037123","y":"-66.9529092","n":"Cafetin fortaleza y vida - C.C. Propatria","t":"2","c":"0","s":"0.0","d":"0","a":"59,29,9,8","l":"Caracas 1030, Distrito Capital, Venezuela"}
,{"p":"comoncasa","x":"10.5042652","y":"-66.911813","n":"COMO n CASA - C.C. El Gallo De Oro","t":"0","c":"0","s":"0.0","d":"0","a":"59,104,104,104","l":"Caracas 1012, Distrito Capital, Venezuela"}
,{"p":"planetsandwich","x":"10.4974977","y":"-66.8229553","n":"Planet Sandwich - C.C. Boleíta Center","t":"0","c":"0","s":"0.0","d":"0","a":"59,15,16,115","l":"Caracas 1071, Miranda, Venezuela"}
,{"p":"mediterraneogourmet","x":"10.4972026","y":"-66.8514195","n":"Mediterráneo Gourmet","t":"0","c":"3","s":"5.0","d":"0","a":"59,8,109,133","l":"Avenida Eugenio Mendoza, Caracas 1060, Distrito Capital"}
,{"p":"practipizza","x":"10.372183","y":"-66.9697335","n":"Practipizza","t":"0","c":"3","s":"3.7","d":"0","a":"59,14,16,8","l":"San Antonio de Los Altos 1204, Miranda"}
,{"p":"epiko","x":"10.4968887","y":"-66.8229248","n":"Épiko","t":"2","c":"90","s":"4.3","d":"0","a":"59,8,16,29","l":"Calle Sanatorio del Ávila. Centro Empresarial Ciudad Center., Torre F. Local L-1F PLanta Baja, Caracas 1071, Miranda, Venezuela"}
,{"p":"nortedelsur","x":"10.4235424","y":"-66.8277652","n":"Norte del Sur Brewhouse","t":"2","c":"40","s":"4.5","d":"0","a":"106,8,32,7","l":"Calle Comercio, Caracas 1083, Miranda, Venezuela"}
,{"p":"granpremier","x":"10.4754685","y":"-66.1001766","n":"Panadería Gran Premier","t":"1","c":"28","s":"4.5","d":"0","a":"59,116,117,8","l":"Urb, Higuerote 1231, Miranda, Venezuela"}
,{"p":"romanina","x":"10.4970397","y":"-66.8529426","n":"Pizzería Romanina","t":"0","c":"956","s":"4.3","d":"0","a":"59,14,16,8","l":"Avenida Ávila, Caracas 1060, Miranda, Venezuela"}
,{"p":"melomanos1","x":"8.6234558","y":"-71.1001658","n":"Restaurant Melomanos COMIDA LENTA","t":"0","c":"12","s":"4.7","d":"0","a":"135,138,55,111","l":"5116, Mérida, Venezuela"}
,{"p":"melomanos2","x":"8.6323221","y":"-71.067605","n":"Restaurat Melomanos Comida Lenta","t":"0","c":"2","s":"5.0","d":"0","a":"111,55,135,138","l":"Tabay 5116, Mérida, Venezuela"}
,{"p":"shajuanma","x":"10.471015","y":"-66.5947983","n":"Sha Juanma","t":"0","c":"154","s":"4.4","d":"0","a":"7,99,129,55","l":"Av Las Aves, Guarenas 1220, Miranda, Venezuela"}
,{"p":"viejopuente","x":"10.4998042","y":"-66.897662","n":"Rest. Viejo Puente","t":"0","c":"5","s":"5.0","d":"0","a":"6,15,16,8","l":"Eje de buen vivir, Centro Cultural Bellas Artes, Caracas 1011, Capital District, Venezuela"}
,{"p":"rajatabla","x":"10.4996035","y":"-66.8979084","n":"Café Rajatabla","t":"2","c":"2","s":"4.0","d":"0","a":"29,33,36,41","l":"Eje de buen vivir, Centro Cultural Bellas Artes, Caracas 1011, Capital District, Venezuela"}
,{"p":"naturagourmet","x":"10.500291","y":"-66.8979136","n":"Natura Gourmet Cafetería","t":"2","c":"4","s":"4.8","d":"0","a":"12,16,9,29","l":"Eje de buen vivir, Centro Cultural Bellas Artes, Caracas 1011, Capital District, Venezuela"}
,{"p":"baccocafemuseo","x":"10.499795","y":"-66.8976044","n":"Bacco Café Museo","t":"2","c":"8","s":"4.9","d":"0","a":"29,16,8,139","l":"Eje de buen vivir, Centro Cultural Bellas Artes, Caracas 1011, Capital District, Venezuela"}
,{"p":"candyshopcrunchy","x":"10.5034","y":"-66.9007015","n":"CANDY SHOP CRUNCHY - C.C. Parque Caracas","t":"4","c":"8","s":"4.5","d":"0","a":"59,142,109,92","l":"AV ESTE 0 CON SUR 21, NIVEL PLANTA BAJA LOCAL 61 A 2 ALADO DE BURGER KING, 1010, Distrito Capital, Venezuela"}
,{"p":"dfrutatucafe","x":"10.5033","y":"-66.9007015","n":"D FRUTA TU CAFE - C.C. Parque Caracas","t":"2","c":"2","s":"5.0","d":"0","a":"33,146,117,9","l":"AV ESTE 0 CON SUR 21, NIVEL PLATA BAJA LOCAL 24 FERIA DEL CENTRO COMERCIA ENTRADA POR BURGER KING, Caracas 1010, Distrito Capital, Venezuela"}
,{"p":"papeleriaaraguaney","x":"10.5032","y":"-66.9007967","n":"PAPELERIA ARAGUANEY - C.C. Parque Caracas","t":"4","c":"1","s":"5.0","d":"0","a":"59,61,104,104","l":"AV ESTE 0 CON SUR 21, NIVEL PLATA BAJA LOCAL 57 ALADO DE BURGER KING, Caracas 1010, Distrito Capital, Venezuela"}
,{"p":"lacofuteria","x":"10.4493961","y":"-66.8808935","n":"La Cotuferia","t":"1","c":"4","s":"4.3","d":"0","a":"59,104,104,104","l":"Galerias Prados Del Este, Caracas 1080, Miranda, Venezuela"}
,{"p":"ferradiniccct","x":"10.4850004","y":"-66.8552104","n":"Ferradini C.C.C.T","t":"4","c":"1","s":"5.0","d":"0","a":"53,65,54,107","l":"Caracas 1064, Capital District, Venezuela"}
,{"p":"trakielrecreo1","x":"10.4926647","y":"-66.8774","n":"Traki - Clothing","t":"4","c":"1047","s":"3.8","d":"0","a":"53,65,54,107","l":"Avenida Casanova, Centro Comercial El Recreo, Caracas 1050, Venezuela"}
,{"p":"trakielrecreo2","x":"10.4926647","y":"-66.8775","n":"Traki - Supermarket","t":"3","c":"1047","s":"3.8","d":"0","a":"53,65,54,107","l":"Avenida Casanova, Centro Comercial El Recreo, Caracas 1050, Venezuela"}
,{"p":"lanegra","x":"10.4894038","y":"-66.9172629","n":"La Negra Repostería Artesanal","t":"3","c":"5","s":"4.4","d":"0","a":"59,104,104,104","l":"Av. Guzman Blanco, Caracas 1020, Capital District, Venezuela"}
,{"p":"naturalitico","x":"10.3749922","y":"-66.9601768","n":"Naturalitico","t":"1","c":"14","s":"4.5","d":"0","a":"59,139,18,17","l":"Av. Francisco Salias, Complejo Cultural y Deportivo, San Antonio de Los Altos 1204, Miranda, Venezuela"}
,{"p":"fajitasexpressca","x":"10.0600684","y":"-69.346178","n":"Fajitas Express c.a.","t":"0","c":"74","s":"4.7","d":"0","a":"7,16,130,143","l":"Carrera 15, Barquisimeto 3001, Lara, Venezuela"}
,{"p":"laborguesa","x":"10.4740323","y":"-66.564027","n":"La Borguesa, Gourmet Burguer n Grill","t":"0","c":"56","s":"4.2","d":"0","a":"14,16,99,15","l":"Calle principal, C.C. Villa Ávila, nivel PS, Local 16, Urbanización, Guatire 1221, Miranda, Venezuela"}
,{"p":"avilaburger","x":"10.5051236","y":"-66.8432283","n":"Avila Burger Los Palos Grandes","t":"0","c":"776","s":"4.5","d":"0","a":"7,101,56,71","l":"Av. Transversal 6, Caracas 1060, Miranda, Venezuela"}
,{"p":"accademia","x":"10.5014651","y":"-66.8491358","n":"Accademia del Caffé Carbone Espresso","t":"4","c":"86","s":"4.8","d":"0","a":"59,29,53,8","l":"Altamira, Avenida 6, Entre Transversal 5 y 3, Caracas 1060, Miranda, Venezuela"}
,{"p":"donmanuelgrill","x":"10.5958674","y":"-66.9519972","n":"Don Manuel Grill","t":"0","c":"238","s":"4.6","d":"0","a":"7,99,71,101","l":"Calle Los Baños, Maiquetía 1161, Vargas, Venezuela"}
,{"p":"casavrinda1","x":"10.5089","y":"-66.9135","n":"Casa Vrinda - Vrinda Veg","t":"0","c":"201","s":"4.5","d":"0","a":"4,25,6,26","l":"Calle Real de Carballo, Caracas 1010, Distrito Capital, Venezuela"}
,{"p":"casavrinda2","x":"10.5091","y":"-66.9135","n":"Casa Vrinda - Vrinda Yoga","t":"999","c":"201","s":"4.5","d":"0","a":"59,25,6,26","l":"Calle Real de Carballo, Caracas 1010, Distrito Capital, Venezuela"}
,{"p":"casavrinda3","x":"10.5090","y":"-66.9135","n":"Casa Vrinda - Vrinda Shop","t":"4","c":"201","s":"4.5","d":"0","a":"4,25,6,8","l":"Calle Real de Carballo, Caracas 1010, Distrito Capital, Venezuela"}
,{"p":"foodandtools","x":"10.5109173","y":"-66.9131716","n":"Food n Tools","t":"3","c":"1","s":"5.0","d":"0","a":"59,104,104,104","l":"Av. Norte cruze Av. Oeste 7, Caracas 1010, Capital District, Venezuela"}
,{"p":"fruteriadistribuidor","x":"10.5105362","y":"-66.9132829","n":"Fruteria y Distribuidor","t":"3","c":"1","s":"5.0","d":"0","a":"59,17,53,65","l":"Escondido en la esquina, Av. Norte, Caracas 1010, Capital District, Venezuela"}
,{"p":"kibbehouse","x":"10.5041904","y":"-66.9119337","n":"Kibbe House - Shawarma y Falafel","t":"1","c":"1","s":"4.0","d":"0","a":"59,104,104,104","l":"Avenida Sur 3, Caracas 1012, Distrito Capital, Venezuela"}
,{"p":"cocofresh","x":"10.504158","y":"-66.9119592","n":"CocoFresh Cocadas","t":"1","c":"1","s":"5.0","d":"0","a":"59,104,104,104","l":"Avenida Sur 3, Caracas 1012, Distrito Capital, Venezuela"}
,{"p":"cocofactorypanteon","x":"10.5082899","y":"-66.9135129","n":"Coco Factory - Panteon","t":"1","c":"1","s":"5.0","d":"0","a":"59,104,104,104","l":"Boulevard Panteón, Caracas 1010, Distrito Capital, Venezuela"}
,{"p":"cambururdaneta","x":"10.507692","y":"-66.9133003","n":"Puesto de Cambur Urdaneta","t":"1","c":"1","s":"5.0","d":"0","a":"59,104,104,104","l":"En Frente Edificio Caruao, Av. Urdaneta, Caracas 1010, Distrito Capital, Venezuela"}
,{"p":"burgercenter","x":"10.5045184","y":"-66.9171379","n":"Burger Center","t":"0","c":"8","s":"4.4","d":"0","a":"7,139,99,16","l":"Centro Comercial Metrocenter Nivel Amarillo Local PA-07, Caracas 1012, Distrito Capital, Venezuela"}
,{"p":"fruteriayestacionamiento","x":"10.5096013","y":"-66.9177186","n":"Fruteria y Estacionamiento Cerca De OPPPE","t":"3","c":"5","s":"4.0","d":"0","a":"59,104,104,104","l":"Avenida Oeste 3, Caracas 1010, Distrito Capital, Venezuela"}
,{"p":"barpoolpineda","x":"10.509602","y":"-66.9181115","n":"Bar Pool Pineda","t":"2","c":"8","s":"3.5","d":"0","a":"59,104,104,104","l":"Avenida Oeste 3, Caracas 1010, Distrito Capital, Venezuela"}
,{"p":"farmarketlido","x":"10.4911492","y":"-66.8625516","n":"Farmarket C.C. Lido","t":"3","c":"1","s":"1.0","d":"0","a":"59,104,104,104","l":"Avenida Francisco de Miranda, Caracas 1060, Distrito Capital, Venezuela"}
,{"p":"farmarketsantapaula","x":"10.4607355","y":"-66.8335639","n":"Farmarket C.C. Santa Paula","t":"3","c":"1","s":"1.0","d":"0","a":"59,104,104,104","l":"Calle Acuario, Caracas 1061, Distrito Capital, Venezuela"}
,{"p":"farmarkettamanaco","x":"10.4845537","y":"-66.8542461","n":"Farmarket C.C. Ciudad Tamanaco","t":"3","c":"1","s":"1.0","d":"0","a":"59,104,104,104","l":"Calle Ernesto Blohm, Caracas 1060, Miranda, Venezuela"}
,{"p":"mileniummallmerida","x":"8.5611234","y":"-71.1933088","n":"Milenium Mall - Centro Comercial Milenium","t":"4","c":"1046","s":"4.2","d":"0","a":"59,104,104,104","l":"Av Andrés Bello, Mérida 5115, Mérida, Venezuela"}
,{"p":"loveeat","x":"10.4967713","y":"-66.8456325","n":"Loveeat - Centro Plaza","t":"0","c":"2","s":"5.0","d":"0","a":"125,29,139,8","l":"Centro Plaza, Edificio Atlantic, Av Andrés Bello, Caracas 1060, Miranda, Venezuela"}
,{"p":"budaremaison","x":"10.4979761","y":"-66.8464915","n":"Budare Maison - Centro Plaza","t":"2","c":"1","s":"5.0","d":"0","a":"55,32,8,29","l":"Av. Fco. de Miranda Centro Comercial Centro Plaza, Caracas 1060, Distrito Capital, Venezuela"}
,{"p":"farmarato","x":"10.4702021","y":"-66.9473225","n":"Farmacia Farmarato","t":"4","c":"6","s":"4.3","d":"0","a":"59,104,104,104","l":"Calle San José, Caracas 1020, Distrito Capital, Venezuela"}
,{"p":"lavanderia","x":"10.5103714","y":"-66.9121","n":"Lavanderia Washing Service","t":"999","c":"1","s":"5.0","d":"0","a":"59,104,104,104","l":"Avenida Norte 1, Caracas 1010, Distrito Capital, Venezuela"}
,{"p":"coffeecigarettes","x":"10.5100101","y":"-66.91342","n":"[Puesto] - Cafe - Cigarillos","t":"1","c":"1","s":"5.0","d":"0","a":"59,104,104,104","l":"Av. Este 5 cruze Av. Norte, Otro lado de la Plaza Las Mercedes, Caracas, Venezuela"}
,{"p":"dulcefresh","x":"10.5075552","y":"-66.9138663","n":"[Puesto] - Tartas y Catalinas","t":"1","c":"1","s":"5.0","d":"0","a":"59,104,104,104","l":"Av. Urdaneta cruze Av. Norte, Otro lado de la sede SUNACRIP, Caracas, Venezuela"}
,{"p":"trakisabanagrande","x":"10.4956528","y":"-66.879833","n":"Traki - Sabana Grande","t":"4","c":"637","s":"4.0","d":"0","a":"53,65,54,107","l":"Caracas 1050, Distrito Capital, Venezuela"}
,{"p":"trakisanmartin","x":"10.4927233","y":"-66.9378026","n":"Traki - Av. San Martin","t":"4","c":"1047","s":"4.1","d":"0","a":"53,65,54,107","l":"Caracas 1020, Distrito Capital, Venezuela"}
,{"p":"trakilosilustres","x":"10.4825164","y":"-66.8962459","n":"Traki - Los Ilustres","t":"4","c":"357","s":"3.9","d":"0","a":"53,65,54,107","l":"Caracas 1041, Distrito Capital, Venezuela"}
,{"p":"fruteriaayaritach","x":"10.515897","y":"-66.946133","n":"Frutería Aya Ritach","t":"3","c":"0","s":"0.0","d":"0","a":"4,17,114,115","l":"Bulevar Avenida España, Metro Plaza Sucre, Catia, Caracas 1030, Distrito Capital, Venezuela"}
,{"p":"trakiciudad","x":"10.2100906","y":"-68.0073224","n":"Ciudad Traki","t":"4","c":"1126","s":"4.0","d":"0","a":"53,65,54,107","l":"Valencia 2001, Carabobo, Venezuela"}
,{"p":"trakisandiego","x":"10.1837787","y":"-67.9760613","n":"Traki","t":"4","c":"846","s":"4.1","d":"0","a":"53,65,54,107","l":"C. C. Metropolis Shopping Valencia, II Etapa, Nivel Agua, San Diego, Estado Carabobo, San Diego, Carabobo, Venezuela"}
,{"p":"trakivalenciacentro","x":"10.1799035","y":"-68.0050362","n":"Traki Valencia Centro","t":"4","c":"537","s":"3.8","d":"0","a":"53,65,54,107","l":"Avenida 102 Montes De Oca, Valencia 2001, Carabobo, Venezuela"}
,{"p":"trakimaracay","x":"10.25303","y":"-67.6056006","n":"Traki Av. Bolivar","t":"4","c":"557","s":"3.9","d":"0","a":"53,65,54,107","l":"Maracay 2103, Aragua, Venezuela"}
,{"p":"trakitiendas","x":"10.1863434","y":"-67.4615971","n":"Traki Tiendas","t":"4","c":"120","s":"4.0","d":"0","a":"53,65,54,107","l":"Cagua 2122, Aragua, Venezuela"}
,{"p":"trakinegramatea","x":"10.2280111","y":"-67.3169105","n":"Traki C.C. Morichal","t":"4","c":"218","s":"3.9","d":"0","a":"53,65,54,107","l":"24 Calle 17, La Victoria 2121, Aragua, Venezuela"}
,{"p":"trakicalabozo","x":"8.9312486","y":"-67.4279693","n":"Traki Calabozo","t":"4","c":"107","s":"4.0","d":"0","a":"53,65,54,107","l":"Carrera 12 San Jose, Calabozo 2312, Guárico, Venezuela"}
,{"p":"trakivallepascua","x":"9.2222684","y":"-66.033985","n":"Traki Valle de la Pascua","t":"4","c":"4","s":"4.5","d":"0","a":"53,65,54,107","l":"Troncal 13, Valle de la Pascua 2350, Guárico, Venezuela"}
,{"p":"trakimaiquetia","x":"10.5944344","y":"-66.9525494","n":"Traki Maiquetia","t":"4","c":"4.0","s":"263","d":"0","a":"53,65,54,107","l":"Frente a la Plaza Lourdes, Calle Real de Maiquetía, Maiquetía, Vargas, Venezuela"}
,{"p":"trakimilagro","x":"10.639062","y":"-71.6062393","n":"Ciudad Traki El Milagro","t":"4","c":"483","s":"3.9","d":"0","a":"53,65,54,107","l":"Avenida El Milagro, Maracaibo 4001, Zulia, Venezuela"}
,{"p":"trakilalimpia","x":"10.6808481","y":"-71.6650699","n":"Traki La Limpia","t":"4","c":"331","s":"3.9","d":"0","a":"53,65,54,107","l":"Maracaibo 4005, Zulia, Venezuela"}
,{"p":"trakidelsur","x":"10.6010562","y":"-71.650866","n":"Traki Del Sur","t":"4","c":"870","s":"4.0","d":"0","a":"53,65,54,107","l":"Avenida Circunvalacion 2, Maracaibo 4001, Zulia, Venezuela"}
,{"p":"trakicabimas","x":"10.3919306","y":"-71.4737044","n":"Tienda Traki Cabimas","t":"4","c":"427","s":"4.0","d":"0","a":"53,65,54,107","l":"Cabimas 4013, Zulia, Venezuela"}
,{"p":"trakiciudadzulia","x":"10.1984977","y":"-71.3254845","n":"Traki Ciudad","t":"4","c":"384","s":"3.9","d":"0","a":"53,65,54,107","l":"Cd Ojeda 4019, Zulia, Venezuela"}
,{"p":"trakiciudadhaticos","x":"10.6086556","y":"-71.6098299","n":"Ciudad Traki Los Haticos","t":"4","c":"228","s":"4.1","d":"0","a":"53,65,54,107","l":"Av. 17 los Haticos, Maracaibo 4001, Zulia, Venezuela"}
,{"p":"trakiciudadbarquisimeto","x":"10.0670652","y":"-69.3205547","n":"Ciudad Traki Barquisimeto","t":"4","c":"995","s":"3.9","d":"0","a":"53,65,54,107","l":"Calle 29, Barquisimeto 3001, Lara, Venezuela"}
,{"p":"trakibabilon","x":"10.0770794","y":"-69.340682","n":"Traki Babilon","t":"4","c":"765","s":"3.9","d":"0","a":"53,65,54,107","l":"Centro Comercial Babilon, Área Galería, Locales 19 al 25, Av. Libertador, Barquisimeto, Lara, Venezuela"}
,{"p":"trakicarora","x":"10.1784713","y":"-70.0835037","n":"Traki Carora","t":"4","c":"124","s":"4.1","d":"0","a":"53,65,54,107","l":"Calle bolivar, Carora 3050, Lara, Venezuela"}
,{"p":"trakialberto","x":"8.6157869","y":"-70.2622249","n":"Traki Alberto","t":"4","c":"506","s":"3.9","d":"0","a":"53,65,54,107","l":"Alberto Arvelo Torrealba, Barinas 5201, Barinas, Venezuela"}
,{"p":"trakiacarigua","x":"9.5607263","y":"-69.2067264","n":"Traki Calle 28","t":"4","c":"851","s":"3.9","d":"0","a":"53,65,54,107","l":"Calle 28, Acarigua 3301, Portuguesa, Venezuela"}
,{"p":"trakiropa","x":"9.0427914","y":"-69.7535846","n":"Ropa Traki","t":"4","c":"120","s":"3.9","d":"0","a":"53,65,54,107","l":"Carrera 6 , Calle 20, Guanare 3350, Portuguesa, Venezuela"}
,{"p":"trakifrancisco","x":"8.8870554","y":"-64.2605571","n":"Traki - traki.com","t":"4","c":"403","s":"4.0","d":"0","a":"53,65,54,107","l":"Av. Francisco de Miranda, El Tigre 6050, Anzoátegui, Venezuela"}
,{"p":"malltraki","x":"9.0732223","y":"-62.0689398","n":"Mall Traki","t":"4","c":"160","s":"3.9","d":"0","a":"53,65,54,107","l":"Av. Guásima, Tucupita 6401, Delta Amacuro, Venezuela"}
,{"p":"trakimaturin","x":"9.7042755","y":"-63.1562708","n":"Traki La Cascada","t":"4","c":"569","s":"4.0","d":"0","a":"53,65,54,107","l":"Maturín 6201, Monagas, Venezuela"}
,{"p":"trakiupata","x":"8.0167123","y":"-62.4063543","n":"Ciudad Traki Upata","t":"4","c":"166","s":"4.0","d":"0","a":"53,65,54,107","l":"Upata 8052, Bolívar, Venezuela"}
,{"p":"trakilibertador","x":"8.1288482","y":"-63.5258376","n":"Ciudad Traki","t":"4","c":"1028","s":"4.1","d":"0","a":"53,65,54,107","l":"Av Libertador, Cdad. Bolívar 8001, Bolívar, Venezuela"}
,{"p":"trakipaseo","x":"8.2956997","y":"-62.7370549","n":"Traki Las Americas","t":"4","c":"2585","s":"4.0","d":"0","a":"53,65,54,107","l":"Paseo Las Americas, Ciudad Guayana 8050, Bolívar, Venezuela"}
,{"p":"trakivalera","x":"9.3136648","y":"-70.6092791","n":"Traki Valera","t":"4","c":"201","s":"4.1","d":"0","a":"53,65,54,107","l":"Calle 10, Valera 3101, Trujillo, Venezuela"}
,{"p":"trakiurena","x":"7.9180469","y":"-72.4511717","n":"Ciudad Traki Ureña","t":"4","c":"140","s":"3.8","d":"0","a":"53,65,54,107","l":"Calle 8, Ureña 5048, Táchira, Venezuela"}
,{"p":"trakiseptima","x":"7.7720617","y":"-72.2309983","n":"TRAKI - Septima Avenida","t":"4","c":"234","s":"3.9","d":"0","a":"53,65,54,107","l":"Séptima Avenida, San Cristóbal 5001, Táchira, Venezuela"}
,{"p":"picosburgerbar","x":"8.5603316","y":"-71.2366702","n":"Picos Burgers n Bar","t":"0","c":"14","s":"4.9","d":"0","a":"59,60,61,104","l":"Ejido 5111, Mérida, Venezuela"}
,{"p":"dolceandbake","x":"8.5642667","y":"-71.1906173","n":"Dolce and Bake","t":"0","c":"267","s":"4.5","d":"0","a":"59,60,61,104","l":"Mérida 5115, Mérida, Venezuela"}
,{"p":"plazamayorshoppingmall","x":"8.5976773","y":"-71.1500039","n":"Plaza Mayor Shopping Mall","t":"4","c":"633","s":"3.9","d":"0","a":"59,60,61,104","l":"Av. Las Américas, Mérida 5101, Mérida, Venezuela"}
,{"p":"cchistorycenter","x":"8.5972814","y":"-71.1459093","n":"C.C History Center","t":"4","c":"405","s":"4.2","d":"0","a":"59,60,61,104","l":"Calle 24 Rangel, Mérida 5101, Mérida, Venezuela"}
,{"p":"piemonteshopping","x":"8.5812016","y":"-71.1812675","n":"Pie Monte Shopping Center - Centro Comercial Pie de Monte","t":"4","c":"1563","s":"4.4","d":"0","a":"59,60,61,104","l":"Av. los Próceres, Mérida 5101, Mérida, Venezuela"}
,{"p":"bibas","x":"10.6742617","y":"-71.6048098","n":"Bibas - Piano Bar","t":"2","c":"818","s":"4.3","d":"0","a":"14,32,121,61","l":"Avenida 3E, Maracaibo 4002, Zulia, Venezuela"}
,{"p":"burgerbeer","x":"10.672096","y":"-71.6039783","n":"BURGER BEER","t":"0","c":"82","s":"4.2","d":"0","a":"14,32,61,104","l":"Club Bella Vista, Maracaibo 4002, Zulia, Venezuela"}
,{"p":"audiomusic","x":"10.6677815","y":"-71.6231829","n":"Audio Music","t":"0","c":"169","s":"4.4","d":"0","a":"60,61,59,104","l":"Av 16A, Maracaibo 4005, Zulia, Venezuela"}
,{"p":"chichatogo","x":"10.6677158","y":"-71.6232278","n":"Chicha ToGo","t":"1","c":"4.3","s":"74","d":"0","a":"109,142,61,104","l":"Maracaibo 4005, Zulia, Venezuela"}
,{"p":"duffmaracaibo","x":"10.7235616","y":"-71.6198435","n":"Duff Maracaibo","t":"0","c":"259","s":"3.8","d":"0","a":"14,32,18,61","l":"Avenida Milagro Norte, Maracaibo 4002, Zulia, Venezuela"}
,{"p":"gioiapizzagelati","x":"10.6632145","y":"-71.6214991","n":"Gioia pizza e gelati","t":"0","c":"1","s":"4.0","d":"0","a":"14,32,18,61","l":"Av 5 de Julio, Maracaibo 4005, Zulia, Venezuela"}
,{"p":"rodeoplaza","x":"8.5897117","y":"-71.16212","n":"Rodeo Plaza Shopping Mall","t":"4","c":"2529","s":"4.4","d":"0","a":"7,8,29,59","l":"Av. Las Américas, Mérida 5101, Mérida, Venezuela"}
,{"p":"milcakescafe","x":"8.6013676","y":"-70.192796","n":"Milcakes Cafe F.P.","t":"1","c":"1","s":"5.0","d":"0","a":"29,10,11,12","l":"Calle 3, Barinas 5201, Barinas, Venezuela"}
,{"p":"graficasmadrid","x":"10.156422","y":"-66.8867019","n":"Graficas Madrid - Facturas Seniat, Diseño Grafico, tarjetas de Presentacion, asesoria PETRO","t":"4","c":"0","s":"0.0","d":"0","a":"104,104,104,104","l":"Calle San Isidro, Res. San Isidro, cua 1211, Miranda, Venezuela"}]