[{"p":"windschief","x":"16.8588867","y":"-88.281852","n":"Windschief Beach Bar And MiniGolf","t":"2","c":"35","s":"4.7","d":"0","a":"100,96,15,32","l":"Hopkins, Belize"}
,{"p":"casasofiarestaurant","x":"17.209844","y":"-88.9415","n":"Casa Sofia Italian Restaurant","t":"0","c":"33","s":"4.4","d":"0","a":"102,108,71,15","l":"Western Highway, Unitedville, Belize"}
,{"p":"casasofiahotel","x":"17.209844","y":"-88.9417","n":"Casa Sofia Inn","t":"5","c":"33","s":"4.4","d":"0","a":"104,104,104,104","l":"Western Highway, Unitedville, Belize"}
,{"p":"mayalousplace","x":"17.2100257","y":"-88.9412167","n":"Maya Lous Place","t":"0","c":"12","s":"4.1","d":"0","a":"7,14,99,71","l":"Western Highway, Unitedville, Belize"}
,{"p":"bitcoinembassybar","x":"19.4117698","y":"-99.164668","n":"Bitcoin Embassy Bar","t":"2","c":"69","s":"4.7","d":"0","a":"59,14,32,8","l":"Medellín 191, Roma Nte., 06700 Ciudad de Mexico, CDMX, Mexico"}
,{"p":"alconmarket","x":"-91.8175181","y":"18.6635025","n":"Alcon Market","t":"3","c":"0","s":"0.0","d":"0","a":"59,104,104,104","l":"Calamar 1, Justo Sierra, 24114 Ciudad del Carmen, Campeche, Mexico"}
,{"p":"artehelado","x":"17.9917209","y":"-92.9471109","n":"Artehelado Villahermosa","t":"1","c":"36","s":"4.7","d":"0","a":"18,79,139,55","l":"Villahermosa, Tabasco, Mexico"}
,{"p":"verdepistache","x":"16.848293","y":"-99.8482528","n":"Verde Vegan Verde Pistache","t":"0","c":"13","s":"3.8","d":"0","a":"62,59,61,104","l":"Capitán James Cook 61, Costa Azul, 39850 Acapulco de Juárez, Gro., Mexico"}
,{"p":"rempahrempahcafebar","x":"18.4525012","y":"-69.9493383","n":"Rempah Rempah Cafe n Bar","t":"2","c":"44","s":"4.4","d":"0","a":"71,135,138,31","l":"Santo Domingo, Dominican Republic"}
,{"p":"peoplespub","x":"45.1928354","y":"-67.2761859","n":"Peoples Pub","t":"2","c":"38","s":"4.2","d":"0","a":"104,104,104,104","l":"Peoples Pub, 1 Milltown Blvd, Saint Stephen, NB, Canada"}
,{"p":"figures","x":"43.6739721","y":"-79.3960984","n":"Figures","t":"0","c":"322","s":"4.1","d":"0","a":"14,100,8,138","l":"Avenue Road, Toronto, ON, Canada"}
,{"p":"surfranchhotelresort","x":"11.249599","y":"-85.842958","n":"Surf Ranch Hotel n Resort","t":"5","c":"251","s":"3.5","d":"0","a":"59,104,104,104","l":"San Juan del Sur, Nicaragua"}
,{"p":"brunpanaderia","x":"8.9764589","y":"-79.5203753","n":"Brun Panadería, Pastelería n café","t":"2","c":"26","s":"4.5","d":"0","a":"115,29,15,16","l":"Avenida Balboa Centro comercial balboa boutiques, Panamá, Panama"}
,{"p":"charcupollo","x":"9.310467","y":"-70.6090757","n":"Charcupollo","t":"3","c":"0","s":"0.0","d":"0","a":"59,104,104,104","l":"Av 8, Valera 3101, Trujillo"}
,{"p":"tempobar","x":"9.3098586","y":"-70.6095493","n":"Tempo Bar","t":"2","c":"5","s":"3.2","d":"0","a":"59,31,32,33","l":"Valera 3101, Trujillo"}
,{"p":"solnicoyano","x":"10.1414111","y":"-85.4514847","n":"Tienda y Zapatería Sol Nicoyano","t":"4","c":"4","s":"3.8","d":"0","a":"62,59,61,104","l":"150, Calle 2, Provincia de Guanacaste, Nicoya, Costa Rica"}
,{"p":"backyardhotel","x":"9.5750229","y":"-84.603859","n":"The Backyard Hotel","t":"5","c":"313","s":"4.3","d":"0","a":"59,104,104,104","l":"Provincia de Puntarenas, Playa de Jaco, Costa Rica"}
,{"p":"bodegadayana","x":"-11.9973412","y":"-77.0078031","n":"Bodega Dayana","t":"4","c":"0","s":"0.0","d":"0","a":"59,61,104,104","l":"jr las Gravas 2061, san juan de, Peru"}
,{"p":"livernoismcgraw","x":"42.3404134","y":"-83.1277302","n":"Livernois-McGraw Party Store","t":"4","c":"55","s":"4.1","d":"0","a":"81,82,83,84","l":"5545 Livernois, Detroit, MI 48210, USA"}
,{"p":"carolinabeecompany","x":"36.201415","y":"-78.504301","n":"The Carolina Bee Company","t":"4","c":"2","s":"5.0","d":"0","a":"59,104,104,104","l":"3630 Charlie Grissom Rd, Kittrell, NC 27544, USA"}
,{"p":"kirby","x":"43.1435947","y":"-72.3732477","n":"Kirbys Q","t":"0","c":"46","s":"4.7","d":"0","a":"111,71,164,62","l":"River Street, Alstead, NH, USA"}
,{"p":"streetza360","x":"43.068945","y":"-70.773056","n":"STREETza 360","t":"0","c":"71","s":"4.6","d":"0","a":"71,99,14,62","l":"Islington Street, Portsmouth, NH, USA"}
,{"p":"liarsbench","x":"43.0725374","y":"-70.7687944","n":"Liars Bench Beer Co","t":"2","c":"117","s":"4.6","d":"0","a":"32,33,38,62","l":"Islington Street, Portsmouth, NH, USA"}
,{"p":"3sartspace","x":"43.0799851","y":"-70.7629727","n":"3S Artspace","t":"2","c":"161","s":"4.7","d":"0","a":"29,31,32,62","l":"Vaughan Street, Portsmouth, NH, USA"}
,{"p":"cascadeduchocolat","x":"42.981505","y":"-70.946847","n":"La Cascade Du Chocolat","t":"1","c":"25","s":"5.0","d":"0","a":"62,12,11,9","l":"109 Water St, Exeter, NH 03833, USA"}
,{"p":"misto","x":"43.120927","y":"-70.7198341","n":"Misto!","t":"0","c":"89","s":"4.4","d":"0","a":"62,59,61,104","l":"436 US-1, Kittery, ME 03904, USA"}
,{"p":"martinhillinn","x":"43.072465","y":"-70.7675072","n":"Martin Hill Inn","t":"5","c":"32","s":"4.7","d":"0","a":"62,59,61,104","l":"404 Islington St, Portsmouth, NH 03801, USA"}
,{"p":"blazeyoga","x":"43.067625","y":"-70.770235","n":"Blaze Yoga and Pilates","t":"999","c":"40","s":"5.0","d":"0","a":"62,59,61,104","l":"800 Islington St, Portsmouth, NH 03801, USA"}
,{"p":"schoolballett","x":"43.0694031","y":"-70.7693614","n":"Portsmouth School of Ballet","t":"999","c":"7","s":"5.0","d":"0","a":"62,59,61,104","l":"95 Brewery Ln #5A, Portsmouth, NH 03801, USA"}
,{"p":"oomphsalon","x":"43.069784","y":"-70.770669","n":"Oomph Salon","t":"999","c":"327","s":"5.0","d":"0","a":"62,59,61,104","l":"110 Brewery Ln #110, Portsmouth, NH 03801, USA"}
,{"p":"freshpress","x":"43.0762163","y":"-70.7588796","n":"The Fresh Press","t":"2","c":"61","s":"4.3","d":"0","a":"16,17,19,6","l":"90 Fleet St, Portsmouth, NH 03801, USA"}
,{"p":"smokeandvapecbd","x":"43.0781727","y":"-70.7588126","n":"Portsmouth Smoke and Vape-CBD","t":"4","c":"63","s":"4.6","d":"0","a":"62,59,61,104","l":"93 High St #5, Portsmouth, NH 03802, USA"}
,{"p":"cotillionbureau","x":"43.0788404","y":"-70.7566416","n":"Cotillion Bureau","t":"4","c":"4","s":"4.5","d":"0","a":"62,59,61,104","l":"65 Bow St, Portsmouth, NH 03801, USA"}
,{"p":"seacoasttheatre","x":"43.0786102","y":"-70.7545512","n":"Seacoast Repertory Theatre","t":"999","c":"218","s":"4.8","d":"0","a":"62,59,61,104","l":"125 Bow St, Portsmouth, NH 03801, USA"}
,{"p":"freestatebitcoin","x":"43.0768612","y":"-70.7546206","n":"Free State Bitcoin Shoppe","t":"4","c":"14","s":"4.0","d":"0","a":"62,59,61,104","l":"110 State Street, Portsmouth, NH 03801, USA"}
,{"p":"solsunwear","x":"43.0770566","y":"-70.754063","n":"Sol Sunwear Sunglasses","t":"4","c":"2","s":"5.0","d":"0","a":"62,59,61,104","l":"68 State Street, Portsmouth, NH 03801, USA"}
,{"p":"pickwicksmercantile","x":"43.0772407","y":"-70.7538307","n":"Pickwicks Mercantile","t":"0","c":"74","s":"4.8","d":"0","a":"62,59,61,104","l":"64 State Street, Portsmouth, NH 03801, USA"}
,{"p":"portcitycoin","x":"43.0555116","y":"-70.7689857","n":"Port City Coin n Jewelry","t":"4","c":"18","s":"5.0","d":"0","a":"62,59,61,104","l":"599 Lafayette Rd, Portsmouth, NH 03801, USA"}
,{"p":"lensdoctors","x":"43.054194","y":"-70.7696966","n":"Lens Doctors-Portsmouth","t":"4","c":"51","s":"4.6","d":"0","a":"62,59,61,104","l":"605 Lafayette Rd Suite 1, Portsmouth, NH 03801, USA"}
,{"p":"flowerroom","x":"43.1981733","y":"-70.8744589","n":"The Flower Room","t":"4","c":"23","s":"4.8","d":"0","a":"62,59,61,104","l":"474 Central Ave, Dover, NH 03820, USA"}
,{"p":"lineagevapors","x":"42.7632057","y":"-71.4660998","n":"Nashua - Lineage Vapors","t":"4","c":"200","s":"4.6","d":"0","a":"62,59,61,104","l":"60 Main St #220, Nashua, NH 03060, USA"}
,{"p":"tacobeyondo","x":"43.1166614","y":"-71.8911372","n":"Taco Beyondo","t":"0","c":"429","s":"4.8","d":"0","a":"62,59,61,104","l":"53 Henniker St, Hillsboro, NH 03244, USA"}
,{"p":"lineagevapors2","x":"42.8053268","y":"-71.5444644","n":"Merrimack - Lineage Vapors","t":"4","c":"38","s":"4.8","d":"0","a":"62,59,61,104","l":"707 Milford Rd, Merrimack, NH 03054, USA"}
,{"p":"oldebostonian","x":"44.4751073","y":"-71.548275","n":"The Olde Bostonian Tavern n Grille","t":"0","c":"12","s":"3.0","d":"0","a":"62,59,61,104","l":"200 Portland Street, At The Cabot Inn, Lancaster, NH 03584, USA"}
,{"p":"zicoshaircuts","x":"42.8790815","y":"-72.5615456","n":"Zicos Haircuts","t":"999","c":"16","s":"4.1","d":"0","a":"62,59,61,104","l":"896 Putney Rd #8, Brattleboro, VT 05301, USA"}
,{"p":"route101locals","x":"42.9153114","y":"-72.2473031","n":"Route 101 Local Goods","t":"4","c":"33","s":"4.6","d":"0","a":"62,59,61,104","l":"661 Marlboro St, Keene, NH 03431, USA"}
,{"p":"cheshirewellnesscenter","x":"42.934349","y":"-72.274221","n":"Cheshire Wellness Center","t":"999","c":"9","s":"5.0","d":"0","a":"62,59,61,104","l":"103 Roxbury St Suite 103, Keene, NH 03431, USA"}
,{"p":"thirstyowl","x":"42.9280374","y":"-72.2830562","n":"Thirsty Owl","t":"0","c":"21","s":"4.7","d":"0","a":"62,59,61,104","l":"141 Winchester St, Keene, NH 03431, USA"}
,{"p":"hothogs","x":"42.9306435","y":"-72.2805333","n":"Hot Hogs BBQ","t":"1","c":"2","s":"5.0","d":"0","a":"62,59,61,104","l":"100 Emerald St, Keene, NH 03431, USA"}
,{"p":"curryindian","x":"42.9312326","y":"-72.2833466","n":"Curry Indian Restaurant and Groceries","t":"0","c":"153","s":"4.7","d":"0","a":"62,59,61,104","l":"149 Emerald St, Keene, NH 03431, USA"}
,{"p":"littlezoes","x":"42.9312753","y":"-72.2848349","n":"Little Zoes Pizza. Brick oven and Take n Bake","t":"0","c":"31","s":"4.7","d":"0","a":"62,59,61,104","l":"149 Emerald St #5, Keene, NH 03431, USA"}
,{"p":"streetsavory","x":"43.1128684","y":"-72.3238179","n":"Street n Savory (Food Truck)","t":"1","c":"0","s":"0.0","d":"0","a":"59,104,104,104","l":"548A Alstead Center Rd, Alstead, NH 03602, USA"}
,{"p":"campusstore","x":"42.9275424","y":"-72.2832991","n":"Campus Convenience Store","t":"3","c":"6","s":"2.7","d":"0","a":"59,104,104,104","l":"152 Winchester St, Keene, NH 03431, USA"}
,{"p":"makeitso","x":"42.931414","y":"-72.27709","n":"Monadnock Makerspace Coworking","t":"999","c":"2","s":"5.0","d":"0","a":"62,59,61,104","l":"12 Eagle Ct, Keene, NH 03431, USA"}
,{"p":"localburger","x":"42.9321576","y":"-72.2778317","n":"Local Burger","t":"0","c":"296","s":"4.4","d":"0","a":"62,59,61,104","l":"82 Main St, Keene, NH 03431, USA"}
,{"p":"thecornernews","x":"42.9323554","y":"-72.2785143","n":"The Corner News","t":"4","c":"66","s":"4.6","d":"0","a":"62,59,61,104","l":"67 Main St, Keene, NH 03431, USA"}
,{"p":"modasuostudio","x":"42.9333563","y":"-72.2788846","n":"Moda Suo Studio Hair Salon","t":"999","c":"31","s":"4.7","d":"0","a":"62,59,61,104","l":"7 Main St Suite #1, Keene, NH 03431, USA"}
,{"p":"zicoshaircuts","x":"42.8790815","y":"-72.5615456","n":"Zicos Haircuts","t":"999","c":"16","s":"4.1","d":"0","a":"62,59,61,104","l":"896 Putney Rd #8, Brattleboro, VT 05301, USA"}
,{"p":"bangkokexpress","x":"39.106399","y":"-84.51482","n":"Bangkok Express Thai Restaurant","t":"0","c":"83","s":"3.5","d":"0","a":"62,59,61,104","l":"12 W Court St, Cincinnati, OH 45202, USA"}
,{"p":"salonsibell","x":"30.495536","y":"-97.6539311","n":"Salon Sibell","t":"999","c":"21","s":"4.8","d":"0","a":"62,59,61,104","l":"2051 Gattis School Rd #190, Round Rock, TX 78664, USA"}
,{"p":"laughingfrogs","x":"37.7188648","y":"-122.0780632","n":"Laughing Frogs Health Consultant","t":"999","c":"1","s":"5.0","d":"0","a":"62,59,61,104", "l":"laughingfrogs.com"}
,{"p":"murphysdiner","x":"42.9855489","y":"-71.4635307","n":"Murphys Diner - American Restaurant","t":"0","c":"283","s":"3.8","d":"0","a":"59,104,104,104","l":"516 Elm St, Manchester, NH 03101, USA"}
,{"p":"murphystaproom","x":"42.985186","y":"-71.4634037","n":"Murphys Taproom - Airy saloon with a deep beer list","t":"0","c":"543","s":"4.0","d":"0","a":"32,33,38,32","l":"494 Elm St, Manchester, NH 03101, USA"}
,{"p":"street","x":"43.069034","y":"-70.7732358","n":"STREET eat-drink 360","t":"0","c":"668","s":"4.5","d":"0","a":"7,15,99,71","l":"STREET eat-drink 360, Islington Street, Portsmouth, NH, USA"}
,{"p":"lamaisonnavarre","x":"43.076224","y":"-70.760166","n":"La Maison Navarre - Pastry, Bistro, Wine Bar","t":"2","c":"219","s":"4.8","d":"0","a":"133,81,109,134","l":"Congress Street, Portsmouth, NH, USA"}
,{"p":"fezziwig","x":"43.0768584","y":"-70.7546156","n":"Fezziwigs Food and Fountain","t":"0","c":"100","s":"4.7","d":"0","a":"81,109,15,8","l":"State Street, Portsmouth, NH, USA"}
,{"p":"theboldmariner","x":"36.8761266","y":"-76.3054246","n":"The Bold Mariner Brewing Company","t":"2","c":"88","s":"4.6","d":"0","a":"32,8,119,32","l":"Bowdens Ferry Road, Norfolk, VA, USA"}
,{"p":"lasireneupper","x":"40.7838279","y":"-73.9780648","n":"La Sirene Upper West Side","t":"0","c":"70","s":"4.4","d":"0","a":"38,100,97,109","l":"Amsterdam Avenue, New York, NY, USA"}
,{"p":"lasirenesoho","x":"40.724543","y":"-74.005667","n":"La Sirene SOHO","t":"0","c":"269","s":"4.5","d":"0","a":"38,100,97,109","l":"Broome Street, Manhattan, New York, NY, USA"}
,{"p":"mamacha","x":"40.725087","y":"-73.99269","n":"MAMACHA - Art Cafe","t":"2","c":"44","s":"4.5","d":"0","a":"29,164,165,166","l":"Bowery, New York, NY, USA"}
,{"p":"koreanspringbbq","x":"37.3458412","y":"-121.9783956","n":"Korean Spring","t":"0","c":"177","s":"4.2","d":"0","a":"100,111,112,113","l":"Kiely Boulevard, Santa Clara, CA, USA"}
,{"p":"mysticwater","x":"33.7350897","y":"-117.997063","n":"Mystic Water Kava Bar","t":"2","c":"48","s":"4.5","d":"0","a":"6,166,167,168","l":"Center Avenue, Huntington Beach, CA, USA"}
,{"p":"trevipasta","x":"28.5708916","y":"-81.3896557","n":"Trevi Pasta","t":"0","c":"207","s":"4.6","d":"0","a":"102,114,112,18","l":"Edgewater Drive, Orlando, FL, USA"}
,{"p":"bandung","x":"43.0770448","y":"-89.374404","n":"Bandung Indonesian Restaurant","t":"0","c":"244","s":"4.5","d":"0","a":"131,71,108,96","l":"Williamson Street, Madison, WI, USA"}
,{"p":"citylounge","x":"42.958897","y":"-87.863421","n":"City Lounge","t":"2","c":"263","s":"4.0","d":"0","a":"37,126,132,119","l":"East Layton Avenue, Cudahy, WI, USA"}
,{"p":"luminous","x":"44.8029692","y":"-106.9537325","n":"Luminous Brewhouse","t":"2","c":"76","s":"4.6","d":"0","a":"32,33,55,119","l":"Broadway Street, Sheridan, WY, USA"}
,{"p":"mill","x":"44.774132","y":"-106.9417101","n":"Mill Inn","t":"5","c":"119","s":"4.5","d":"0","a":"104,104,104,104","l":"Coffeen Avenue, Sheridan, WY, USA"}
,{"p":"classiccrustpizza","x":"33.5974227","y":"-112.0351418","n":"Classic Crust Pizza","t":"0","c":"180","s":"4.2","d":"0","a":"14,102,108,109","l":"Classic Crust Pizza, E Cactus Rd, Phoenix, AZ, USA"}
,{"p":"steaknhoagie","x":"35.095978","y":"-80.6775481","n":"Steak n Hoagie Shop","t":"0","c":"0","s":"0.0","d":"0","a":"59,104,104,104","l":"1542 Stallings Road, Matthews, North Carolina, 28104, USA"}
,{"p":"lolliquors","x":"29.548738","y":"-98.344312","n":"LOL LIQUORS","t":"4","c":"115","s":"4.8","d":"0","a":"59,104,104,104","l":"12107 Toepperwein Rd #6, Live Oak, TX 78233, USA"}
,{"p":"bardofarm","x":"43.4677437","y":"72.1694528","n":"Bardo Farm","t":"3","c":"0","s":"0.0","d":"0","a":"59,104,104,104","l":"92 Forehand Rd, Croydon, NH 03773, USA"}
,{"p":"livingtea1","x":"32.7604005","y":"-117.1304427","n":"Living Tea Kombucha San Diego","t":"2","c":"21","s":"4.8","d":"0","a":"16,106,8,37","l":"4566 30th St, San Diego, CA 92116, USA"}
,{"p":"livingtea2","x":"33.1877799","y":"-117.3748915","n":"Living Tea Kombucha Oceanside","t":"2","c":"50","s":"4.8","d":"0","a":"16,106,8,37","l":"302 Wisconsin Ave, Oceanside, CA 92054, USA"}
,{"p":"theradler","x":"41.9244245","y":"-87.6996207","n":"The Radler","t":"2","c":"560","s":"4.4","d":"0","a":"59,8,106,109","l":"2375 N Milwaukee Ave, Chicago, IL 60647, USA"}
,{"p":"lanayferme","x":"40.299661","y":"-111.647183","n":"La Nay Ferme","t":"3","c":"13","s":"4.2","d":"0","a":"59,104,104,104","l":"4800 E Lawn Dr, Provo, UT 84604, USA"}
,{"p":"pexpeppers","x":"38.2357379","y":"-104.6325228","n":"PexPeppers Hot Sauce LLC","t":"4","c":"12","s":"4.6","d":"0","a":"59,104,104,104","l":"1808 Logan Ave, Pueblo, CO 81004, USA"}
,{"p":"williamsconfectionary","x":"29.5487152","y":"-98.3443965","n":"Williams Confectionery Crafts","t":"1","c":"361","s":"4.7","d":"0","a":"59,104,104,104","l":"12107 Toepperwein Rd #5A, Live Oak, TX 78233, USA"}
,{"p":"cubcoffee","x":"47.6169365","y":"-122.1812102","n":"Cub Coffee","t":"2","c":"9","s":"5.0","d":"0","a":"59,29,8,29","l":"11909 NE 8th St, Bellevue, WA 98005, USA"}
,{"p":"lapastaseattle","x":"47.695104","y":"-122.290449","n":"La Pasta Seattle","t":"0","c":"27","s":"4.6","d":"0","a":"59,104,104,104","l":"9118 35th Ave NE, Seattle, WA 98115, USA"}
,{"p":"williamsconfectionary","x":"29.5487152","y":"-98.3443965","n":"Williams Confectionery Crafts","t":"0","c":"362","s":"4.7","d":"0","a":"59,104,104,104","l":"12107 Toepperwein Rd #5A, Live Oak, TX 78233, USA"}
,{"p":"hotdogsbbq","x":"42.9303977","y":"-72.2814372","n":"Hot Hogs BBQ","t":"1","c":"7","s":"4.7","d":"0","a":"59,104,104,104","l":"100 Emerald St, Keene, NH 03431, USA"}
,{"p":"recargabotellon","x":"10.508430","y":"-66.908923","n":"Recarga Tu Botellon - Agua Fresca De La Montana","t":"1","c":"0","s":"0.0","d":"0","a":"59,60,61,104","l":"Caracas, Venezuela"}
,{"p":"muerdelacarne","x":"10.6686013","y":"-71.612962","n":"Muerde La Carne","t":"0","c":"321","s":"4.5","d":"0","a":"7,15,138,100","l":"Avenida 10, Maracaibo, Zulia, Venezuela"}
,{"p":"meranto","x":"10.1812413","y":"-64.6820729","n":"Caffe Meranto","t":"2","c":"39","s":"4.5","d":"0","a":"29,16,11,142","l":"Caffè Meranto, Lecheria, Anzoategui, Venezuela"}
,{"p":"lasempanadas","x":"10.2038044","y":"-64.6280279","n":"Las Empanadas de Simon","t":"0","c":"22","s":"4.9","d":"0","a":"140,141,55,32","l":"Puerto La Cruz, Anzoategui, Venezuela"}
,{"p":"altomarr","x":"10.5995736","y":"-67.040493","n":"Restaurante Alto Mar","t":"0","c":"114","s":"4.4","d":"0","a":"111,8,143,55","l":"Avenida La Armada, Catia La Mar, Vargas, Venezuela"}
,{"p":"altomarh","x":"10.5995734","y":"-67.040491","n":"Hotel Alto Mar","t":"5","c":"154","s":"4.4","d":"0","a":"98,8,55,127","l":"Avenida La Armada, Catia La Mar, Vargas, Venezuela"}
,{"p":"posada","x":"10.4885315","y":"-67.6122634","n":"Posada El Oasis","t":"5","c":"7","s":"4.1","d":"0","a":"104,104,104,104","l":"Choroni, Aragua, Venezuela"}
,{"p":"fanatic","x":"9.5639874","y":"-69.2035326","n":"Fanatic Sport Bar","t":"2","c":"142","s":"4.4","d":"0","a":"31,32,71,99","l":"Calle 31, Acarigua, Portuguesa, Venezuela"}
,{"p":"steakburger","x":"9.5667649","y":"-69.215185","n":"Steak Burger","t":"0","c":"174","s":"4.6","d":"0","a":"7,99,137,100","l":"Avenida Las Lagrimas, Araure, Portuguesa, Venezuela"}
,{"p":"lasogagrillbar","x":"9.5637874","y":"-69.2132714","n":"La Soga Grill n Bar","t":"0","c":"158","s":"4.6","d":"0","a":"7,111,99,100","l":"Araure, Portuguesa, Venezuela"}
,{"p":"litalia","x":"9.558281","y":"-69.204444","n":"LItalia Restaurant","t":"0","c":"21","s":"4.2","d":"0","a":"102,108,71,15","l":"Acarigua, Portuguesa, Venezuela"}
,{"p":"altosdeleste","x":"7.7724126","y":"-72.209355","n":"Panaderia Altos del Este","t":"1","c":"69","s":"4.0","d":"0","a":"115,116,117,142","l":"San Cristobal, Tachira, Venezuela"}
,{"p":"buddhabar","x":"10.4806044","y":"-66.8553371","n":"Rest. Buddha Bar Caracas","t":"0","c":"370","s":"4.5","d":"0","a":"67,109,56,138","l":"212 Calle Orinoco, Caracas 1060, Miranda, Venezuela"}
,{"p":"wowfles","x":"10.5193129","y":"-66.9381218","n":"WOWFLES Venezuela","t":"0","c":"9","s":"3.7","d":"0","a":"59,104,104,104","l":"Calle Ruperto Lugo 1A, Caracas 1030, Capital District, Venezuela"}
,{"p":"paradisesushi","x":"10.481771","y":"-66.938941","n":"Paradise Sushi Lounge","t":"0","c":"83","s":"4.5","d":"0","a":"100,94,55,67","l":"1020 Av Paez, El Paraiso, Frente a la plaza Washington, Caracas 1020, Distrito Capital, Venezuela"}
,{"p":"sweetfamily","x":"10.4916371","y":"-66.8770576","n":"Sweet Family","t":"2","c":"0","s":"0.0","d":"0","a":"59,133,29,9","l":"Torre Citibank, Av. Casanova, Caracas 1050, Distrito Capital, Venezuela"}
,{"p":"gourmetplanet","x":"10.4974526","y":"-66.8229002","n":"GourmetPlanet - C.C. Boleita Center","t":"0","c":"9","s":"4.8","d":"0","a":"15,8,55,138","l":"Caracas 1071, Miranda, Venezuela"}
,{"p":"amarelocoffeeandtea","x":"10.4688787","y":"-64.1770069","n":"Amarelo Coffee-Tea - CC hipergalerias","t":"2","c":"36","s":"4.8","d":"0","a":"59,29,136,8","l":"CC hipergalerias, Avenida Humboldt, Cumaná 6101, Sucre, Venezuela"}
,{"p":"yakitoribar","x":"10.5050811","y":"-66.8435991","n":"Yakitori Bar","t":"2","c":"36","s":"4.0","d":"0","a":"135,67,94,96","l":"Avenida Transversal 6, Caracas 1060, Distrito Capitalliquid, Venezuela"}
,{"p":"yakitorivallearriba","x":"10.4672929","y":"-66.8663033","n":"Yakitori Valle Arriba","t":"0","c":"29","s":"4.4","d":"0","a":"15,69,56,100","l":"Caracas 1080, Miranda, Venezuela"}
,{"p":"niunadietamas","x":"10.4862815","y":"-66.8209482","n":"Ni Una Dieta Más - Dulces sin azucar","t":"1","c":"0","s":"0.0","d":"0","a":"59,104,104,104","l":"Caracas 1071, Miranda, Venezuela"}
,{"p":"cafemicosa","x":"10.4941485","y":"-66.8779468","n":"Coffee My Thing - Café Mi Cosa - C.C. City Market","t":"2","c":"6","s":"4.8","d":"0","a":"29,109,95,133","l":"Caracas 1050, Capital District, Venezuela"}
,{"p":"losgolfeadosdesamuel","x":"10.4895514","y":"-66.855454","n":"Los Golfeados de Samuel","t":"2","c":"6","s":"4.8","d":"0","a":"59,133,146,109","l":"Merpoeste. Piso 2 Local 105 Nivel Los Andes, Pasillo Manatí, Calle Chico Carrasquel, Caracas 1060, Miranda, Venezuela"}
,{"p":"elcafedebetto","x":"10.4652125","y":"-66.5709378","n":"El Café De Betto - C.C. Oasis Center","t":"2","c":"11","s":"3.9","d":"0","a":"59,29,8,109","l":"Centro Comercial Oasis Center, Guatire 1221, Miranda, Venezuela"}
,{"p":"mazalgourmetmiranda","x":"10.4399388","y":"-66.8360942","n":"Mazal Gourmet - Galerias Los Naranjos","t":"0","c":"0","s":"0.0","d":"0","a":"59,133,16,8","l":"Caracas 1083, Miranda, Venezuela"}
,{"p":"shulios","x":"11.7074558","y":"-70.1990151","n":"Shuilios Pizzas","t":"0","c":"19","s":"4.6","d":"0","a":"59,104,104,104","l":"4102, Punto Fijo 4122, Falcón, Venezuela"}
,{"p":"massimogourmet","x":"10.4887749","y":"-66.8789141","n":"Massimo Gourmet","t":"0","c":"8","s":"4.0","d":"0","a":"59,104,104,104","l":"Caracas 1080, Miranda, Venezuela"}
,{"p":"mazalgourmetcolinas","x":"10.4668534","y":"-66.8661055","n":"Mazal Gourmet - C. C. Colinas de Valle","t":"0","c":"1","s":"4.0","d":"0","a":"59,133,16,8","l":"Centro Comercial Colinas de Valle Arriba, Caracas 1.080, Caracas 1080, Distrito Capital, Venezuela"}
,{"p":"cafelemans","x":"10.5057958","y":"-66.8999469","n":"Cafe Le Mans","t":"2","c":"12","s":"4.7","d":"0","a":"29,12,11,9","l":"Avenida Vollmer, Caracas, Capital District, Venezuela"}
,{"p":"gold2020","x":"10.507029","y":"-66.9087953","n":"Distribuidora GOLD 2020 alimentos frutas supermercado","t":"3","c":"1","s":"5.0","d":"0","a":"19,5,50,65","l":"Avenida Fuerzas Armadas, Caracas 1010, Distrito Capital, Venezuela"}
,{"p":"crowndonuts","x":"10.4961772","y":"-66.8542148","n":"Crown Donuts","t":"1","c":"10","s":"4.9","d":"0","a":"59,146,109,139","l":"Mercado Municipal de Chacao, Calle Cecilio Acosta, Pueblo de Chacao Diagonal a la entrada del estacionamiento del, Caracas 1060, Miranda, Venezuela"}
,{"p":"nonnabella","x":"10.4912958","y":"-66.8691137","n":"Nonna Bella Sabana Grande","t":"0","c":"341","s":"4.2","d":"0","a":"102,14,100,16","l":"Bulevar de Sabana Grande, Caracas 1060, Distrito Capital, Venezuela"}
,{"p":"churchchickenccamericas","x":"10.4589722","y":"66.8292446","n":"Texas Chicken","t":"0","c":"30","s":"3.5","d":"0","a":"59,71,101,143","l":"Caracas 1061, Distrito Capital, Venezuela"}
,{"p":"araxiburger","x":"10.484667","y":"-66.862312","n":"Araxi Burger Grill n Gourmet","t":"0","c":"645","s":"4.4","d":"0","a":"7,111,99,133","l":"Calle Madrid, Caracas 1080, Distrito Capital, Venezuela"}
,{"p":"doncarlos","x":"10.4949858","y":"-66.8784462","n":"Restaurant Don Carlos - C.C. Sabana Grande - sótano 43","t":"0","c":"0","s":"0.0","d":"0","a":"59,111,56,138","l":"Calle Villaflor, Caracas 1050, Distrito Capital, Venezuela"}
,{"p":"lapaleteriaartesanal","x":"10.495231","y":"-66.832742","n":"La Paletería Artesanal - C.C. Millennium","t":"1","c":"0","s":"0.0","d":"0","a":"59,109,18,8","l":"Los Dos Caminos, Caracas 1070, Miranda, Venezuela"}
,{"p":"yayustexmexgrillmangos","x":"10.4332904","y":"-66.8837051","n":"Yayus Tex Mex Grill - C.C. Manzanares Plaza","t":"0","c":"30","s":"4.1","d":"0","a":"59,8,106,138","l":"Calle Los Mangos, Caracas 1083, Miranda, Venezuela"}
,{"p":"chipacookie","x":"10.4338744","y":"-66.8836492","n":"Chip-a-cookie - C.C. Manzanares Plaza","t":"2","c":"0","s":"0.0","d":"0","a":"59,29,12,8","l":"Calle Los Mangos, Caracas 1080, Miranda, Venezuela"}
,{"p":"sociedaddelcafe","x":"10.4981441","y":"-66.8430445","n":"Cafetería Sociedad del Café","t":"2","c":"172","s":"4.7","d":"0","a":"8,7,16,101","l":"Avenida Francisco de Miranda, Caracas 1060, Miranda, Venezuela"}
,{"p":"bonappetit","x":"10.494118","y":"-66.8780864","n":"Bon Appetit - C.C. City Market nivel Feria","t":"2","c":"1","s":"2.0","d":"0","a":"59,104,104,104","l":"Calle Unión, Bulevar de Sabana Grande, Caracas 1050, Distrito Capital, Venezuela"}
,{"p":"planetsandwich","x":"10.4974977","y":"-66.8229553","n":"Planet Sandwich","t":"0","c":"0","s":"0.0","d":"0","a":"59,15,16,115","l":"Final Calle Imboca, Caracas, Miranda, 1071, Venezuela"}
,{"p":"hachebistro","x":"10.5031157","y":"-66.8312804","n":"Hache Bistro","t":"0","c":"76","s":"4.3","d":"0","a":"59,15,143,115","l":"Dentro de Centro Cultural Los Galpones, Transversal 8, Avenida Sucre, Caracas 1071, Miranda, Venezuela"}
,{"p":"churchchickenlacascada","x":"10.3551461","y":"-67.0024613","n":"Churchs Chicken","t":"0","c":"11","s":"3.5","d":"0","a":"71,143,16,101","l":"Centro Comercial Ciudad La Cascada, Nivel Feria, Local Local: N2-13, Carretera Panamericana, Municipio Carrizal, Miranda, Venezuela"}
,{"p":"fortalezayvida","x":"10.5037123","y":"-66.9529092","n":"Cafetin fortaleza y vida - C.C. Propatria","t":"2","c":"0","s":"0.0","d":"0","a":"59,29,9,8","l":"Caracas 1030, Distrito Capital, Venezuela"}
,{"p":"comoncasa","x":"10.5042652","y":"-66.911813","n":"COMO n CASA - C.C. El Gallo De Oro","t":"0","c":"0","s":"0.0","d":"0","a":"59,104,104,104","l":"Caracas 1012, Distrito Capital, Venezuela"}
,{"p":"planetsandwich","x":"10.4974977","y":"-66.8229553","n":"Planet Sandwich - C.C. Boleíta Center","t":"0","c":"0","s":"0.0","d":"0","a":"59,15,16,115","l":"Caracas 1071, Miranda, Venezuela"}
,{"p":"mediterraneogourmet","x":"10.4972026","y":"-66.8514195","n":"Mediterráneo Gourmet","t":"0","c":"3","s":"5.0","d":"0","a":"59,8,109,133","l":"Avenida Eugenio Mendoza, Caracas 1060, Distrito Capital"}
,{"p":"practipizza","x":"10.372183","y":"-66.9697335","n":"Practipizza","t":"0","c":"3","s":"3.7","d":"0","a":"59,14,16,8","l":"San Antonio de Los Altos 1204, Miranda"}
,{"p":"epiko","x":"10.4968887","y":"-66.8229248","n":"Épiko","t":"2","c":"90","s":"4.3","d":"0","a":"59,8,16,29","l":"Calle Sanatorio del Ávila. Centro Empresarial Ciudad Center., Torre F. Local L-1F PLanta Baja, Caracas 1071, Miranda, Venezuela"}
,{"p":"nortedelsur","x":"10.4235424","y":"-66.8277652","n":"Norte del Sur Brewhouse","t":"2","c":"40","s":"4.5","d":"0","a":"106,8,32,7","l":"Calle Comercio, Caracas 1083, Miranda, Venezuela"}
,{"p":"granpremier","x":"10.4754685","y":"-66.1001766","n":"Panadería Gran Premier","t":"1","c":"28","s":"4.5","d":"0","a":"59,116,117,8","l":"Urb, Higuerote 1231, Miranda, Venezuela"}
,{"p":"romanina","x":"10.4970397","y":"-66.8529426","n":"Pizzería Romanina","t":"0","c":"956","s":"4.3","d":"0","a":"59,14,16,8","l":"Avenida Ávila, Caracas 1060, Miranda, Venezuela"}
,{"p":"melomanos1","x":"8.6234558","y":"-71.1001658","n":"Restaurant Melomanos COMIDA LENTA","t":"0","c":"12","s":"4.7","d":"0","a":"135,138,55,111","l":"5116, Mérida, Venezuela"}
,{"p":"melomanos2","x":"8.6323221","y":"-71.067605","n":"Restaurat Melomanos Comida Lenta","t":"0","c":"2","s":"5.0","d":"0","a":"111,55,135,138","l":"Tabay 5116, Mérida, Venezuela"}
,{"p":"shajuanma","x":"10.471015","y":"-66.5947983","n":"Sha Juanma","t":"0","c":"154","s":"4.4","d":"0","a":"7,99,129,55","l":"Av Las Aves, Guarenas 1220, Miranda, Venezuela"}
,{"p":"viejopuente","x":"10.4998042","y":"-66.897662","n":"Rest. Viejo Puente","t":"0","c":"5","s":"5.0","d":"0","a":"6,15,16,8","l":"Eje de buen vivir, Centro Cultural Bellas Artes, Caracas 1011, Capital District, Venezuela"}
,{"p":"rajatabla","x":"10.4996035","y":"-66.8979084","n":"Café Rajatabla","t":"2","c":"2","s":"4.0","d":"0","a":"29,33,36,41","l":"Eje de buen vivir, Centro Cultural Bellas Artes, Caracas 1011, Capital District, Venezuela"}
,{"p":"naturagourmet","x":"10.500291","y":"-66.8979136","n":"Natura Gourmet Cafetería","t":"2","c":"4","s":"4.8","d":"0","a":"12,16,9,29","l":"Eje de buen vivir, Centro Cultural Bellas Artes, Caracas 1011, Capital District, Venezuela"}
,{"p":"baccocafemuseo","x":"10.499795","y":"-66.8976044","n":"Bacco Café Museo","t":"2","c":"8","s":"4.9","d":"0","a":"29,16,8,139","l":"Eje de buen vivir, Centro Cultural Bellas Artes, Caracas 1011, Capital District, Venezuela"}
,{"p":"candyshopcrunchy","x":"10.5034","y":"-66.9007015","n":"CANDY SHOP CRUNCHY - C.C. Parque Caracas","t":"4","c":"8","s":"4.5","d":"0","a":"59,142,109,92","l":"AV ESTE 0 CON SUR 21, NIVEL PLANTA BAJA LOCAL 61 A 2 ALADO DE BURGER KING, 1010, Distrito Capital, Venezuela"}
,{"p":"dfrutatucafe","x":"10.5033","y":"-66.9007015","n":"D FRUTA TU CAFE - C.C. Parque Caracas","t":"2","c":"2","s":"5.0","d":"0","a":"33,146,117,9","l":"AV ESTE 0 CON SUR 21, NIVEL PLATA BAJA LOCAL 24 FERIA DEL CENTRO COMERCIA ENTRADA POR BURGER KING, Caracas 1010, Distrito Capital, Venezuela"}
,{"p":"papeleriaaraguaney","x":"10.5032","y":"-66.9007967","n":"PAPELERIA ARAGUANEY - C.C. Parque Caracas","t":"4","c":"1","s":"5.0","d":"0","a":"59,61,104,104","l":"AV ESTE 0 CON SUR 21, NIVEL PLATA BAJA LOCAL 57 ALADO DE BURGER KING, Caracas 1010, Distrito Capital, Venezuela"}
,{"p":"lacofuteria","x":"10.4493961","y":"-66.8808935","n":"La Cotuferia","t":"1","c":"4","s":"4.3","d":"0","a":"59,104,104,104","l":"Galerias Prados Del Este, Caracas 1080, Miranda, Venezuela"}
,{"p":"ferradiniccct","x":"10.4850004","y":"-66.8552104","n":"Ferradini C.C.C.T","t":"4","c":"1","s":"5.0","d":"0","a":"53,65,54,107","l":"Caracas 1064, Capital District, Venezuela"}
,{"p":"trakielrecreo1","x":"10.4926647","y":"-66.8774","n":"Traki - Clothing","t":"4","c":"1047","s":"3.8","d":"0","a":"53,65,54,107","l":"Avenida Casanova, Centro Comercial El Recreo, Caracas 1050, Venezuela"}
,{"p":"trakielrecreo2","x":"10.4926647","y":"-66.8775","n":"Traki - Supermarket","t":"3","c":"1047","s":"3.8","d":"0","a":"53,65,54,107","l":"Avenida Casanova, Centro Comercial El Recreo, Caracas 1050, Venezuela"}
,{"p":"lanegra","x":"10.4894038","y":"-66.9172629","n":"La Negra Repostería Artesanal","t":"3","c":"5","s":"4.4","d":"0","a":"59,104,104,104","l":"Av. Guzman Blanco, Caracas 1020, Capital District, Venezuela"}
,{"p":"naturalitico","x":"10.3749922","y":"-66.9601768","n":"Naturalitico","t":"1","c":"14","s":"4.5","d":"0","a":"59,139,18,17","l":"Av. Francisco Salias, Complejo Cultural y Deportivo, San Antonio de Los Altos 1204, Miranda, Venezuela"}
,{"p":"fajitasexpressca","x":"10.0600684","y":"-69.346178","n":"Fajitas Express c.a.","t":"0","c":"74","s":"4.7","d":"0","a":"7,16,130,143","l":"Carrera 15, Barquisimeto 3001, Lara, Venezuela"}
,{"p":"laborguesa","x":"10.4740323","y":"-66.564027","n":"La Borguesa, Gourmet Burguer n Grill","t":"0","c":"56","s":"4.2","d":"0","a":"14,16,99,15","l":"Calle principal, C.C. Villa Ávila, nivel PS, Local 16, Urbanización, Guatire 1221, Miranda, Venezuela"}
,{"p":"avilaburger","x":"10.5051236","y":"-66.8432283","n":"Avila Burger Los Palos Grandes","t":"0","c":"776","s":"4.5","d":"0","a":"7,101,56,71","l":"Av. Transversal 6, Caracas 1060, Miranda, Venezuela"}
,{"p":"accademia","x":"10.5014651","y":"-66.8491358","n":"Accademia del Caffé Carbone Espresso","t":"4","c":"86","s":"4.8","d":"0","a":"59,29,53,8","l":"Altamira, Avenida 6, Entre Transversal 5 y 3, Caracas 1060, Miranda, Venezuela"}
,{"p":"donmanuelgrill","x":"10.5958674","y":"-66.9519972","n":"Don Manuel Grill","t":"0","c":"238","s":"4.6","d":"0","a":"7,99,71,101","l":"Calle Los Baños, Maiquetía 1161, Vargas, Venezuela"}
,{"p":"casavrinda1","x":"10.5089","y":"-66.9135","n":"Casa Vrinda - Vrinda Veg","t":"0","c":"201","s":"4.5","d":"0","a":"4,25,6,26","l":"Calle Real de Carballo, Caracas 1010, Distrito Capital, Venezuela"}
,{"p":"casavrinda2","x":"10.5091","y":"-66.9135","n":"Casa Vrinda - Vrinda Yoga","t":"999","c":"201","s":"4.5","d":"0","a":"59,25,6,26","l":"Calle Real de Carballo, Caracas 1010, Distrito Capital, Venezuela"}
,{"p":"casavrinda3","x":"10.5090","y":"-66.9135","n":"Casa Vrinda - Vrinda Shop","t":"4","c":"201","s":"4.5","d":"0","a":"4,25,6,8","l":"Calle Real de Carballo, Caracas 1010, Distrito Capital, Venezuela"}
,{"p":"foodandtools","x":"10.5109173","y":"-66.9131716","n":"Food n Tools","t":"3","c":"1","s":"5.0","d":"0","a":"59,104,104,104","l":"Av. Norte cruze Av. Oeste 7, Caracas 1010, Capital District, Venezuela"}
,{"p":"fruteriadistribuidor","x":"10.5105362","y":"-66.9132829","n":"Fruteria y Distribuidor","t":"3","c":"1","s":"5.0","d":"0","a":"59,17,53,65","l":"Escondido en la esquina, Av. Norte, Caracas 1010, Capital District, Venezuela"}
,{"p":"kibbehouse","x":"10.5041904","y":"-66.9119337","n":"Kibbe House - Shawarma y Falafel","t":"1","c":"1","s":"4.0","d":"0","a":"59,104,104,104","l":"Avenida Sur 3, Caracas 1012, Distrito Capital, Venezuela"}
,{"p":"cocofresh","x":"10.504158","y":"-66.9119592","n":"CocoFresh Cocadas","t":"1","c":"1","s":"5.0","d":"0","a":"59,104,104,104","l":"Avenida Sur 3, Caracas 1012, Distrito Capital, Venezuela"}
,{"p":"cocofactorypanteon","x":"10.5082899","y":"-66.9135129","n":"Coco Factory - Panteon","t":"1","c":"1","s":"5.0","d":"0","a":"59,104,104,104","l":"Boulevard Panteón, Caracas 1010, Distrito Capital, Venezuela"}
,{"p":"cambururdaneta","x":"10.507692","y":"-66.9133003","n":"Puesto de Cambur Urdaneta","t":"1","c":"1","s":"5.0","d":"0","a":"59,104,104,104","l":"En Frente Edificio Caruao, Av. Urdaneta, Caracas 1010, Distrito Capital, Venezuela"}
,{"p":"burgercenter","x":"10.5045184","y":"-66.9171379","n":"Burger Center","t":"0","c":"8","s":"4.4","d":"0","a":"7,139,99,16","l":"Centro Comercial Metrocenter Nivel Amarillo Local PA-07, Caracas 1012, Distrito Capital, Venezuela"}
,{"p":"fruteriayestacionamiento","x":"10.5096013","y":"-66.9177186","n":"Fruteria y Estacionamiento Cerca De OPPPE","t":"3","c":"5","s":"4.0","d":"0","a":"59,104,104,104","l":"Avenida Oeste 3, Caracas 1010, Distrito Capital, Venezuela"}
,{"p":"barpoolpineda","x":"10.509602","y":"-66.9181115","n":"Bar Pool Pineda","t":"2","c":"8","s":"3.5","d":"0","a":"59,104,104,104","l":"Avenida Oeste 3, Caracas 1010, Distrito Capital, Venezuela"}
,{"p":"farmarketlido","x":"10.4911492","y":"-66.8625516","n":"Farmarket C.C. Lido","t":"3","c":"1","s":"1.0","d":"0","a":"59,104,104,104","l":"Avenida Francisco de Miranda, Caracas 1060, Distrito Capital, Venezuela"}
,{"p":"farmarketsantapaula","x":"10.4607355","y":"-66.8335639","n":"Farmarket C.C. Santa Paula","t":"3","c":"1","s":"1.0","d":"0","a":"59,104,104,104","l":"Calle Acuario, Caracas 1061, Distrito Capital, Venezuela"}
,{"p":"farmarkettamanaco","x":"10.4845537","y":"-66.8542461","n":"Farmarket C.C. Ciudad Tamanaco","t":"3","c":"1","s":"1.0","d":"0","a":"59,104,104,104","l":"Calle Ernesto Blohm, Caracas 1060, Miranda, Venezuela"}
,{"p":"mileniummallmerida","x":"8.5611234","y":"-71.1933088","n":"Milenium Mall - Centro Comercial Milenium","t":"4","c":"1046","s":"4.2","d":"0","a":"59,104,104,104","l":"Av Andrés Bello, Mérida 5115, Mérida, Venezuela"}
,{"p":"loveeat","x":"10.4967713","y":"-66.8456325","n":"Loveeat - Centro Plaza","t":"0","c":"2","s":"5.0","d":"0","a":"125,29,139,8","l":"Centro Plaza, Edificio Atlantic, Av Andrés Bello, Caracas 1060, Miranda, Venezuela"}
,{"p":"budaremaison","x":"10.4979761","y":"-66.8464915","n":"Budare Maison - Centro Plaza","t":"2","c":"1","s":"5.0","d":"0","a":"55,32,8,29","l":"Av. Fco. de Miranda Centro Comercial Centro Plaza, Caracas 1060, Distrito Capital, Venezuela"}
,{"p":"farmarato","x":"10.4702021","y":"-66.9473225","n":"Farmacia Farmarato","t":"4","c":"6","s":"4.3","d":"0","a":"59,104,104,104","l":"Calle San José, Caracas 1020, Distrito Capital, Venezuela"}
,{"p":"lavanderia","x":"10.5103714","y":"-66.9121","n":"Lavanderia Washing Service","t":"999","c":"1","s":"5.0","d":"0","a":"59,104,104,104","l":"Avenida Norte 1, Caracas 1010, Distrito Capital, Venezuela"}
,{"p":"coffeecigarettes","x":"10.5100101","y":"-66.91342","n":"[Puesto] - Cafe - Cigarillos","t":"1","c":"1","s":"5.0","d":"0","a":"59,104,104,104","l":"Av. Este 5 cruze Av. Norte, Otro lado de la Plaza Las Mercedes, Caracas, Venezuela"}
,{"p":"dulcefresh","x":"10.5075552","y":"-66.9138663","n":"[Puesto] - Tartas y Catalinas","t":"1","c":"1","s":"5.0","d":"0","a":"59,104,104,104","l":"Av. Urdaneta cruze Av. Norte, Otro lado de la sede SUNACRIP, Caracas, Venezuela"}
,{"p":"trakisabanagrande","x":"10.4956528","y":"-66.879833","n":"Traki - Sabana Grande","t":"4","c":"637","s":"4.0","d":"0","a":"53,65,54,107","l":"Caracas 1050, Distrito Capital, Venezuela"}
,{"p":"trakisanmartin","x":"10.4927233","y":"-66.9378026","n":"Traki - Av. San Martin","t":"4","c":"1047","s":"4.1","d":"0","a":"53,65,54,107","l":"Caracas 1020, Distrito Capital, Venezuela"}
,{"p":"trakilosilustres","x":"10.4825164","y":"-66.8962459","n":"Traki - Los Ilustres","t":"4","c":"357","s":"3.9","d":"0","a":"53,65,54,107","l":"Caracas 1041, Distrito Capital, Venezuela"}
,{"p":"trakiciudad","x":"10.2100906","y":"-68.0073224","n":"Ciudad Traki","t":"4","c":"1126","s":"4.0","d":"0","a":"53,65,54,107","l":"Valencia 2001, Carabobo, Venezuela"}
,{"p":"trakisandiego","x":"10.1837787","y":"-67.9760613","n":"Traki","t":"4","c":"846","s":"4.1","d":"0","a":"53,65,54,107","l":"C. C. Metropolis Shopping Valencia, II Etapa, Nivel Agua, San Diego, Estado Carabobo, San Diego, Carabobo, Venezuela"}
,{"p":"trakivalenciacentro","x":"10.1799035","y":"-68.0050362","n":"Traki Valencia Centro","t":"4","c":"537","s":"3.8","d":"0","a":"53,65,54,107","l":"Avenida 102 Montes De Oca, Valencia 2001, Carabobo, Venezuela"}
,{"p":"trakimaracay","x":"10.25303","y":"-67.6056006","n":"Traki Av. Bolivar","t":"4","c":"557","s":"3.9","d":"0","a":"53,65,54,107","l":"Maracay 2103, Aragua, Venezuela"}
,{"p":"trakitiendas","x":"10.1863434","y":"-67.4615971","n":"Traki Tiendas","t":"4","c":"120","s":"4.0","d":"0","a":"53,65,54,107","l":"Cagua 2122, Aragua, Venezuela"}
,{"p":"trakinegramatea","x":"10.2280111","y":"-67.3169105","n":"Traki C.C. Morichal","t":"4","c":"218","s":"3.9","d":"0","a":"53,65,54,107","l":"24 Calle 17, La Victoria 2121, Aragua, Venezuela"}
,{"p":"trakicalabozo","x":"8.9312486","y":"-67.4279693","n":"Traki Calabozo","t":"4","c":"107","s":"4.0","d":"0","a":"53,65,54,107","l":"Carrera 12 San Jose, Calabozo 2312, Guárico, Venezuela"}
,{"p":"trakivallepascua","x":"9.2222684","y":"-66.033985","n":"Traki Valle de la Pascua","t":"4","c":"4","s":"4.5","d":"0","a":"53,65,54,107","l":"Troncal 13, Valle de la Pascua 2350, Guárico, Venezuela"}
,{"p":"trakimaiquetia","x":"10.5944344","y":"-66.9525494","n":"Traki Maiquetia","t":"4","c":"4.0","s":"263","d":"0","a":"53,65,54,107","l":"Frente a la Plaza Lourdes, Calle Real de Maiquetía, Maiquetía, Vargas, Venezuela"}
,{"p":"trakimilagro","x":"10.639062","y":"-71.6062393","n":"Ciudad Traki El Milagro","t":"4","c":"483","s":"3.9","d":"0","a":"53,65,54,107","l":"Avenida El Milagro, Maracaibo 4001, Zulia, Venezuela"}
,{"p":"trakilalimpia","x":"10.6808481","y":"-71.6650699","n":"Traki La Limpia","t":"4","c":"331","s":"3.9","d":"0","a":"53,65,54,107","l":"Maracaibo 4005, Zulia, Venezuela"}
,{"p":"trakidelsur","x":"10.6010562","y":"-71.650866","n":"Traki Del Sur","t":"4","c":"870","s":"4.0","d":"0","a":"53,65,54,107","l":"Avenida Circunvalacion 2, Maracaibo 4001, Zulia, Venezuela"}
,{"p":"trakicabimas","x":"10.3919306","y":"-71.4737044","n":"Tienda Traki Cabimas","t":"4","c":"427","s":"4.0","d":"0","a":"53,65,54,107","l":"Cabimas 4013, Zulia, Venezuela"}
,{"p":"trakiciudadzulia","x":"10.1984977","y":"-71.3254845","n":"Traki Ciudad","t":"4","c":"384","s":"3.9","d":"0","a":"53,65,54,107","l":"Cd Ojeda 4019, Zulia, Venezuela"}
,{"p":"trakiciudadhaticos","x":"10.6086556","y":"-71.6098299","n":"Ciudad Traki Los Haticos","t":"4","c":"228","s":"4.1","d":"0","a":"53,65,54,107","l":"Av. 17 los Haticos, Maracaibo 4001, Zulia, Venezuela"}
,{"p":"trakiciudadbarquisimeto","x":"10.0670652","y":"-69.3205547","n":"Ciudad Traki Barquisimeto","t":"4","c":"995","s":"3.9","d":"0","a":"53,65,54,107","l":"Calle 29, Barquisimeto 3001, Lara, Venezuela"}
,{"p":"trakibabilon","x":"10.0770794","y":"-69.340682","n":"Traki Babilon","t":"4","c":"765","s":"3.9","d":"0","a":"53,65,54,107","l":"Centro Comercial Babilon, Área Galería, Locales 19 al 25, Av. Libertador, Barquisimeto, Lara, Venezuela"}
,{"p":"trakicarora","x":"10.1784713","y":"-70.0835037","n":"Traki Carora","t":"4","c":"124","s":"4.1","d":"0","a":"53,65,54,107","l":"Calle bolivar, Carora 3050, Lara, Venezuela"}
,{"p":"trakialberto","x":"8.6157869","y":"-70.2622249","n":"Traki Alberto","t":"4","c":"506","s":"3.9","d":"0","a":"53,65,54,107","l":"Alberto Arvelo Torrealba, Barinas 5201, Barinas, Venezuela"}
,{"p":"trakiacarigua","x":"9.5607263","y":"-69.2067264","n":"Traki Calle 28","t":"4","c":"851","s":"3.9","d":"0","a":"53,65,54,107","l":"Calle 28, Acarigua 3301, Portuguesa, Venezuela"}
,{"p":"trakiropa","x":"9.0427914","y":"-69.7535846","n":"Ropa Traki","t":"4","c":"120","s":"3.9","d":"0","a":"53,65,54,107","l":"Carrera 6 , Calle 20, Guanare 3350, Portuguesa, Venezuela"}
,{"p":"trakifrancisco","x":"8.8870554","y":"-64.2605571","n":"Traki - traki.com","t":"4","c":"403","s":"4.0","d":"0","a":"53,65,54,107","l":"Av. Francisco de Miranda, El Tigre 6050, Anzoátegui, Venezuela"}
,{"p":"malltraki","x":"9.0732223","y":"-62.0689398","n":"Mall Traki","t":"4","c":"160","s":"3.9","d":"0","a":"53,65,54,107","l":"Av. Guásima, Tucupita 6401, Delta Amacuro, Venezuela"}
,{"p":"trakimaturin","x":"9.7042755","y":"-63.1562708","n":"Traki La Cascada","t":"4","c":"569","s":"4.0","d":"0","a":"53,65,54,107","l":"Maturín 6201, Monagas, Venezuela"}
,{"p":"trakiupata","x":"8.0167123","y":"-62.4063543","n":"Ciudad Traki Upata","t":"4","c":"166","s":"4.0","d":"0","a":"53,65,54,107","l":"Upata 8052, Bolívar, Venezuela"}
,{"p":"trakilibertador","x":"8.1288482","y":"-63.5258376","n":"Ciudad Traki","t":"4","c":"1028","s":"4.1","d":"0","a":"53,65,54,107","l":"Av Libertador, Cdad. Bolívar 8001, Bolívar, Venezuela"}
,{"p":"trakipaseo","x":"8.2956997","y":"-62.7370549","n":"Traki Las Americas","t":"4","c":"2585","s":"4.0","d":"0","a":"53,65,54,107","l":"Paseo Las Americas, Ciudad Guayana 8050, Bolívar, Venezuela"}
,{"p":"trakivalera","x":"9.3136648","y":"-70.6092791","n":"Traki Valera","t":"4","c":"201","s":"4.1","d":"0","a":"53,65,54,107","l":"Calle 10, Valera 3101, Trujillo, Venezuela"}
,{"p":"trakiurena","x":"7.9180469","y":"-72.4511717","n":"Ciudad Traki Ureña","t":"4","c":"140","s":"3.8","d":"0","a":"53,65,54,107","l":"Calle 8, Ureña 5048, Táchira, Venezuela"}
,{"p":"trakiseptima","x":"7.7720617","y":"-72.2309983","n":"TRAKI - Septima Avenida","t":"4","c":"234","s":"3.9","d":"0","a":"53,65,54,107","l":"Séptima Avenida, San Cristóbal 5001, Táchira, Venezuela"}
,{"p":"picosburgerbar","x":"8.5603316","y":"-71.2366702","n":"Picos Burgers n Bar","t":"0","c":"14","s":"4.9","d":"0","a":"59,60,61,104","l":"Ejido 5111, Mérida, Venezuela"}
,{"p":"dolceandbake","x":"8.5642667","y":"-71.1906173","n":"Dolce and Bake","t":"0","c":"267","s":"4.5","d":"0","a":"59,60,61,104","l":"Mérida 5115, Mérida, Venezuela"}
,{"p":"plazamayorshoppingmall","x":"8.5976773","y":"-71.1500039","n":"Plaza Mayor Shopping Mall","t":"4","c":"633","s":"3.9","d":"0","a":"59,60,61,104","l":"Av. Las Américas, Mérida 5101, Mérida, Venezuela"}
,{"p":"cchistorycenter","x":"8.5972814","y":"-71.1459093","n":"C.C History Center","t":"4","c":"405","s":"4.2","d":"0","a":"59,60,61,104","l":"Calle 24 Rangel, Mérida 5101, Mérida, Venezuela"}
,{"p":"piemonteshopping","x":"8.5812016","y":"-71.1812675","n":"Pie Monte Shopping Center - Centro Comercial Pie de Monte","t":"4","c":"1563","s":"4.4","d":"0","a":"59,60,61,104","l":"Av. los Próceres, Mérida 5101, Mérida, Venezuela"}
,{"p":"bibas","x":"10.6742617","y":"-71.6048098","n":"Bibas - Piano Bar","t":"2","c":"818","s":"4.3","d":"0","a":"14,32,121,61","l":"Avenida 3E, Maracaibo 4002, Zulia, Venezuela"}
,{"p":"burgerbeer","x":"10.672096","y":"-71.6039783","n":"BURGER BEER","t":"0","c":"82","s":"4.2","d":"0","a":"14,32,61,104","l":"Club Bella Vista, Maracaibo 4002, Zulia, Venezuela"}
,{"p":"audiomusic","x":"10.6677815","y":"-71.6231829","n":"Audio Music","t":"0","c":"169","s":"4.4","d":"0","a":"60,61,59,104","l":"Av 16A, Maracaibo 4005, Zulia, Venezuela"}
,{"p":"chichatogo","x":"10.6677158","y":"-71.6232278","n":"Chicha ToGo","t":"1","c":"4.3","s":"74","d":"0","a":"109,142,61,104","l":"Maracaibo 4005, Zulia, Venezuela"}
,{"p":"duffmaracaibo","x":"10.7235616","y":"-71.6198435","n":"Duff Maracaibo","t":"0","c":"259","s":"3.8","d":"0","a":"14,32,18,61","l":"Avenida Milagro Norte, Maracaibo 4002, Zulia, Venezuela"}
,{"p":"gioiapizzagelati","x":"10.6632145","y":"-71.6214991","n":"Gioia pizza e gelati","t":"0","c":"1","s":"4.0","d":"0","a":"14,32,18,61","l":"Av 5 de Julio, Maracaibo 4005, Zulia, Venezuela"}
,{"p":"rodeoplaza","x":"8.5897117","y":"-71.16212","n":"Rodeo Plaza Shopping Mall","t":"4","c":"2529","s":"4.4","d":"0","a":"7,8,29,59","l":"Av. Las Américas, Mérida 5101, Mérida, Venezuela"}
,{"p":"milcakescafe","x":"8.6013676","y":"-70.192796","n":"Milcakes Cafe F.P.","t":"1","c":"1","s":"5.0","d":"0","a":"29,10,11,12","l":"Calle 3, Barinas 5201, Barinas, Venezuela"}
,{"p":"fruteriaayaritach","x":"10.515897","y":"-66.946133","n":"Frutería Aya Ritach","t":"3","c":"0","s":"0.0","d":"0","a":"4,17,114,115","l":"Bulevar Avenida España, Metro Plaza Sucre, Catia, Caracas 1030, Distrito Capital, Venezuela"}
,{"p":"graficasmadrid","x":"10.156422","y":"-66.8867019","n":"Graficas Madrid - Facturas Seniat, Diseño Grafico, tarjetas de Presentacion, asesoria PETRO","t":"4","c":"0","s":"0.0","d":"0","a":"104,104,104,104","l":"Calle San Isidro, Res. San Isidro, cua 1211, Miranda, Venezuela"}
,{"p":"misconductwine","x":"49.5105797","y":"-119.5647749","n":"Misconduct Wine Co.","t":"4","c":"53","s":"4.4","d":"0","a":"59,104,104,104","l":"375 Upper Bench Rd N, Penticton, BC V2A 8T2, Canada"}
,{"p":"apiainnsamoa","x":"-13.8474364","y":"-171.778085","n":"Apia Inn Samoa","t":"5","c":"1","s":"5.0","d":"0","a":"156,129,138,31","l":"Apia, Samoa, Island"}
,{"p":"doccafe","x":"-34.6007987","y":"-58.3766964","n":"DOC Café","t":"2","c":"43","s":"4.9","d":"0","a":"29,10,11,12","l":"Maipú 625, C1006 ACG, Buenos Aires, Argentina"}
,{"p":"verduleriaarcoiris","x":"-32.1787009","y":"-64.1173234","n":"Verduleria Arco Iris","t":"3","c":"17","s":"4.8","d":"0","a":"59,104,104,104","l":"25 de Febrero 140, Río Tercero, Córdoba, Argentina"}
,{"p":"qpatacon","x":"6.1630242","y":"-75.5814668","n":"Qpatacon","t":"0","c":"24","s":"4.4","d":"0","a":"59,104,104,104","l":"Cra. 29a ##65, Envigado, Antioquia, Colombia"}
,{"p":"bolosazoncostena","x":"6.1762556","y":"-75.5838155","n":"Bololó Sazón Costeña","t":"0","c":"214","s":"4.4","d":"0","a":"59,104,104,104","l":"Transversal 31 Sur # 32D - 21, Envigado, Antioquia, Colombia"}
,{"p":"puntonaranja","x":"6.2512262","y":"-75.5821656","n":"PUNTO NARANJA","t":"3","c":"22","s":"3.8","d":"0","a":"59,104,104,104","l":"Cra. 64 #45A-12, Medellín, Antioquia, Colombia"}
,{"p":"chezalice","x":"6.1736829","y":"-75.58481","n":"CHEZ ALICE ATELIER GOURMET","t":"0","c":"67","s":"4.8","d":"0","a":"59,104,104,104","l":"Tv. 33 Sur #3353, Envigado, Antioquia, Colombia"}
,{"p":"copapollos","x":"6.3469939","y":"-75.507637","n":"Copapollos","t":"1","c":"0","s":"0.0","d":"0","a":"59,104,104,104","l":"Copacabana, Antioquia, Colombia"}
,{"p":"fusionfood","x":"6.1728355","y":"-75.5834457","n":"FUSION FOOD","t":"0","c":"7","s":"4.6","d":"0","a":"59,104,104,104","l":"Tv. 34 Sur ##32D-20, Envigado, Antioquia, Colombia"}
,{"p":"pastasconamortrattoria","x":"6.1736933","y":"-75.5851371","n":"pastas con amor trattoria","t":"0","c":"112","s":"4.3","d":"0","a":"59,104,104,104","l":"Dg. 39 #33 C5-39, Envigado, Antioquia, Colombia"}
,{"p":"nuqui","x":"6.2478831","y":"-75.5902455","n":"El Rancho De Nuqui","t":"0","c":"37","s":"4.3","d":"0","a":"59,104,104,104","l":"Cl. 42 ##70-135, Medellín, Antioquia, Colombia"}
,{"p":"ruta40","x":"6.155606","y":"-75.5826227","n":"Ruta40 Company","t":"0","c":"0","s":"0.0","d":"0","a":"59,104,104,104","l":"Clle40Fsur#25A23, Envigado, Antioquia, Colombia"}
,{"p":"sandwichgourmet","x":"6.2159291","y":"-75.5813578","n":"Sandwich Gourmet","t":"0","c":"4","s":"4.0","d":"0","a":"59,104,104,104","l":"Cra. 52 #10-101, Medellín, Antioquia, Colombia"}
,{"p":"texano","x":"6.1734893","y":"-75.5853545","n":"Texano L.M.R Parrilla-Bar","t":"0","c":"2","s":"5.0","d":"0","a":"59,104,104,104","l":"Tv. 33 Sur #33-33, Envigado, Antioquia, Colombia"}
,{"p":"elcafedelaluna","x":"4.6292099","y":"-74.0754013","n":"El Cafe De La Luna Lela","t":"2","c":"223","s":"4.3","d":"0","a":"59,16,14,8","l":"111311, Cra. 24 ###39a-09, Bogotá, Cundinamarca, Colombia"}
,{"p":"loncheria","x":"2.4386966","y":"-76.6070317","n":"Loncheria Caldas","t":"0","c":"246","s":"4.2","d":"0","a":"111,138,100,99","l":"Carrera 6, Popayan, Cauca, Colombia"}
,{"p":"birdhouse","x":"6.2458486","y":"-75.589631","n":"Bird House Kitchen n Drinks","t":"0","c":"22","s":"5.0","d":"0","a":"62,59,61,104","l":"Cq. 3 ## 70 - 35, Medellín, Antioquia, Colombia"}
,{"p":"florentinahostel","x":"6.2130451","y":"-75.5731279","n":"Florentina Hostel","t":"5","c":"42","s":"4.5","d":"0","a":"62,59,61,104","l":"Cra. 43e ## 11- 31, Medellín, Antioquia, Colombia"}
,{"p":"sigalavaca2","x":"6.173515","y":"-75.585546","n":"Siga La Vaca 2","t":"2","c":"132","s":"4.0","d":"0","a":"32,33,8,31","l":"Dg. 40, Envigado, Antioquia, Colombia"}
,{"p":"silvestrefusiongourmet","x":"6.2133075","y":"-75.5708059","n":"Silvestre Fusión Gourmet","t":"0","c":"79","s":"4.6","d":"0","a":"62,59,61,104","l":"Cl. 12 ##43b 26, Medellín, Antioquia, Colombia"}
,{"p":"latiendita","x":"6.2090826","y":"-75.5682565","n":"La tiendita del lleras","t":"4","c":"10","s":"5.0","d":"0","a":"59,104,104,104","l":"a 9-27 Carrera 40, Medellín, Antioquia, Colombia"}
,{"p":"licoreravillareal","x":"6.2472898","y":"-75.5901794","n":"Licorera Villarreal.","t":"4","c":"4","s":"5.0","d":"0","a":"59,104,104,104","l":"Cl. 41A #70-126, Medellín, Antioquia, Colombia"}
,{"p":"pollosdonguillo","x":"6.2464803","y":"-75.5924626","n":"Pollos Don Guillo Laureles","t":"0","c":"9","s":"4.4","d":"0","a":"59,104,104,104","l":"Cl. 40 #03, Medellín, Antioquia, Colombia"}
,{"p":"elcompy","x":"6.2472358","y":"-75.590331","n":"El Compy Delicias venezolanas","t":"0","c":"61","s":"4.4","d":"0","a":"59,104,104,104","l":"#70-201 a, Cl. 41A ##70-130, Medellín, Antioquia, Colombia"}
,{"p":"tremendaspapitas","x":"6.2483173","y":"-75.5924451","n":"Tremendas Papitas Increíbles","t":"0","c":"2","s":"5.0","d":"0","a":"59,104,104,104","l":"Cra. 73 ##42-15, Medellín, Antioquia, Colombia"}
,{"p":"tiendaderejagris","x":"6.2249052","y":"-75.5857862","n":"Tienda la Reja Gris","t":"3","c":"0","s":"0.0","d":"0","a":"59,104,104,104","l":"Cl. 24 #65e-13, Medellín, Antioquia, Colombia"}
,{"p":"costillasburgers","x":"6.2467243","y":"-75.5924468","n":"Costillas n Burgers","t":"0","c":"103","s":"4.3","d":"0","a":"59,104,104,104","l":"Cl. 40 ##73-4, Medellín, Antioquia, Colombia"}
,{"p":"fastdog","x":"6.2457927","y":"-75.5888287","n":"Fast Dog","t":"0","c":"12","s":"3.9","d":"0","a":"59,104,104,104","l":"Cq. 3 #69-38, Medellín, Antioquia, Colombia"}
,{"p":"creapizza","x":"6.17526","y":"-75.583033","n":"Crea Pizza","t":"0","c":"22","s":"4.5","d":"0","a":"59,104,104,104","l":"# 32 C SUR 31, Dg. 32d, Envigado, Antioquia, Colombia"}
,{"p":"mandalascoffee","x":"6.1684038","y":"-75.5840134","n":"Mandalas coffee","t":"2","c":"0","s":"0.0","d":"0","a":"59,29,8,139","l":"Cl. 37 Sur ##37-33, Envigado, Antioquia, Colombia"}
,{"p":"laplacita","x":"6.2442952","y":"-75.5810773","n":"La Placita Grocery","t":"0","c":"29","s":"4.7","d":"0","a":"59,104,104,104","l":"Cra. 63b #42-4, Medellín, Antioquia, Colombia"}
,{"p":"lacamerata","x":"6.256334","y":"-75.5804785","n":"La Camerata Arte 1979","t":"2","c":"15","s":"4.5","d":"0","a":"14,16,56,138","l":"27, Cl. 51 #64C, Medellín, Antioquia, Colombia"}
,{"p":"lmdistribuidora","x":"6.1697852","y":"-75.5846356","n":"Distribuidora L-M","t":"4","c":"0","s":"0.0","d":"0","a":"59,104,104,104","l":"Cl. 36 Sur ##39-38, Envigado, Antioquia, Colombia"}
,{"p":"orangegrill","x":"6.2563608","y":"-75.5787331","n":"Orange Grill - Orange CE","t":"0","c":"0","s":"0.0","d":"0","a":"59,104,104,104","l":"Cra. 64b ##61-66, Medellín, Antioquia, Colombia"}
,{"p":"mercadosdelrancho","x":"6.2520578","y":"-75.6084825","n":"Mercados Del Rancho","t":"3","c":"1","s":"5.0","d":"0","a":"59,104,104,104","l":"Cl. 43 ##90-50, Medellín, Antioquia, Colombia"}
,{"p":"rellenitas","x":"6.1750926","y":"-75.5839805","n":"Rellenitas D","t":"0","c":"29","s":"4.6","d":"0","a":"59,104,104,104","l":"Dg. 32d ##32B-09, Envigado, Antioquia, Colombia"}
,{"p":"premiumpizza","x":"6.231076","y":"-75.592791","n":"Premium Pizza Alitas Y Arroz S.A.S.","t":"0","c":"43","s":"4.4","d":"0","a":"59,104,104,104","l":"Cra. 72 ## 29-61, Medellín, Antioquia, Colombia"}
,{"p":"ruta40company","x":"6.155606","y":"-75.5826227","n":"Ruta40 Company","t":"0","c":"0","s":"0.0","d":"0","a":"59,104,104,104","l":"Clle40Fsur#25A23, Envigado, Antioquia, Colombia"}
,{"p":"zacatecas","x":"6.243155","y":"-75.6019976","n":"Zacatecas Restaurante Mexicano","t":"0","c":"203","s":"4.6","d":"0","a":"59,104,104,104","l":"Cra. 80b ##35-07, Medellín, Antioquia, Colombia"}
,{"p":"elsombrero","x":"6.1695979","y":"-75.588831","n":"El Sombrero Burger Bar","t":"0","c":"308","s":"4.5","d":"0","a":"59,104,104,104","l":"Calle 38A Sur #43 58, Envigado, Antioquia, Colombia"}
,{"p":"burgersmax","x":"6.173375","y":"-75.5841344","n":"Burgers Max","t":"0","c":"28","s":"4.7","d":"0","a":"59,104,104,104","l":"#32d64, Tv. 33 Sur, Envigado, Antioquia, Colombia"}
,{"p":"guilliarepas","x":"6.2474711","y":"-75.595861","n":"Guilli arepas","t":"0","c":"208","s":"4.5","d":"0","a":"59,104,104,104","l":"#39b-2 a, Cq. 76 #39b-104, Medellín, Antioquia, Colombia"}
,{"p":"ragazzisabaneta","x":"6.150402","y":"-75.61559","n":"Ragazzi Sabaneta","t":"0","c":"582","s":"4.6","d":"0","a":"59,104,104,104","l":"Cl 71Sur ##43b 31, Sabaneta, Antioquia, Colombia"}
,{"p":"ragazzitradicion","x":"6.1668888","y":"-75.5908313","n":"Ragazzi pizzas y pastas Envigado","t":"0","c":"266","s":"4.6","d":"0","a":"59,104,104,104","l":"Cl. 40H Sur ## 42a 32, Envigado, Antioquia, Colombia"}
,{"p":"carlospapitasmix","x":"6.1678546","y":"-75.5877299","n":"Carlos Papitas mix","t":"0","c":"1","s":"5.0","d":"0","a":"59,104,104,104","l":"Cl. 39 Sur, Envigado, Antioquia, Colombia"}
,{"p":"ragazzilaureles","x":"6.2453604","y":"-75.5982042","n":"Ragazzi Laureles","t":"0","c":"290","s":"4.6","d":"0","a":"59,104,104,104","l":"Cl. 38 ##76-2 a 76-74, Medellín, Antioquia, Colombia"}
,{"p":"rellericas","x":"6.169451","y":"-75.5886503","n":"Arepas Rellenas RelleRicas Gourmet","t":"0","c":"32","s":"4.4","d":"0","a":"59,104,104,104","l":"Calle 38A Sur ##43-22, Envigado, Antioquia, Colombia"}
,{"p":"patatasfactory","x":"6.2390743","y":"-75.6001291","n":"Patatas Factory","t":"0","c":"75","s":"4.0","d":"0","a":"59,104,104,104","l":"Cra. 80 ##33-04, Medellín, Antioquia, Colombia"}
,{"p":"tepuysabores","x":"6.2457429","y":"-75.5903763","n":"Tepuy sabores de Venezuela","t":"0","c":"137","s":"4.6","d":"0","a":"59,104,104,104","l":"Cq. 3 ##71-13, Medellín, Antioquia, Colombia"}
,{"p":"stardogs","x":"1.2224276","y":"-77.2801951","n":"Star Dogs","t":"0","c":"202","s":"4.3","d":"0","a":"59,104,104,104","l":"Avenida los Libertadores No 31c1 a 31c-59,, Pasto, Nariño, Colombia"}
,{"p":"bigpig","x":"6.1631193","y":"-75.5817341","n":"Big Pig","t":"0","c":"4","s":"5.0","d":"0","a":"59,104,104,104","l":"Cl. 39B Sur ##29a-27, Envigado, Antioquia, Colombia"}
,{"p":"cheesepatatas","x":"6.1644655","y":"-75.5822685","n":"CheesePatatas.","t":"0","c":"31","s":"4.6","d":"0","a":"59,104,104,104","l":"Cl. 39 Sur #31-44, Envigado, Antioquia, Colombia"}
,{"p":"burgerhouseasados","x":"6.1551901","y":"-75.5824533","n":"Burger House Asados","t":"0","c":"4","s":"4.5","d":"0","a":"59,104,104,104","l":"Cl. 40f Sur, Autovía Ruta de la Plata ### 25, Envigado, Antioquia, Colombia"}
,{"p":"santemplobar","x":"6.1692007","y":"-75.5880577","n":"San Templo Bar","t":"2","c":"23","s":"4.7","d":"0","a":"33,106,135,8","l":"Calle 38A Sur #42-46, Envigado, Antioquia, Colombia"}
,{"p":"lapapitasr","x":"6.1692827","y":"-75.5883824","n":"La Papita Sr","t":"0","c":"1","s":"5.0","d":"0","a":"59,104,104,104","l":"Calle 38A Sur ##43-6, Envigado, Antioquia, Colombia"}
,{"p":"chillingshake","x":"6.2452154","y":"-75.5973885","n":"Chilling Shake","t":"0","c":"141","s":"4.4","d":"0","a":"59,104,104,104","l":"Cl. 38 ##75 06, Medellín, Antioquia, Colombia"}
,{"p":"publichouse","x":"6.1761232","y":"-75.5852333","n":"Public House","t":"0","c":"323","s":"4.3","d":"0","a":"59,104,104,104","l":"Cra. 43, Envigado, Antioquia, Colombia"}
,{"p":"comidasrapidas","x":"4.6390292","y":"-74.1621552","n":"Comidas Rapidas la 33","t":"1","c":"1","s":"1.0","d":"0","a":"59,104,104,104","l":"87C, Calle 33S #17, Bogotá, Colombia"}
,{"p":"zacatecasrestaurantemexicano","x":"6.243155","y":"-75.6019976","n":"Zacatecas Restaurante Mexicano","t":"0","c":"203","s":"4.6","d":"0","a":"59,104,104,104","l":"Cra. 80b ##35-07, Medellín, Antioquia, Colombia"}
,{"p":"pedacitodeamor","x":"6.1641956","y":"-75.5891994","n":"Pedacito de Amor","t":"0","c":"441","s":"4.6","d":"0","a":"59,104,104,104","l":"Cl. 40f Sur ##39a-31, Envigado, Antioquia, Colombia"}
,{"p":"cornerbistro","x":"6.1642729","y":"-75.5892433","n":"Corner Bistro","t":"0","c":"1","s":"5.0","d":"0","a":"59,104,104,104","l":"Cl. 40f Sur ## 40 - 3, Envigado, Medellín, Antioquia, Colombia"}
,{"p":"alitosas","x":"6.1693353","y":"-75.5884708","n":"Alitosas. Las únicas","t":"0","c":"1","s":"5.0","d":"0","a":"59,104,104,104","l":"Calle 38A Sur ###43-20, Envigado, Antioquia, Colombia"}
,{"p":"fruteriayheladerialasensacion","x":"7.0852449","y":"-73.1142892","n":"Frutería y Heladería la Sensación","t":"3","c":"48","s":"4.5","d":"0","a":"59,104,104,104","l":"Cl. 105 #22-114, Bucaramanga, Santander, Colombia"}
,{"p":"enquadrarte","x":"6.2448411","y":"-75.5907689","n":"Encuadrarte Taller Creativo - Café Tipica","t":"2","c":"107","s":"4.8","d":"0","a":"29,115,8,3","l":"Carrera 72 Circ 1-46, Medellín, Antioquia, Colombia"}
,{"p":"lamiaristoranteexpress","x":"7.1223481","y":"-73.1090587","n":"La mia ristorante express","t":"0","c":"6","s":"5.0","d":"0","a":"59,104,104,104","l":"Cl. 41 ##37—04, Bucaramanga, Santander, Colombia"}
,{"p":"lechonlechonaempachona","x":"4.7442351","y":"-74.0635158","n":"Lechon,Lechona y Empachona","t":"0","c":"1","s":"5.0","d":"0","a":"59,104,104,104","l":"Cra. 62 ## 160 - 56, Bogotá, Colombia"}
,{"p":"losfuertesdelapizza","x":"4.7445826","y":"-74.0633882","n":"Los Fuertes De La Pizza Y Algo Mas...","t":"0","c":"21","s":"4.2","d":"0","a":"59,104,104,104","l":"10, Cra. 62 #160A, Bogotá, Colombia"}
,{"p":"laareperia","x":"4.7447848","y":"-74.063319","n":"La Arepería","t":"0","c":"32","s":"4.4","d":"0","a":"59,104,104,104","l":"Cra. 62 ##160a-24, Bogotá, Colombia"}
,{"p":"lamiaexpress","x":"7.1153228","y":"-73.1079234","n":"La Mia Express","t":"0","c":"30","s":"4.5","d":"0","a":"59,104,104,104","l":"La Quinta, Cra. 36 ##49-45, Bucaramanga, Santander, Colombia"}
,{"p":"dimariagelateria","x":"6.2467056","y":"-75.590518","n":"DiMaria Gelateria","t":"1","c":"6","s":"4.7","d":"0","a":"59,104,104,104","l":"Cra. 71, Cq. 4 ##09, Medellín, Antioquia, Colombia"}
,{"p":"losquesoditos","x":"6.1630187","y":"-75.5819018","n":"los quesuditos","t":"0","c":"5","s":"4.4","d":"0","a":"59,104,104,104","l":"Cl. 39B Sur #29a-27, Envigado, Antioquia, Colombia"}
,{"p":"tokachicharron","x":"6.1706463","y":"-75.5927825","n":"Toka by The Chicharrons Factory","t":"0","c":"37","s":"4.4","d":"0","a":"59,104,104,104","l":"Cl. 39 Sur #46 - 35, Envigado, Antioquia, Colombia"}
,{"p":"sanpatelosbar","x":"6.173117","y":"-75.5855734","n":"San Patelos bar","t":"2","c":"9","s":"4.2","d":"0","a":"59,106,33,32","l":"Dg. 40 ##33 sur 59, Envigado, Antioquia, Colombia"}
,{"p":"snacksazon","x":"6.1622253","y":"-75.5822404","n":"Snack Sazon","t":"0","c":"1","s":"5.0","d":"0","a":"59,104,104,104","l":"Cl. 40 Sur ###29a 20, Envigado, Antioquia, Colombia"}
,{"p":"elpandemilola","x":"6.1740397","y":"-75.5851766","n":"El Pan de mi Lola","t":"1","c":"4","s":"5.0","d":"0","a":"59,104,104,104","l":"Dirección Diagonal 39 con transversal con 32c sur - 6. Barrio, Envigado, Antioquia, Colombia"}
,{"p":"laareperialunch","x":"4.7204475","y":"-74.046322","n":"La Areperia Lunch","t":"2","c":"0","s":"0.0","d":"0","a":"16,125,29,8","l":"Cl. 136 ##18B-40, Bogotá, Colombia"}
,{"p":"crunchybbq","x":"6.1741963","y":"-75.5745881","n":"Crunch n BBQ","t":"0","c":"191","s":"4.5","d":"0","a":"59,104,104,104","l":"#1768, Cra. 28 #27 Sur27, Envigado, Antioquia, Colombia"}
,{"p":"crunchybbq2","x":"6.1674791","y":"-75.5877206","n":"Crunch y bbq","t":"0","c":"378","s":"4.6","d":"0","a":"59,104,104,104","l":"Cra. 41 ## 39 Sur 33, Envigado, Antioquia, Colombia"}
,{"p":"elgranbudare","x":"6.2479578","y":"-75.5899904","n":"El Gran Budare","t":"0","c":"129","s":"4.6","d":"0","a":"59,104,104,104","l":"Cl. 42 #70-108, Medellín, Antioquia, Colombia"}
,{"p":"exoticfood","x":"6.247889","y":"-75.590178","n":"Exotic Food","t":"0","c":"1","s":"5.0","d":"0","a":"59,104,104,104","l":"Cl. 42 ## 70 - 131, Medellín, Antioquia, Colombia"}
,{"p":"hornodelena","x":"7.0822078","y":"-73.1225778","n":"Horno De Leña","t":"0","c":"90","s":"4.6","d":"0","a":"59,104,104,104","l":"a 15b-48, Cl. 105 #15b-2, Bucaramanga, Santander, Colombia"}
,{"p":"santorirestaurante","x":"6.2472298","y":"-75.5973112","n":"SANTORI RESTAURANTE","t":"0","c":"0","s":"0.0","d":"0","a":"59,104,104,104","l":"Transversal 39B ##No. 77-05, Medellín, Antioquia, Colombia"}
,{"p":"carlottareposteria","x":"6.1775333","y":"-75.5866605","n":"Carlotta Reposteria","t":"0","c":"4","s":"5.0","d":"0","a":"59,104,104,104","l":"Cl. 30a Sur, Cra. 44a #1, Envigado, Antioquia, Colombia"}
,{"p":"licoresfederal","x":"6.2529166","y":"-75.5878989","n":"Licores Federal","t":"4","c":"2","s":"5.0","d":"0","a":"59,104,104,104","l":"Bulevar Libertadores De América #47-42, Medellín, Antioquia, Colombia"}
,{"p":"roxburger","x":"6.1697012","y":"-75.5891308","n":"Rox Burger","t":"1","c":"3","s":"3.7","d":"0","a":"59,104,104,104","l":"calle 38 a sur, Carrera 43# a #23, Envigado, Antioquia, Colombia"}
,{"p":"costillaburguers2","x":"6.1735217","y":"-75.5851986","n":"Costillas n Burgers","t":"0","c":"77","s":"4.4","d":"0","a":"59,104,104,104","l":"Tv. 33 Sur ##39-7, Envigado, Antioquia, Colombia"}
,{"p":"amalurcafebar","x":"6.2463562","y":"-75.5899408","n":"Amalur Café Bar","t":"0","c":"42","s":"4.6","d":"0","a":"59,104,104,104","l":"Cq. 4 ## 70 - 79, Medellín, Antioquia, Colombia"}
,{"p":"pollosariel","x":"6.1763003","y":"-75.5856778","n":"Pollos Ariel","t":"0","c":"0","s":"0.0","d":"0","a":"59,104,104,104","l":"Cl. 31a Sur #N 43 A 02, Envigado, Antioquia, Colombia"}
,{"p":"laboulangerie","x":"7.8919379","y":"-72.489174","n":"La Boulangerie","t":"1","c":"122","s":"4.7","d":"0","a":"59,104,104,104","l":"Av. Guaimaral Calsaq, Cúcuta, Norte de Santander, Colombia"}
,{"p":"ixora","x":"7.8883764","y":"-72.4986176","n":"Ixora","t":"2","c":"4","s":"5.0","d":"0","a":"59,29,8,92","l":"Avenida 0 Calle 10, Edificio Rosetal, Cúcuta, Norte de Santander, Colombia"}
,{"p":"tacotime","x":"4.6831446","y":"-74.0466728","n":"TACO TIME COLOMBIA","t":"0","c":"1","s":"4.0","d":"0","a":"59,104,104,104","l":"Cl. 99 ##13-50, Bogotá, Colombia"}
,{"p":"latortata","x":"4.649932","y":"-74.058985","n":"La Tortata","t":"1","c":"4","s":"4.8","d":"0","a":"59,104,104,104","l":"Cl. 66 ##7-18, Bogotá, Colombia"}
,{"p":"pollochef","x":"6.1686592","y":"-75.5875762","n":"PolloChef","t":"0","c":"0","s":"0.0","d":"0","a":"59,104,104,104","l":"Calle 38A Sur #41 65, Envigado, Antioquia, Colombia"}
,{"p":"publichouselaureles","x":"6.2461097","y":"-75.5960508","n":"Public House Laureles","t":"0","c":"129","s":"4.3","d":"0","a":"59,104,104,104","l":"Av. Nutibara ##75-14, Medellín, Antioquia, Colombia"}
,{"p":"bearspizzeria","x":"6.2460827","y":"-75.5967351","n":"Bears Pizzería","t":"0","c":"1","s":"5.0","d":"0","a":"59,104,104,104","l":"Cq. 75 ##39-99 a 39-5, Medellín, Antioquia, Colombia"}
,{"p":"sushiworld","x":"6.1773127","y":"-75.5864123","n":"Sushi World Envigado","t":"0","c":"291","s":"4.6","d":"0","a":"59,67,104,104","l":"Cl. 30a Sur ## 44 A 57, Envigado, Antioquia, Colombia"}
,{"p":"arpoe","x":"7.8935369","y":"-72.4995075","n":"Arpoe","t":"2","c":"1","s":"5.0","d":"0","a":"59,104,104,104","l":"Av. 0 ##4 - 56, Cúcuta, Norte de Santander, Colombia"}
,{"p":"llanerada","x":"7.8378075","y":"-72.508783","n":"La llanerada de juancho","t":"0","c":"68","s":"4.6","d":"0","a":"59,104,104,104","l":"Los Patios, Norte de Santander, Colombia"}
,{"p":"elbalcondelasdelicias","x":"6.2392422","y":"-75.5861778","n":"El Balcón De Las Delicias","t":"0","c":"2","s":"5.0","d":"0","a":"59,104,104,104","l":"Av. 33 #65C-117, Medellín, Antioquia, Colombia"}
,{"p":"DELIYOGUEN","x":"6.2460084","y":"-75.5956268","n":"DELIYOGUEN","t":"1","c":"172","s":"4.6","d":"0","a":"59,104,104,104","l":"Av. 74B ###39B - 28, Medellín, Antioquia, Colombia"}
,{"p":"sushiworldmedellin","x":"6.2104155","y":"-75.5724379","n":"SUSHI WORLD MEDELLIN","t":"0","c":"221","s":"4.5","d":"0","a":"59,67,104,104","l":"Carrera 77, Calle 9#43b30 ##39 - 72, Medellín, Antioquia, Colombia"}
,{"p":"sazonpaisa","x":"6.209122","y":"-75.5678452","n":"SAZON PAISA","t":"0","c":"34","s":"3.8","d":"0","a":"59,104,104,104","l":"BaoBar Singaporean Restaurant, 9a, Parque Lleras, Medellín, Antioquia, Colombia"}
,{"p":"elcarrielpizzas","x":"6.1708533","y":"-75.627928","n":"El Carriel Burger n Grill Pizzeria","t":"0","c":"0","s":"0.0","d":"0","a":"59,104,104,104","l":"Cl. 35 #61-11, Itagüi, Antioquia, Colombia"}
,{"p":"elcarrielburger","x":"6.2094276","y":"-75.5763151","n":"El Carriel Burger n Grill Las Vegas","t":"0","c":"1","s":"1.0","d":"0","a":"59,104,104,104","l":"Cra. 48 #5-18, Medellín, Antioquia, Colombia"}
,{"p":"elcarrieldiagonal","x":"6.2145178","y":"-75.5967811","n":"El Carriel Burger n Grill Diagonal","t":"0","c":"0","s":"0.0","d":"0","a":"59,104,104,104","l":"Dg. 75B #2A-131, Medellín, Antioquia, Colombia"}
,{"p":"miarepa","x":"6.2083407","y":"-75.5765343","n":"Mi Arepa","t":"0","c":"250","s":"4.2","d":"0","a":"59,104,104,104","l":"Cra. 48 #592, Medellín, Antioquia, Colombia"}
,{"p":"senorwok","x":"6.168538","y":"-75.5887253","n":"Señor wok","t":"0","c":"8","s":"4.9","d":"0","a":"59,104,104,104","l":"Cl. 39 Sur ##42-63, Envigado, Antioquia, Colombia"}
,{"p":"bufalapizzeria","x":"6.1685177","y":"-75.588622","n":"Bufala Pizzeria","t":"0","c":"2","s":"5.0","d":"0","a":"59,104,104,104","l":"Cl. 39 Sur ##42-67, Envigado, Antioquia, Colombia"}
,{"p":"bonpatata","x":"6.2506773","y":"-75.5920925","n":"Bon Patata","t":"0","c":"2","s":"5.0","d":"0","a":"59,104,104,104","l":"Cra. 73 n Cl. 44 A - 36, Medellín, Antioquia, Colombia"}
,{"p":"brazilfutbol","x":"6.2388711","y":"-75.6012061","n":"Brasil Fútbol Club","t":"2","c":"0","s":"0.0","d":"0","a":"59,104,104,104","l":"Av. 33 ###80A – 32, Medellín, Antioquia, Colombia"}
,{"p":"bestia","x":"6.2094588","y":"-75.5718908","n":"Bestia - Sabemos Ahumar","t":"0","c":"205","s":"4.7","d":"0","a":"59,104,104,104","l":"Cl. 8 ##43b-22, Medellín, Antioquia, Colombia"}
,{"p":"pizzanacolors","x":"6.1835675","y":"-75.5970783","n":"PIZZANA COLORS","t":"0","c":"1","s":"5.0","d":"0","a":"59,104,104,104","l":"Cl. 73 ###50-113, Itagüi, Medellín, Antioquia, Colombia"}
,{"p":"reymomo","x":"6.240748","y":"-75.5968145","n":"Restaurante Rey Momo Comida Costeña","t":"0","c":"27","s":"4.2","d":"0","a":"59,104,104,104","l":"Cra. 76 ## 34 - 06, Medellín, Antioquia, Colombia"}
,{"p":"megacholado","x":"6.2594421","y":"-75.5989075","n":"MEGA CHOLADO","t":"0","c":"48","s":"4.6","d":"0","a":"59,104,104,104","l":"Cl 48A ##81-56, Medellín, Antioquia, Colombia"}
,{"p":"butacos","x":"6.149789","y":"-75.619757","n":"Butacos Drinks Sabaneta","t":"0","c":"120","s":"4.6","d":"0","a":"59,104,104,104","l":"a 46-80, Cl. 76 Sur ##46-64, Sabaneta, Antioquia, Colombia"}
,{"p":"ecozum","x":"6.2360986","y":"-75.598399","n":"E C O ZUM","t":"0","c":"1","s":"5.0","d":"0","a":"59,104,104,104","l":"CALLE 32 C NUMERO 78 12 CEL 3024414183, Medellín, Antioquia, Colombia"}
,{"p":"delicatjes","x":"6.243007","y":"-75.6076466","n":"Délicat’jess","t":"0","c":"15","s":"4.9","d":"0","a":"59,104,104,104","l":"Cra. 84 ##34A-49, Medellín, Antioquia, Colombia"}
,{"p":"compostella","x":"6.2401171","y":"-75.5832702","n":"Compostella Restaurante Pizzeria Gourmet","t":"0","c":"232","s":"4.3","d":"0","a":"59,104,104,104","l":"Cl. 34, Medellín, Antioquia, Colombia"}
,{"p":"pollochef","x":"6.164896","y":"-75.621624","n":"PolloChef Express","t":"0","c":"99","s":"4.3","d":"0","a":"59,104,104,104","l":"Cra. 50A ###32 62, Itagüi, Antioquia, Colombia"}
,{"p":"difamiglia","x":"6.1728514","y":"-75.5913664","n":"Pizzeria Di Famiglia","t":"0","c":"63","s":"4.9","d":"0","a":"59,104,104,104","l":"Cl. 37 Sur #No. 46-39, Envigado, Antioquia, Colombia"}
,{"p":"lanuevapalma","x":"6.2290877","y":"-75.5964566","n":"LA NUEVA PALMA","t":"0","c":"7","s":"4.3","d":"0","a":"59,104,104,104","l":"Cl. 28 #76-35, Medellín, Antioquia, Colombia"}
,{"p":"blackcoffeehouse","x":"6.1695039","y":"-75.5845162","n":"Black Coffee House","t":"2","c":"5","s":"4.6","d":"0","a":"59,29,133,16","l":"Cra. 39 #39 sur 21, Envigado, Antioquia, Colombia"}
,{"p":"Laparriladelvenado","x":"6.1659176","y":"-75.6210514","n":"La Parrilla del Venado","t":"0","c":"16","s":"4.7","d":"0","a":"59,104,104,104","l":"Cra. 50A ##34-50, Itagüi, Antioquia, Colombia"}
,{"p":"mariosarepas","x":"6.2425428","y":"-75.5999712","n":"Marios Arepas","t":"0","c":"4","s":"4.0","d":"0","a":"59,104,104,104","l":"Cl. 35 ##79-65 a 79-1, Medellín, Antioquia, Colombia"}
,{"p":"mariospizza","x":"6.242639","y":"-75.5997305","n":"Marios Pizza","t":"0","c":"5","s":"3.8","d":"0","a":"59,104,104,104","l":"Cl. 35 ###79-10, Medellín, Antioquia, Colombia"}
,{"p":"lemuah","x":"6.240113","y":"-75.587955","n":"Le muah","t":"0","c":"7","s":"4.6","d":"0","a":"59,104,104,104","l":"Cl 34#66a-54, Medellín, Antioquia, Colombia"}
,{"p":"publichouse33","x":"6.239006","y":"-75.5975417","n":"Public House 33","t":"0","c":"298","s":"4.3","d":"0","a":"59,104,104,104","l":"Av. 33 ## 76 - 100, Medellín, Antioquia, Colombia"}
,{"p":"naturalgreenmarket","x":"6.232027","y":"-75.5989726","n":"NaturalGreen Market Mercado Saludable","t":"3","c":"10","s":"4.5","d":"0","a":"59,104,104,104","l":"ChIJYdbUl5UpRI4RlsmLyjm2IAM"}
,{"p":"andromedavip","x":"6.2388293","y":"-75.598911","n":"ANDROMEDA vip","t":"2","c":"10","s":"4.9","d":"0","a":"115,16,8,31","l":"Av. 33 #78-231 a 78-1, Medellín, Antioquia, Colombia"}
,{"p":"laparilla3380","x":"6.2386487","y":"-75.6017914","n":"La Parrilla 80-33 Carnes","t":"0","c":"283","s":"4.6","d":"0","a":"59,104,104,104","l":"Av. 33 #80b-13, Medellín, Antioquia, Colombia"}
,{"p":"mrfood73","x":"6.2481004","y":"-75.5924077","n":"Mr. Food","t":"0","c":"3","s":"3.0","d":"0","a":"59,104,104,104","l":"Cra. 73 ##41-2 a 41-88, Medellín, Antioquia, Colombia"}
,{"p":"avilasushi","x":"6.2423592","y":"-75.5832214","n":"Avila Sushi","t":"0","c":"3","s":"3.7","d":"0","a":"59,67,104,104","l":"Cra. 65 ###38-01, Medellín, Antioquia, Colombia"}
,{"p":"mdechorizo","x":"6.2410167","y":"-75.5968276","n":"MDE Chorizo Company","t":"0","c":"301","s":"4.5","d":"0","a":"59,104,104,104","l":"Cra. 76 ##34-16, Medellín, Antioquia, Colombia"}
,{"p":"paellasnacks","x":"6.2103259","y":"-75.571404","n":"Paella Snacks","t":"0","c":"3","s":"4.7","d":"0","a":"59,104,104,104","l":"Cra. 43b ## 09 - 19, Medellín, Antioquia, Colombia"}
,{"p":"latineria","x":"6.2099726","y":"-75.5713607","n":"Latinería","t":"2","c":"585","s":"4.6","d":"0","a":"59,139,133,55","l":"Cl. 9 #43b 17, Medellín, Antioquia, Colombia"}
,{"p":"bambuburguer","x":"7.8437879","y":"-72.4696897","n":"Bambu Burguer Fast Food","t":"0","c":"0","s":"0.0","d":"0","a":"59,104,104,104","l":"Calle 17 #12-55 Barrio La Palmita, Villa Del Rosario, Norte de Santander, Colombia"}
,{"p":"mrfoods","x":"6.242876","y":"-75.6014311","n":"Mr Foods","t":"0","c":"9","s":"5.0","d":"0","a":"59,104,104,104","l":"Cl. 35 ##80a-36, Medellín, Antioquia, Colombia"}
,{"p":"costillaslastrada","x":"6.203519","y":"-75.5717753","n":"Costillas n Burgers Mercado La Strada","t":"0","c":"2","s":"3.0","d":"0","a":"59,104,104,104","l":"Carrera 43a#1sur #150, Medellín, Antioquia, Colombia"}
,{"p":"laestacionenvigado","x":"6.1760013","y":"-75.5826337","n":"La Estacion","t":"0","c":"116","s":"4.5","d":"0","a":"59,104,104,104","l":"Dg. 32 #32 Sur-16 a 32 Sur-22,, Envigado, Antioquia, Colombia"}
,{"p":"duepizza","x":"6.1631637","y":"-75.5935839","n":"DUEPIZZA","t":"0","c":"5","s":"4.8","d":"0","a":"59,104,104,104","l":"Carrera 42b # 45a Sur-20, Envigado, Antioquia, Colombia"}
,{"p":"amalur","x":"6.2463562","y":"-75.5899408","n":"Amalur Café Bar","t":"2","c":"42","s":"4.6","d":"0","a":"8,31,15,32","l":"Cq. 4 ## 70 - 79, Medellín, Antioquia, Colombia"}
,{"p":"casuposfood","x":"6.1666336","y":"-75.5908208","n":"Casupos Food","t":"0","c":"97","s":"4.8","d":"0","a":"59,104,104,104","l":"Cl. 40H Sur ##42A 29, Envigado, Antioquia, Colombia"}
,{"p":"lepanetier","x":"6.2454824","y":"-75.5939154","n":"Le Panetier","t":"0","c":"152","s":"4.4","d":"0","a":"59,104,104,104","l":"Cq. 73b, Medellín, Antioquia, Colombia"}
,{"p":"dimariagelateria","x":"6.2467058","y":"-75.5905181","n":"DiMaria Gelateria","t":"1","c":"6","s":"4.7","d":"0","a":"59,104,104,104","l":"Cra. 71, Cq. 4 ##09, Medellín, Antioquia, Colombia"}
,{"p":"restaurantesupercaliente","x":"6.16522","y":"-75.59766","n":"Restaurante Super Caliente","t":"1","c":"9","s":"4.7","d":"0","a":"59,104,104,104","l":"Envigado, Antioquia, Colombia"}
,{"p":"11s","x":"7.1222654","y":"-73.1090968","n":"11´s","t":"0","c":"171","s":"4.5","d":"0","a":"59,104,104,104","l":"Cl. 41 #37-02, Bucaramanga, Santander, Colombia"}
,{"p":"lamiaristorante","x":"7.0692121","y":"-73.1062925","n":"La Mia Ristorante","t":"0","c":"22","s":"4.7","d":"0","a":"59,104,104,104","l":"Cra. 25 ##30-67, Floridablanca, Santander, Colombia"}
,{"p":"lamiaristoranteexpress2","x":"7.1223481","y":"-73.1090587","n":"La mia ristorante express","t":"0","c":"6","s":"5.0","d":"0","a":"59,104,104,104","l":"Cl. 41 ##37—04, Bucaramanga, Santander, Colombia"}
,{"p":"elmisterio","x":"6.1731049","y":"-75.5860461","n":"Restaurante el Misterio de Morelia Parrilla y Bar","t":"0","c":"3","s":"5.0","d":"0","a":"59,104,104,104","l":"Carrera 43 número 31 sur 108, Envigado, Antioquia, Colombia"}
,{"p":"hamburguesassanjose","x":"6.1606566","y":"-75.5815026","n":"Hamburguesas San José","t":"0","c":"185","s":"4.3","d":"0","a":"59,104,104,104","l":"Cl. 40 Sur ##28b-02, Envigado, Antioquia, Colombia"}
,{"p":"guilliarepas2","x":"6.2619255","y":"-75.5994947","n":"Guilliarepas","t":"0","c":"140","s":"4.5","d":"0","a":"59,104,104,104","l":"Cra. 81 #48b-126, Medellín, Antioquia, Colombia"}
,{"p":"lasricurasdeandrea","x":"6.309764","y":"-75.5709842","n":"Las Ricuras De Andrea","t":"0","c":"5","s":"4.8","d":"0","a":"59,104,104,104","l":"Cl. 113, Medellín, Antioquia, Colombia"}
,{"p":"pizzahaus","x":"6.1648926","y":"-75.5903813","n":"Pizza Haus","t":"0","c":"47","s":"4.7","d":"0","a":"59,104,104,104","l":"21, Cra. 41 #40g Sur, Envigado, Antioquia, Colombia"}
,{"p":"dondejuancho","x":"6.211019","y":"-75.5588099","n":"Comidas Rápidas Donde Juancho","t":"0","c":"76","s":"4.6","d":"0","a":"59,104,104,104","l":"Calle 10c #29c26, Medellín, Antioquia, Colombia"}
,{"p":"tiendalarejagris","x":"6.2249052","y":"-75.5857862","n":"Tienda la Reja Gris","t":"3","c":"0","s":"0.0","d":"0","a":"59,104,104,104","l":"Cl. 24 #65e-13, Medellín, Antioquia, Colombia"}
,{"p":"kemono","x":"-30.041175","y":"-51.219156","n":"Kemono Sushi","t":"0","c":"726","s":"4.5","d":"0","a":"59,60,61,104","l":"R. Joaquim Nabuco, 55 - Cidade Baixa, Porto Alegre - RS, 90050-340, Brasil"}
,{"p":"misterx","x":"-30.0418219","y":"-51.2213975","n":"Mister X","t":"0","c":"945","s":"4.1","d":"0","a":"59,60,61,104","l":"R. José do Patrocínio, 827 - Cidade Baixa, Porto Alegre - RS, 90050-001, Brasil"}
,{"p":"insoniabar","x":"-30.0417259","y":"-51.2211081","n":"IN Sônia Bar","t":"2","c":"275","s":"4.5","d":"0","a":"59,60,61,104","l":"R. José do Patrocínio, 822 - Cidade Baixa, Porto Alegre - RS, 90050-000, Brasil"}
,{"p":"madrugasbar","x":"-30.0315877","y":"-51.2242712","n":"Madrugas Bar e Restaurante","t":"0","c":"29","s":"4.6","d":"0","a":"59,60,61,104","l":"Av. Sen. Salgado Filho, 359 - Centro Histórico, Porto Alegre - RS, 90010-490, Brasil"}
,{"p":"hotelrecantoverde","x":"-13.7773628","y":"-47.2661374","n":"Hotel Recanto Verde - Chapada dos Veadeiros #Hospedagem #Turismo #Business #Aventura","t":"5","c":"109","s":"4.6","d":"0","a":"163,104,104,104","l":"Av. Pedro Álvares Cabral, 311 - Centro, Teresina de Goiás - GO, 73795-000, Brasil"}
,{"p":"dashcafebrazil","x":"-29.1647696","y":"-51.176024","n":"DASH Cafe","t":"2","c":"40","s":"4.7","d":"0","a":"29,115,16,6","l":"R. Vinte de Setembro, 1556 - sala 01 - Centro, Caxias do Sul - RS, 95020-450, Brasil"}]