[{"p":"numazukoginza","x":"35.674296","y":"139.768588","n":"Sushi-Bar Numazuko Ginza 1st - 回転寿司酒場 銀座沼津港","t":"0","c":"293","s":"3.6","d":"0","a":"67,104,104,104","l":"1 Chome-8-19 Ginza, Chuo City, Tokyo, Japan"}
,{"p":"mezzo","x":"35.6625396","y":"139.7332497","n":"MEZZO Luxury Bar n Lounge","t":"2","c":"86","s":"4.0","d":"0","a":"31,33,82,160","l":"5 Chome-1 Roppongi, Minato City, Tokyo, Japan"}
,{"p":"daikanyama","x":"35.64827","y":"139.7036586","n":"daikanyama OKOK","t":"0","c":"33","s":"4.4","d":"0","a":"104,104,104,104","l":"2 Chome−21−15 Ebisunishi, Shibuya City, Tokyo, Japan"}
,{"p":"cafedeperle","x":"35.669106","y":"139.761887","n":"Cafe de Perle - カフェ・ド・ペルル","t":"2","c":"6","s":"4.3","d":"0","a":"81,82,83,84","l":"7 Chome−7−9, Ginza, Chuo City, Tokyo, Japan"}
,{"p":"twodogstaproom","x":"35.6626594","y":"139.7352281","n":"Two Dogs Taproom トゥー·ドッグス·タップルーム","t":"0","c":"241","s":"4.2","d":"0","a":"14,32,31,8","l":"Japan, Tokyo, Minato City, Roppongi, 3 Chome−15−24"}
,{"p":"thepinkcowakasaka","x":"35.6720966","y":"139.7397304","n":"The Pink Cow Akasaka - 赤坂 The Pink Cow (ピンクカウ)","t":"0","c":"57","s":"4.5","d":"0","a":"14,100,96,31","l":"2 Chome-7-5 Akasaka, Minato City, Tokyo, Japan"}
,{"p":"downtownb","x":"35.665032","y":"139.736647","n":"Downtown Bs Indian Kitchen - ダウンタウン ビーズ","t":"0","c":"357","s":"4.7","d":"0","a":"158,159,71,135","l":"3 Chome-4 Roppongi, Minato City, Tokyo, Japan"}
,{"p":"fline","x":"35.6333881","y":"139.6611829","n":"f,line - エフライン","t":"4","c":"3","s":"5.0","d":"0","a":"104,104,104,104","l":"4 Chome-4-4-3 Kamiuma, Setagaya City, Tokyo, Japan"}
,{"p":"kagurazaka","x":"35.706609","y":"139.731268","n":"Kagurazaka aka be e tasuki - 神楽坂 あかべえ 襷｜神楽坂 焼き鳥 ワイン 日本酒","t":"0","c":"20","s":"3.7","d":"0","a":"104,104,104,104","l":"6 Chome-3 Yamabukicho, Shinjuku City, Tokyo, Japan"}
,{"p":"newsalsasudada","x":"35.6616764","y":"139.7351021","n":"Salsa Sudada - サルサスダーダ","t":"2","c":"43","s":"4.1","d":"0","a":"31,32,33,160","l":"東京都港区六本木５丁目１６−5 インペリアル六本木 Forum 2F - 5 Chome-16-5 Roppongi, Minato City, Tokyo, Japan"}
,{"p":"goodheavens","x":"35.6589099","y":"139.6676123","n":"Good Heavens","t":"0","c":"87","s":"4.4","d":"0","a":"104,104,104,104","l":"Japan, Tokyo, Setagaya City, Daizawa5 Chome−32−"}
,{"p":"kandakirari","x":"35.6930112","y":"139.7731941","n":"Kanda Kirari - 輝きらり","t":"0","c":"40","s":"4.0","d":"0","a":"155,67,100,97","l":"Japan, Tokyo, Chiyoda City, Kanda Konyacho"}
,{"p":"bargolden","x":"35.6308575","y":"139.6843618","n":"ゴールデン - Bar Golden","t":"2","c":"3","s":"3.3","d":"0","a":"31,32,83,119","l":"2 Chome-40-10 Chuocho, Meguro City, Tokyo, Japan"}
,{"p":"glutenfree","x":"35.664605","y":"139.736968","n":"Gluten Free 61 cafe n bar - グルテンフリー61 カフェ-バ","t":"0","c":"60","s":"4.8","d":"0","a":"6,15,30,108","l":"3 Chome-4-４番地６号 Roppongi, Minato City, Tokyo, Japan"}
,{"p":"330bar","x":"35.6480452","y":"139.7104592","n":"私を恵比寿に連れてって 330BAR","t":"2","c":"26","s":"3.3","d":"0","a":"31,32,33,81","l":"Japan, Tokyo, Shibuya City, Ebisu, 1 Chome−7−4"}
,{"p":"rakantokyo","x":"35.6632748","y":"139.7329313","n":"RAKAN Tokyo - Nightclub","t":"2","c":"1","s":"5.0","d":"0","a":"31,33,82,160","l":"Tokyo, Japan, Asia"}
,{"p":"greekbar","x":"35.7034722","y":"139.5996424","n":"Greek bar ギリシャ小町三丁目","t":"0","c":"15","s":"4.6","d":"0","a":"154,143,15,8","l":"3 Chome-11 Nishiogiminami, Suginami City, Tokyo, Japan"}
,{"p":"ruinsminakami","x":"36.771307","y":"138.970286","n":"Ruins Minakami - ルインズ 水上","t":"0","c":"9","s":"4.8","d":"0","a":"60,61,59,104","l":"685 Yubara, Minakami, Tone-gun, Gunma 379-1617, Japan"}
,{"p":"kawashou","x":"35.946634","y":"139.831329","n":"Kawashou うなぎ 川昌 - Unagi","t":"0","c":"173","s":"4.2","d":"0","a":"100,142,143,153","l":"1511-2 Kanasugi, Matsubushi, Saitama, Japan"}
,{"p":"soulfoodhouse","x":"35.655364","y":"139.734573","n":"Soul Food House","t":"0","c":"316","s":"4.6","d":"0","a":"97,143,7,15","l":"Japan, Tokyo, Minato City, Azabujuban, 2 Chome−8−１０"}
,{"p":"lacocinadegaston","x":"35.6873575","y":"139.7798908","n":"ラ コシーナ デ ゲン - la cocina de gaston","t":"0","c":"30","s":"4.6","d":"0","a":"97,15,100,138","l":"Japan, Kanagawa, Kamakura, Yuigahama, 1 Chome−12−7"}
,{"p":"riceplus","x":"35.6553945","y":"139.694185","n":"RicePlus（ライスプラス）","t":"0","c":"7","s":"4.9","d":"0","a":"29,31,32,119","l":"Japan, Tokyo, Shibuya City, Maruyamacho, 28−8"}
,{"p":"hackersbar","x":"35.6644485","y":"139.7305855","n":"Hackers Bar","t":"2","c":"57","s":"4.4","d":"0","a":"31,32,81,82","l":"Japan, Tokyo, Minato City, Roppongi, 7 Chome−12−3"}
,{"p":"gyozashack","x":"35.643273","y":"139.6701459","n":"GYOZA SHACK","t":"0","c":"52","s":"3.9","d":"0","a":"97,100,143,15","l":"2 Chome-13-10 Sangenjaya, Setagaya City, Tokyo, Japan"}
,{"p":"yakinikutamura","x":"34.700377","y":"135.542964","n":"Yakiniku Tamura - 北海道の旬 焼肉たむら","t":"0","c":"82","s":"3.2","d":"0","a":"111,67,112,138","l":"2 Chome-7-3 Marunouchi, Chiyoda City, Tokyo, Japan"}
,{"p":"yakitoriamericabashi","x":"35.6433512","y":"139.7117271","n":"とりちゃま焼き鳥 Yakitori America Bashi","t":"0","c":"7","s":"3.1","d":"0","a":"104,104,104,104","l":"1 Chome-23-1 Ebisuminami, Shibuya City, Tokyo 150-0022, Japan"}
,{"p":"rawdotraw","x":"35.660384","y":"139.7328003","n":"ドットロー (.RAW - DOT RAW - Morning Yoga .RAW - Juice n Salad .RAW - Bar .RAW)","t":"0","c":"94","s":"4.1","d":"0","a":"3,4,6,15","l":"Japan, 〒106-0032 Tokyo, Minato City, 10, 六本木5-10−32-1F"}
,{"p":"worldstarcafe","x":"35.6626071","y":"139.7326881","n":"World Star Cafe","t":"0","c":"215","s":"3.3","d":"0","a":"102,14,108,104","l":"Japan, 〒106-0032 Tokyo, Minato City, Roppongi, 5 Chome−1−3 ゴトビル B1F"}
,{"p":"tregionport","x":"35.6739769","y":"139.7376138","n":"Tregion Port 東北酒場 トレジオンポート","t":"0","c":"44","s":"3.9","d":"0","a":"60,59,61,104","l":"Japan, 〒107-0052 Tokyo, Minato City, Akasaka, 3 Chome−12−18 第8荒井ビル2F"}
,{"p":"izakayatonteki","x":"35.6969398","y":"139.6796013","n":"Izakaya restaurant Tonteki, Nakano sakaue - 酒場食堂とんてき -中野坂上 ","t":"0","c":"31","s":"4.2","d":"0","a":"60,59,61,104","l":"Japan, 〒164-0012 Tokyo, Nakano City, Honcho, 2 Chome−51−13 フラワーハイツ 1F"}
,{"p":"tariq","x":"34.3983986","y":"132.4724483","n":"タリーク（ＴＡＲＩＱ）","t":"2","c":"5","s":"4.0","d":"0","a":"81,3,60,61","l":"12-9 Osugacho, Minami Ward, Hiroshima, 732-0821, Japan"}
,{"p":"sushitoge","x":"43.0552675","y":"141.3216802","n":"Sushi Togemaruyama Koen Ten - 寿司とうげ円山公園店","t":"0","c":"24","s":"4.8","d":"0","a":"67,60,61,104","l":"Japan, 〒060-0061 Hokkaido, Sapporo, Chuo Ward, Minami 1 Jonishi, 24 Chome−1−8 エスターアベニュー ２F"}
,{"p":"jokersbar","x":"37.9147985","y":"139.0619746","n":"JOKERS BAR","t":"2","c":"4","s":"4.0","d":"0","a":"127,33,32,31","l":"1 Chome-6-9 Higashiodori, Chuo Ward, Niigata, 950-0087, Japan"}
,{"p":"coworkingtokyo","x":"35.6680691","y":"139.7320423","n":"Coworking Tokyo Chapter - ninetytwo13","t":"999","c":"26","s":"4.5","d":"0","a":"59,60,61,104","l":"9 Chome-2-13 Akasaka, Tokyo, 107-0052, Japan"}
,{"p":"sonidos","x":"35.6624155","y":"139.7349178","n":"Sonidos Bar Roppongi ソニドスバー六本木","t":"2","c":"28","s":"4.3","d":"0","a":"127,33,32,31","l":"SHIMOJOU building B1F 3-14-8, Roppongi, Minayo-ku, Tokyo 106-0031, Japan"}
,{"p":"ramenjinanbodos","x":"35.7384871","y":"139.662336","n":"Ramen - 麺処 次男房 桜台店","t":"0","c":"45","s":"4.0","d":"0","a":"135,100,97,104","l":"1 Chome-4-7 Sakuradai, Nerima City, Tokyo 176-0002"}
,{"p":"ramenjinanbo","x":"35.7201679","y":"139.65248","n":"Ramen - 鶏白湯ラーメン麺処 次男房","t":"0","c":"135","s":"4.4","d":"0","a":"135,100,97,104","l":"6 Chome-3-4 Nogata, Nakano City, Tokyo 165-0027, Japan"}
,{"p":"dotblue","x":"35.6698022","y":"139.732995","n":"dot-blue","t":"2","c":"58","s":"4.3","d":"0","a":"127,33,32,31","l":"Japan, 〒107-0052 Tokyo, Minato City, Akasaka, 7 Chome−9−7 バルビゾン74 1F"}
,{"p":"numberfive","x":"35.662842","y":"139.7335174","n":"No.5","t":"2","c":"21","s":"4.0","d":"0","a":"61,31,104,104","l":"Japan, 〒106-0032 Tokyo, Minato City, Roppongi, 3 Chome−12−5 STELLA六本木 5F"}
,{"p":"bar76","x":"35.2823086","y":"139.6687962","n":"Bar{76};","t":"2","c":"26","s":"4.6","d":"0","a":"61,31,104,104","l":"Japan, 〒238-0008 Kanagawa, Yokosuka, Odakicho, 1 Chome−８"}
,{"p":"glutenfreetkitchen","x":"35.6650365","y":"139.7296399","n":"Gluten Free T’s Kitchen - グルテンフリー ティーズ キッチン","t":"0","c":"103","s":"4.7","d":"0","a":"30,1,109,61","l":"7 Chome-8-８番地5号 Roppongi, Minato City, Tokyo 106-0032, Japan"}
,{"p":"horumonsuzu","x":"35.63198","y":"139.447276","n":"ホルモンすず (Horumonsuzu) Yakiniku","t":"0","c":"66","s":"4.3","d":"0","a":"60,61,59,104","l":"1-chōme-8-17 Nagayama, Tama, Tokyo-to 206-0025, Japan"}
,{"p":"venusfort","x":"35.6244166","y":"139.7790958","n":"RUBY CAFE VENUSFORT店","t":"2","c":"50","s":"3.8","d":"0","a":"60,61,59,104","l":"1 Chome-3-15 Aomi, Koto City, Tokyo 135-0064, Japan"}
,{"p":"hairmake","x":"35.6444295","y":"139.7073653","n":"hair make MINT","t":"999","c":"20","s":"4.8","d":"0","a":"60,61,59,104","l":"Japan, 〒150-0022 Tokyo-to, Shibuya City, Ebisuminami, 2-chōme−5−9 内藤ビル2F"}
,{"p":"bluebaobabafrica","x":"35.6587038","y":"139.7430404","n":"Blue Baobab Africa - ブルー バオバブ アフリカ","t":"0","c":"34","s":"4.0","d":"0","a":"60,61,59,104","l":"Japan, 〒106-0041 Tokyo, 港区麻布台２－２－１２2, 三貴 ビル 2F"}
,{"p":"eletokyo","x":"35.656938","y":"139.735302","n":"ELETOKYO","t":"2","c":"187","s":"3.7","d":"0","a":"127,33,32,31","l":"Japan, 〒106-0045 Tokyo, Minato City, 4, 麻布十番１丁目４−５ 深尾ビル １F - B１F"}
,{"p":"villatokyo","x":"35.6639704","y":"139.7305542","n":"VILLA TOKYO 六本木","t":"2","c":"111","s":"4.6","d":"0","a":"60,61,59,104","l":"7-chōme-13-7 Roppongi, Minato City, Tokyo-to 106-0032, Japan"}
,{"p":"v2tokyo","x":"35.6639015","y":"139.7306322","n":"V2 TOKYO","t":"2","c":"379","s":"4.0","d":"0","a":"127,33,32,31","l":"7-chōme-13-7 Roppongi, Minato City, Tokyo-to 106-0032, Japan"}
,{"p":"memoriesbar","x":"35.6635542","y":"139.7333784","n":"MEMORIES BAR","t":"2","c":"0","s":"0.0","d":"0","a":"127,33,32,31","l":"Japan, 〒106-0032 Tokyo-to, Minato City, Roppongi, 3-chōme−10−11 青木ビル6F"}
,{"p":"wallstreet","x":"35.6621986","y":"139.7351789","n":"WALL STREET GRILL n BAR","t":"2","c":"2","s":"5.0","d":"0","a":"61,29,31,32","l":"陽光セントラルビル六本木 １F, 3-chōme-15-22 丁目 Roppongi, Minato City, Tokyo-to 106-0032, Japan"}
,{"p":"secretbeautysalon","x":"35.6715746","y":"139.7697616","n":"ハイパーナイフ 本格リンパ 美容矯正専門店 銀座Secret Beauty Salon","t":"999","c":"5","s":"4.8","d":"0","a":"60,61,59,104","l":"Japan, 〒104-0061 Tokyo, Chuo City, Ginza, 2 Chome−13−１６ アヴァンティーク銀座２丁目参番館"}
,{"p":"ramenshopjinambo","x":"35.7200756","y":"139.6525785","n":"Ramen Shop Jinambo 6-chōme-3-4 Nogata","t":"3","c":"0","s":"0.0","d":"0","a":"60,61,59,104","l":"Nakano City, Tokyo-to 165-0027, Japan "}
,{"p":"coaster","x":"35.6573733","y":"139.6676032","n":"Coaster クラフトビール＆キッチン","t":"0","c":"44","s":"4.4","d":"0","a":"60,61,59,104","l":"Japan, 〒155-0032 Tokyo, Setagaya City, Daizawa, 5 Chome−19−１３, Kosei Haimu, １F"}
,{"p":"malaychan","x":"35.730472","y":"139.706181","n":"Malaychan - キッチンマレーチャン","t":"0","c":"138","s":"3.9","d":"0","a":"59,104,104,104","l":"3 Chome-22-6 Nishiikebukuro, Toshima City, Tokyo 171-0021, Japan"}
,{"p":"osarucoffee","x":"34.6637216","y":"135.4954944","n":"オサル コーヒー Osaru Coffee","t":"2","c":"88","s":"4.5","d":"0","a":"29,8,109,142","l":"1 Chome-7-15 Motomachi, Naniwa Ward, Osaka, Japan"}
,{"p":"unityface","x":"34.5321509","y":"135.4955319","n":"喫茶・軽食 ユニティーフェイス - Unity Faith","t":"0","c":"9","s":"4.3","d":"0","a":"29,31,135,119","l":"Japan, Osaka, Sakai, Naka Ward, Fukaishimizucho, 3835"}
,{"p":"engaro","x":"34.702269","y":"135.487596","n":"ENGARO organic n hair clinic 大阪市北区大淀南オーガニック美容室","t":"4","c":"5","s":"4.8","d":"0","a":"104,104,104,104","l":"Japan, Osaka, Kita Ward, 北区1 Chome−10"}
,{"p":"cafebarcoins","x":"34.6595934","y":"135.5059829","n":"仮想通貨カフェ＆バーＣＯＩＮＳ","t":"2","c":"9","s":"4.6","d":"0","a":"29,31,32,33","l":"Japan, Osaka, Chuo Ward, Souemoncho, 5−6"}
,{"p":"04village","x":"34.6550227","y":"135.5084907","n":"０４ ｖｉｌｌａｇｅ なんば","t":"5","c":"93","s":"4.3","d":"0","a":"60,61,90,98","l":"Japan, Osaka, Naniwa Ward, Shimodera, 3 Chome−12−9"}
,{"p":"trianglecoffee","x":"34.665282","y":"135.505369","n":"cycle-cafe TRI⊿NGLE COFFEE トライアングルコーヒー","t":"2","c":"7","s":"5.0","d":"0","a":"29,145,142,31","l":"1-22 Nanbasennichimae, Chuo Ward, Osaka, Japan"}
,{"p":"bitcafe","x":"34.6725595","y":"135.4904279","n":"bit cafe","t":"2","c":"22","s":"4.0","d":"0","a":"29,109,64,15","l":"Japan, Osaka, 大阪市西区 Nishi Ward, Minamihorie, 2 Chome−13−17 bit cafe"}
,{"p":"slices","x":"34.6702486","y":"135.4996966","n":"Slices Pizza Restaurant - スライシーズ","t":"0","c":"123","s":"4.2","d":"0","a":"14,15,31,109","l":"2 Chome-3-21 Nishishinsaibashi, Chuo Ward, Osaka, Japan"}
,{"p":"toripao","x":"34.697499","y":"135.4851051","n":"toripao - 鶏料理pao","t":"0","c":"7","s":"3.9","d":"0","a":"71,94,96,135","l":"Japan, Osaka, Fukushima Ward, Fukushima, 7 Chome−7−番7号"}
,{"p":"nazimichi","x":"34.6620575","y":"135.4971423","n":"ナジミチヂミ Izakaya Restaurant","t":"0","c":"23","s":"4.7","d":"0","a":"113,67,99,15","l":"Japan, Osaka, Naniwa Ward, Motomachi, 2 Chome−7−1"}
,{"p":"ajinoya2","x":"34.6680903","y":"135.5006587","n":"Ajinoya 2nd Shop - 味乃家 2号店","t":"0","c":"62","s":"3.7","d":"0","a":"100,112,142,144","l":"Japan, Osaka, Chuo Ward, Nanba, 1 Chome−７−13"}
,{"p":"yakinikutamurafukuoka","x":"33.5878136","y":"130.3941922","n":"炭火焼肉たむら福岡店 - Yakiniku Tamura Fukuoka","t":"0","c":"29","s":"3.8","d":"0","a":"111,67,112,138","l":"Japan, Fukuoka, Chuo Ward, Daimyo, 1 Chome−12−39"}
,{"p":"yakinikutamuranagasaki","x":"32.8258168","y":"129.84688","n":"炭火焼肉たむら 長崎店 - Yakiniku Tamura Nagasaki","t":"0","c":"63","s":"3.3","d":"0","a":"111,67,112,138","l":"Japan, Nagasaki, Togitsu, Nodago, 48-13"}
,{"p":"audreydiving","x":"26.2379402","y":"127.6892317","n":"Audrey Diving Service - オードリーダイビングサービス","t":"999","c":"5","s":"4.6","d":"0","a":"60,61,59,104","l":"102-1 Aja, Naha, Okinawa 900-0003, Japan"}
,{"p":"hawaiankombucha","x":"34.7045896","y":"135.2056888","n":"Hawaiian Kombucha","t":"4","c":"2","s":"5.0","d":"0","a":"136,3,60,61","l":"1-4-18, 1-chōme-4 Kamiwakadōri, Chūō-ku, Kobe, Hyogo 651-0067, Japan"}
,{"p":"crossfitshohaku","x":"35.0264428","y":"135.7360836","n":"クロスフィット松柏 CrossFit Shohaku","t":"999","c":"10","s":"5.0","d":"0","a":"60,61,59,104","l":"1, 114 Higashitatechō, Kamigyō-ku, Kyoto, 602-8377, Japan"}
,{"p":"lphairsalon","x":"34.9923942","y":"135.7569949","n":"LP Hair Salon","t":"999","c":"3","s":"3.7","d":"0","a":"60,61,59,104","l":"８２１６ Higashiwakamatsuchō, Shimogyō-ku, Kyoto, 600-8305, Japan"}]