[{"p":"villavveden","x":"57.4516393","y":"39.7834206","n":"Villa Vvedenye","t":"5","c":"30","s":"4.5","d":"0","a":"104,104,104,104","l":"Yaroslavl, Russia, Asia"}
,{"p":"Ekoferma","x":"55.6545653","y":"35.6808708","n":"Ekoferma Aleksandrovskiy Spas - Экоферма Александровский Спас","t":"999","c":"7","s":"3.9","d":"0","a":"59,104,104,104","l":"Tushkov Gorodok, Moscow Oblast, Russia, 143240"}
,{"p":"numazukoginza","x":"35.674296","y":"139.768588","n":"Sushi-Bar Numazuko Ginza 1st - 回転寿司酒場 銀座沼津港","t":"0","c":"293","s":"3.6","d":"0","a":"67,104,104,104","l":"1 Chome-8-19 Ginza, Chuo City, Tokyo, Japan"}
,{"p":"mezzo","x":"35.6625396","y":"139.7332497","n":"MEZZO Luxury Bar n Lounge","t":"2","c":"86","s":"4.0","d":"0","a":"31,33,82,160","l":"5 Chome-1 Roppongi, Minato City, Tokyo, Japan"}
,{"p":"daikanyama","x":"35.64827","y":"139.7036586","n":"daikanyama OKOK","t":"0","c":"33","s":"4.4","d":"0","a":"104,104,104,104","l":"2 Chome−21−15 Ebisunishi, Shibuya City, Tokyo, Japan"}
,{"p":"cafedeperle","x":"35.669106","y":"139.761887","n":"Cafe de Perle - カフェ・ド・ペルル","t":"2","c":"6","s":"4.3","d":"0","a":"81,82,83,84","l":"7 Chome−7−9, Ginza, Chuo City, Tokyo, Japan"}
,{"p":"twodogstaproom","x":"35.6626594","y":"139.7352281","n":"Two Dogs Taproom トゥー·ドッグス·タップルーム","t":"0","c":"241","s":"4.2","d":"0","a":"14,32,31,8","l":"Japan, Tokyo, Minato City, Roppongi, 3 Chome−15−24"}
,{"p":"thepinkcowakasaka","x":"35.6720966","y":"139.7397304","n":"The Pink Cow Akasaka - 赤坂 The Pink Cow (ピンクカウ)","t":"0","c":"57","s":"4.5","d":"0","a":"14,100,96,31","l":"2 Chome-7-5 Akasaka, Minato City, Tokyo, Japan"}
,{"p":"downtownb","x":"35.665032","y":"139.736647","n":"Downtown Bs Indian Kitchen - ダウンタウン ビーズ","t":"0","c":"357","s":"4.7","d":"0","a":"158,159,71,135","l":"3 Chome-4 Roppongi, Minato City, Tokyo, Japan"}
,{"p":"fline","x":"35.6333881","y":"139.6611829","n":"f,line - エフライン","t":"4","c":"3","s":"5.0","d":"0","a":"104,104,104,104","l":"4 Chome-4-4-3 Kamiuma, Setagaya City, Tokyo, Japan"}
,{"p":"kagurazaka","x":"35.706609","y":"139.731268","n":"Kagurazaka aka be e tasuki - 神楽坂 あかべえ 襷｜神楽坂 焼き鳥 ワイン 日本酒","t":"0","c":"20","s":"3.7","d":"0","a":"104,104,104,104","l":"6 Chome-3 Yamabukicho, Shinjuku City, Tokyo, Japan"}
,{"p":"newsalsasudada","x":"35.6616764","y":"139.7351021","n":"Salsa Sudada - サルサスダーダ","t":"2","c":"43","s":"4.1","d":"0","a":"31,32,33,160","l":"東京都港区六本木５丁目１６−5 インペリアル六本木 Forum 2F - 5 Chome-16-5 Roppongi, Minato City, Tokyo, Japan"}
,{"p":"goodheavens","x":"35.6589099","y":"139.6676123","n":"Good Heavens","t":"0","c":"87","s":"4.4","d":"0","a":"104,104,104,104","l":"Japan, Tokyo, Setagaya City, Daizawa5 Chome−32−"}
,{"p":"kandakirari","x":"35.6930112","y":"139.7731941","n":"Kanda Kirari - 輝きらり","t":"0","c":"40","s":"4.0","d":"0","a":"155,67,100,97","l":"Japan, Tokyo, Chiyoda City, Kanda Konyacho"}
,{"p":"bargolden","x":"35.6308575","y":"139.6843618","n":"ゴールデン - Bar Golden","t":"2","c":"3","s":"3.3","d":"0","a":"31,32,83,119","l":"2 Chome-40-10 Chuocho, Meguro City, Tokyo, Japan"}
,{"p":"glutenfree","x":"35.664605","y":"139.736968","n":"Gluten Free 61 cafe n bar - グルテンフリー61 カフェ-バ","t":"0","c":"60","s":"4.8","d":"0","a":"6,15,30,108","l":"3 Chome-4-４番地６号 Roppongi, Minato City, Tokyo, Japan"}
,{"p":"330bar","x":"35.6480452","y":"139.7104592","n":"私を恵比寿に連れてって 330BAR","t":"2","c":"26","s":"3.3","d":"0","a":"31,32,33,81","l":"Japan, Tokyo, Shibuya City, Ebisu, 1 Chome−7−4"}
,{"p":"rakantokyo","x":"35.6632748","y":"139.7329313","n":"RAKAN Tokyo - Nightclub","t":"2","c":"1","s":"5.0","d":"0","a":"31,33,82,160","l":"Tokyo, Japan, Asia"}
,{"p":"greekbar","x":"35.7034722","y":"139.5996424","n":"Greek bar ギリシャ小町三丁目","t":"0","c":"15","s":"4.6","d":"0","a":"154,143,15,8","l":"3 Chome-11 Nishiogiminami, Suginami City, Tokyo, Japan"}
,{"p":"ruinsminakami","x":"36.771307","y":"138.970286","n":"Ruins Minakami - ルインズ 水上","t":"0","c":"9","s":"4.8","d":"0","a":"60,61,59,104","l":"685 Yubara, Minakami, Tone-gun, Gunma 379-1617, Japan"}
,{"p":"kawashou","x":"35.946634","y":"139.831329","n":"Kawashou うなぎ 川昌 - Unagi","t":"0","c":"173","s":"4.2","d":"0","a":"100,142,143,153","l":"1511-2 Kanasugi, Matsubushi, Saitama, Japan"}
,{"p":"soulfoodhouse","x":"35.655364","y":"139.734573","n":"Soul Food House","t":"0","c":"316","s":"4.6","d":"0","a":"97,143,7,15","l":"Japan, Tokyo, Minato City, Azabujuban, 2 Chome−8−１０"}
,{"p":"lacocinadegaston","x":"35.6873575","y":"139.7798908","n":"ラ コシーナ デ ゲン - la cocina de gaston","t":"0","c":"30","s":"4.6","d":"0","a":"97,15,100,138","l":"Japan, Kanagawa, Kamakura, Yuigahama, 1 Chome−12−7"}
,{"p":"riceplus","x":"35.6553945","y":"139.694185","n":"RicePlus（ライスプラス）","t":"0","c":"7","s":"4.9","d":"0","a":"29,31,32,119","l":"Japan, Tokyo, Shibuya City, Maruyamacho, 28−8"}
,{"p":"hackersbar","x":"35.6644485","y":"139.7305855","n":"Hackers Bar","t":"2","c":"57","s":"4.4","d":"0","a":"31,32,81,82","l":"Japan, Tokyo, Minato City, Roppongi, 7 Chome−12−3"}
,{"p":"gyozashack","x":"35.643273","y":"139.6701459","n":"GYOZA SHACK","t":"0","c":"52","s":"3.9","d":"0","a":"97,100,143,15","l":"2 Chome-13-10 Sangenjaya, Setagaya City, Tokyo, Japan"}
,{"p":"yakinikutamura","x":"34.700377","y":"135.542964","n":"Yakiniku Tamura - 北海道の旬 焼肉たむら","t":"0","c":"82","s":"3.2","d":"0","a":"111,67,112,138","l":"2 Chome-7-3 Marunouchi, Chiyoda City, Tokyo, Japan"}
,{"p":"yakitoriamericabashi","x":"35.6433512","y":"139.7117271","n":"とりちゃま焼き鳥 Yakitori America Bashi","t":"0","c":"7","s":"3.1","d":"0","a":"104,104,104,104","l":"1 Chome-23-1 Ebisuminami, Shibuya City, Tokyo 150-0022, Japan"}
,{"p":"rawdotraw","x":"35.660384","y":"139.7328003","n":"ドットロー (.RAW - DOT RAW - Morning Yoga .RAW - Juice n Salad .RAW - Bar .RAW)","t":"0","c":"94","s":"4.1","d":"0","a":"3,4,6,15","l":"Japan, 〒106-0032 Tokyo, Minato City, 10, 六本木5-10−32-1F"}
,{"p":"worldstarcafe","x":"35.6626071","y":"139.7326881","n":"World Star Cafe","t":"0","c":"215","s":"3.3","d":"0","a":"102,14,108,104","l":"Japan, 〒106-0032 Tokyo, Minato City, Roppongi, 5 Chome−1−3 ゴトビル B1F"}
,{"p":"tregionport","x":"35.6739769","y":"139.7376138","n":"Tregion Port 東北酒場 トレジオンポート","t":"0","c":"44","s":"3.9","d":"0","a":"60,59,61,104","l":"Japan, 〒107-0052 Tokyo, Minato City, Akasaka, 3 Chome−12−18 第8荒井ビル2F"}
,{"p":"izakayatonteki","x":"35.6969398","y":"139.6796013","n":"Izakaya restaurant Tonteki, Nakano sakaue - 酒場食堂とんてき -中野坂上 ","t":"0","c":"31","s":"4.2","d":"0","a":"60,59,61,104","l":"Japan, 〒164-0012 Tokyo, Nakano City, Honcho, 2 Chome−51−13 フラワーハイツ 1F"}
,{"p":"tariq","x":"34.3983986","y":"132.4724483","n":"タリーク（ＴＡＲＩＱ）","t":"2","c":"5","s":"4.0","d":"0","a":"81,3,60,61","l":"12-9 Osugacho, Minami Ward, Hiroshima, 732-0821, Japan"}
,{"p":"sushitoge","x":"43.0552675","y":"141.3216802","n":"Sushi Togemaruyama Koen Ten - 寿司とうげ円山公園店","t":"0","c":"24","s":"4.8","d":"0","a":"67,60,61,104","l":"Japan, 〒060-0061 Hokkaido, Sapporo, Chuo Ward, Minami 1 Jonishi, 24 Chome−1−8 エスターアベニュー ２F"}
,{"p":"jokersbar","x":"37.9147985","y":"139.0619746","n":"JOKERS BAR","t":"2","c":"4","s":"4.0","d":"0","a":"127,33,32,31","l":"1 Chome-6-9 Higashiodori, Chuo Ward, Niigata, 950-0087, Japan"}
,{"p":"coworkingtokyo","x":"35.6680691","y":"139.7320423","n":"Coworking Tokyo Chapter - ninetytwo13","t":"999","c":"26","s":"4.5","d":"0","a":"59,60,61,104","l":"9 Chome-2-13 Akasaka, Tokyo, 107-0052, Japan"}
,{"p":"sonidos","x":"35.6624155","y":"139.7349178","n":"Sonidos Bar Roppongi ソニドスバー六本木","t":"2","c":"28","s":"4.3","d":"0","a":"127,33,32,31","l":"SHIMOJOU building B1F 3-14-8, Roppongi, Minayo-ku, Tokyo 106-0031, Japan"}
,{"p":"ramenjinanbodos","x":"35.7384871","y":"139.662336","n":"Ramen - 麺処 次男房 桜台店","t":"0","c":"45","s":"4.0","d":"0","a":"135,100,97,104","l":"1 Chome-4-7 Sakuradai, Nerima City, Tokyo 176-0002"}
,{"p":"ramenjinanbo","x":"35.7201679","y":"139.65248","n":"Ramen - 鶏白湯ラーメン麺処 次男房","t":"0","c":"135","s":"4.4","d":"0","a":"135,100,97,104","l":"6 Chome-3-4 Nogata, Nakano City, Tokyo 165-0027, Japan"}
,{"p":"dotblue","x":"35.6698022","y":"139.732995","n":"dot-blue","t":"2","c":"58","s":"4.3","d":"0","a":"127,33,32,31","l":"Japan, 〒107-0052 Tokyo, Minato City, Akasaka, 7 Chome−9−7 バルビゾン74 1F"}
,{"p":"numberfive","x":"35.662842","y":"139.7335174","n":"No.5","t":"2","c":"21","s":"4.0","d":"0","a":"61,31,104,104","l":"Japan, 〒106-0032 Tokyo, Minato City, Roppongi, 3 Chome−12−5 STELLA六本木 5F"}
,{"p":"bar76","x":"35.2823086","y":"139.6687962","n":"Bar{76};","t":"2","c":"26","s":"4.6","d":"0","a":"61,31,104,104","l":"Japan, 〒238-0008 Kanagawa, Yokosuka, Odakicho, 1 Chome−８"}
,{"p":"glutenfreetkitchen","x":"35.6650365","y":"139.7296399","n":"Gluten Free T’s Kitchen - グルテンフリー ティーズ キッチン","t":"0","c":"103","s":"4.7","d":"0","a":"30,1,109,61","l":"7 Chome-8-８番地5号 Roppongi, Minato City, Tokyo 106-0032, Japan"}
,{"p":"horumonsuzu","x":"35.63198","y":"139.447276","n":"ホルモンすず (Horumonsuzu) Yakiniku","t":"0","c":"66","s":"4.3","d":"0","a":"60,61,59,104","l":"1-chōme-8-17 Nagayama, Tama, Tokyo-to 206-0025, Japan"}
,{"p":"venusfort","x":"35.6244166","y":"139.7790958","n":"RUBY CAFE VENUSFORT店","t":"2","c":"50","s":"3.8","d":"0","a":"60,61,59,104","l":"1 Chome-3-15 Aomi, Koto City, Tokyo 135-0064, Japan"}
,{"p":"hairmake","x":"35.6444295","y":"139.7073653","n":"hair make MINT","t":"999","c":"20","s":"4.8","d":"0","a":"60,61,59,104","l":"Japan, 〒150-0022 Tokyo-to, Shibuya City, Ebisuminami, 2-chōme−5−9 内藤ビル2F"}
,{"p":"bluebaobabafrica","x":"35.6587038","y":"139.7430404","n":"Blue Baobab Africa - ブルー バオバブ アフリカ","t":"0","c":"34","s":"4.0","d":"0","a":"60,61,59,104","l":"Japan, 〒106-0041 Tokyo, 港区麻布台２－２－１２2, 三貴 ビル 2F"}
,{"p":"eletokyo","x":"35.656938","y":"139.735302","n":"ELETOKYO","t":"2","c":"187","s":"3.7","d":"0","a":"127,33,32,31","l":"Japan, 〒106-0045 Tokyo, Minato City, 4, 麻布十番１丁目４−５ 深尾ビル １F - B１F"}
,{"p":"villatokyo","x":"35.6639704","y":"139.7305542","n":"VILLA TOKYO 六本木","t":"2","c":"111","s":"4.6","d":"0","a":"60,61,59,104","l":"7-chōme-13-7 Roppongi, Minato City, Tokyo-to 106-0032, Japan"}
,{"p":"v2tokyo","x":"35.6639015","y":"139.7306322","n":"V2 TOKYO","t":"2","c":"379","s":"4.0","d":"0","a":"127,33,32,31","l":"7-chōme-13-7 Roppongi, Minato City, Tokyo-to 106-0032, Japan"}
,{"p":"memoriesbar","x":"35.6635542","y":"139.7333784","n":"MEMORIES BAR","t":"2","c":"0","s":"0.0","d":"0","a":"127,33,32,31","l":"Japan, 〒106-0032 Tokyo-to, Minato City, Roppongi, 3-chōme−10−11 青木ビル6F"}
,{"p":"wallstreet","x":"35.6621986","y":"139.7351789","n":"WALL STREET GRILL n BAR","t":"2","c":"2","s":"5.0","d":"0","a":"61,29,31,32","l":"陽光セントラルビル六本木 １F, 3-chōme-15-22 丁目 Roppongi, Minato City, Tokyo-to 106-0032, Japan"}
,{"p":"secretbeautysalon","x":"35.6715746","y":"139.7697616","n":"ハイパーナイフ 本格リンパ 美容矯正専門店 銀座Secret Beauty Salon","t":"999","c":"5","s":"4.8","d":"0","a":"60,61,59,104","l":"Japan, 〒104-0061 Tokyo, Chuo City, Ginza, 2 Chome−13−１６ アヴァンティーク銀座２丁目参番館"}
,{"p":"ramenshopjinambo","x":"35.7200756","y":"139.6525785","n":"Ramen Shop Jinambo 6-chōme-3-4 Nogata","t":"3","c":"0","s":"0.0","d":"0","a":"60,61,59,104","l":"Nakano City, Tokyo-to 165-0027, Japan "}
,{"p":"coaster","x":"35.6573733","y":"139.6676032","n":"Coaster クラフトビール＆キッチン","t":"0","c":"44","s":"4.4","d":"0","a":"60,61,59,104","l":"Japan, 〒155-0032 Tokyo, Setagaya City, Daizawa, 5 Chome−19−１３, Kosei Haimu, １F"}
,{"p":"malaychan","x":"35.730472","y":"139.706181","n":"Malaychan - キッチンマレーチャン","t":"0","c":"138","s":"3.9","d":"0","a":"59,104,104,104","l":"3 Chome-22-6 Nishiikebukuro, Toshima City, Tokyo 171-0021, Japan"}
,{"p":"osarucoffee","x":"34.6637216","y":"135.4954944","n":"オサル コーヒー Osaru Coffee","t":"2","c":"88","s":"4.5","d":"0","a":"29,8,109,142","l":"1 Chome-7-15 Motomachi, Naniwa Ward, Osaka, Japan"}
,{"p":"unityface","x":"34.5321509","y":"135.4955319","n":"喫茶・軽食 ユニティーフェイス - Unity Faith","t":"0","c":"9","s":"4.3","d":"0","a":"29,31,135,119","l":"Japan, Osaka, Sakai, Naka Ward, Fukaishimizucho, 3835"}
,{"p":"engaro","x":"34.702269","y":"135.487596","n":"ENGARO organic n hair clinic 大阪市北区大淀南オーガニック美容室","t":"4","c":"5","s":"4.8","d":"0","a":"104,104,104,104","l":"Japan, Osaka, Kita Ward, 北区1 Chome−10"}
,{"p":"cafebarcoins","x":"34.6595934","y":"135.5059829","n":"仮想通貨カフェ＆バーＣＯＩＮＳ","t":"2","c":"9","s":"4.6","d":"0","a":"29,31,32,33","l":"Japan, Osaka, Chuo Ward, Souemoncho, 5−6"}
,{"p":"04village","x":"34.6550227","y":"135.5084907","n":"０４ ｖｉｌｌａｇｅ なんば","t":"5","c":"93","s":"4.3","d":"0","a":"60,61,90,98","l":"Japan, Osaka, Naniwa Ward, Shimodera, 3 Chome−12−9"}
,{"p":"trianglecoffee","x":"34.665282","y":"135.505369","n":"cycle-cafe TRI⊿NGLE COFFEE トライアングルコーヒー","t":"2","c":"7","s":"5.0","d":"0","a":"29,145,142,31","l":"1-22 Nanbasennichimae, Chuo Ward, Osaka, Japan"}
,{"p":"bitcafe","x":"34.6725595","y":"135.4904279","n":"bit cafe","t":"2","c":"22","s":"4.0","d":"0","a":"29,109,64,15","l":"Japan, Osaka, 大阪市西区 Nishi Ward, Minamihorie, 2 Chome−13−17 bit cafe"}
,{"p":"slices","x":"34.6702486","y":"135.4996966","n":"Slices Pizza Restaurant - スライシーズ","t":"0","c":"123","s":"4.2","d":"0","a":"14,15,31,109","l":"2 Chome-3-21 Nishishinsaibashi, Chuo Ward, Osaka, Japan"}
,{"p":"toripao","x":"34.697499","y":"135.4851051","n":"toripao - 鶏料理pao","t":"0","c":"7","s":"3.9","d":"0","a":"71,94,96,135","l":"Japan, Osaka, Fukushima Ward, Fukushima, 7 Chome−7−番7号"}
,{"p":"nazimichi","x":"34.6620575","y":"135.4971423","n":"ナジミチヂミ Izakaya Restaurant","t":"0","c":"23","s":"4.7","d":"0","a":"113,67,99,15","l":"Japan, Osaka, Naniwa Ward, Motomachi, 2 Chome−7−1"}
,{"p":"ajinoya2","x":"34.6680903","y":"135.5006587","n":"Ajinoya 2nd Shop - 味乃家 2号店","t":"0","c":"62","s":"3.7","d":"0","a":"100,112,142,144","l":"Japan, Osaka, Chuo Ward, Nanba, 1 Chome−７−13"}
,{"p":"yakinikutamurafukuoka","x":"33.5878136","y":"130.3941922","n":"炭火焼肉たむら福岡店 - Yakiniku Tamura Fukuoka","t":"0","c":"29","s":"3.8","d":"0","a":"111,67,112,138","l":"Japan, Fukuoka, Chuo Ward, Daimyo, 1 Chome−12−39"}
,{"p":"yakinikutamuranagasaki","x":"32.8258168","y":"129.84688","n":"炭火焼肉たむら 長崎店 - Yakiniku Tamura Nagasaki","t":"0","c":"63","s":"3.3","d":"0","a":"111,67,112,138","l":"Japan, Nagasaki, Togitsu, Nodago, 48-13"}
,{"p":"audreydiving","x":"26.2379402","y":"127.6892317","n":"Audrey Diving Service - オードリーダイビングサービス","t":"999","c":"5","s":"4.6","d":"0","a":"60,61,59,104","l":"102-1 Aja, Naha, Okinawa 900-0003, Japan"}
,{"p":"hawaiankombucha","x":"34.7045896","y":"135.2056888","n":"Hawaiian Kombucha","t":"4","c":"2","s":"5.0","d":"0","a":"136,3,60,61","l":"1-4-18, 1-chōme-4 Kamiwakadōri, Chūō-ku, Kobe, Hyogo 651-0067, Japan"}
,{"p":"crossfitshohaku","x":"35.0264428","y":"135.7360836","n":"クロスフィット松柏 CrossFit Shohaku","t":"999","c":"10","s":"5.0","d":"0","a":"60,61,59,104","l":"1, 114 Higashitatechō, Kamigyō-ku, Kyoto, 602-8377, Japan"}
,{"p":"lphairsalon","x":"34.9923942","y":"135.7569949","n":"LP Hair Salon","t":"999","c":"3","s":"3.7","d":"0","a":"60,61,59,104","l":"８２１６ Higashiwakamatsuchō, Shimogyō-ku, Kyoto, 600-8305, Japan"}
,{"p":"rosebakeshop","x":"8.5070075","y":"125.9773064","n":"Rose Bakeshop","t":"1","c":"5","s":"4.6","d":"0","a":"60,61,59,104","l":"Roxas St, Barangay 4, San Francisco, Agusan del Sur, Philippines"}
,{"p":"bunk5021","x":"14.5634905","y":"121.0302437","n":"BUNK 5021 HOSTEL","t":"5","c":"35","s":"4.3","d":"0","a":"104,104,104,104","l":"P Burgos, Makati, Metro Manila, Philippines"}
,{"p":"orobmanila","x":"14.574839","y":"121.007437","n":"2409 Oro-B","t":"4","c":"0","s":"0.0","d":"0","a":"60,61,59,104","l":"San Andres Bukid, Metro Manila, Philippines"}
,{"p":"fruitopia","x":"1.3241299","y":"103.8140835","n":"Fruitopia - Hawker stall","t":"1","c":"8","s":"4.8","d":"0","a":"60,61,59,104","l":"2 Adam Rd, Singapore 289876"}
,{"p":"intermissionbar","x":"1.3019177","y":"103.8642677","n":"Intermission Bar at The Projector","t":"2","c":"30","s":"4.6","d":"0","a":"60,61,59,104","l":"6001 Beach Rd, #05-00, Singapore 199589"}
,{"p":"thehangar","x":"1.3004156","y":"103.8597222","n":"The Hangar","t":"2","c":"321","s":"4.0","d":"0","a":"60,61,59,104","l":"25 Arab St, Singapore 199724"}
,{"p":"meatandgreen","x":"1.2865508","y":"103.8493014","n":"Meat And Green - Salad Shop","t":"0","c":"45","s":"4.5","d":"0","a":"60,61,59,104","l":"38 Circular Rd, Singapore 049394"}
,{"p":"bekinekool","x":"13.7142306","y":"100.596799","n":"BKK - Be Kine Kool","t":"0","c":"8","s":"5.0","d":"0","a":"59,60,61,104","l":"58-2 Pridi Banomyong Soi 2, Phra Khanong Nuea, Watthana, Bangkok 10110, Thailand"}
,{"p":"maysbangkok","x":"13.7351171","y":"100.55796","n":"MAYs Bangkok","t":"0","c":"78","s":"4.8","d":"0","a":"59,60,61,104","l":"Sukhumvit 12 Alley, Khlong Toei, Khet Khlong Toei, Bangkok 10110, Thailand"}
,{"p":"mayspattaya","x":"12.9052937","y":"100.8731365","n":"MAYs Pattaya","t":"0","c":"371","s":"4.5","d":"0","a":"59,60,61,104","l":"เลขที่ 315-73 Bang Lamung District, Chon Buri 20150, Pattaya, Thailand"}
,{"p":"baanrimnaam","x":"13.7334779","y":"100.5118317","n":"Baan Rim Naam","t":"0","c":"47","s":"4.5","d":"0","a":"59,60,61,104","l":"378 Soi Wanit 2, Talat Noi, Samphanthawong, Bangkok 10100, Thailand"}
,{"p":"comfortbyharlan","x":"12.9220222","y":"100.8623564","n":"Comfort by Harlan","t":"0","c":"114","s":"4.5","d":"0","a":"59,60,61,104","l":"378-531 Moo 12, Kasetsin Soi 2, Pattaya City, Bang Lamung District, Chon Buri 20260, Thailand"}
,{"p":"fattysdiner","x":"13.7567922","y":"100.5587921","n":"Fattys Bar n Diner","t":"0","c":"291","s":"4.5","d":"0","a":"7,8,15,32","l":"Din Daeng, Bangkok 10400, Thailand"}
,{"p":"kosymassagecut","x":"13.7393499","y":"100.563207","n":"KOSY Massage n Cut","t":"999","c":"147","s":"4.9","d":"0","a":"91,27,104,104","l":"22-1 ซอย สุขุมวิท 23 แขวง คลองเตยเหนือ เขตวัฒนา กรุงเทพมหานคร 10110 - 22-1 Soi Sukhumvit 23, Khlong Toei Nuea, Watthana, Bangkok 10110, Thailand"}
,{"p":"welcomeinnvillaphuket","x":"7.81933","y":"98.337324","n":"Welcome inn Villa Phuket","t":"5","c":"18","s":"4.5","d":"0","a":"163,90,120,38","l":"Soi Wiset Suk 1. 97-55 Rawai Phuket 83130, Thailand"}
,{"p":"bgbvillas","x":"7.82748","y":"98.297501","n":"Kata On Sea by bGb Villas and Resorts","t":"5","c":"67","s":"4.1","d":"0","a":"163,31,24,27","l":"96-6 Taina Rd, Kata Center, Kata, Phuket, 83100, Thailand"}
,{"p":"welcomeinnkaronbeach","x":"7.849788","y":"98.295042","n":"Welcome inn Karon Beach","t":"5","c":"44","s":"4.3","d":"0","a":"163,31,24,27","l":"ถนน ปฏัก ตำบล กะรน อำเภอเมืองภูเก็ต ภูเก็ต 83100 - Patak Rd,526-21+22 Karon, Amphoe Mueang, Phuket 83100, Thailand"}
,{"p":"pattayabeergarden","x":"12.928118","y":"100.87435","n":"Pattaya Beer Garden","t":"0","c":"1878","s":"4.2","d":"0","a":"32,97,15,8","l":"Beach Road, Pattaya City, Bang Lamung District, Chon Buri, Thailand"}
,{"p":"cocotte","x":"13.7374603","y":"100.5700932","n":"Cocotte Soi","t":"0","c":"707","s":"4.4","d":"0","a":"97,138,109,71","l":"Sukhumvit 39, Khlong Tan Nuea, Watthana, Bangkok, Thailand"}
,{"p":"catmosphere","x":"18.8063742","y":"98.9580105","n":"Catmosphere Cat Cafe","t":"2","c":"290","s":"4.4","d":"0","a":"29,142,108,16","l":"Huaykaew Road, Su Thep, Mueang Chiang Mai District, Chiang Mai, Thailand"}
,{"p":"hareandhounds","x":"13.8014183","y":"100.5479621","n":"Hare and Hounds Clothing","t":"4","c":"0","s":"0.0","d":"0","a":"62,59,60,61","l":"587-10 Kamphaeng Phet 2 Rd, Krung Thep Maha Nakhon 10900, Bangkok, Thailand"}
,{"p":"veenaclothingshop","x":"13.7989305","y":"100.5502288","n":"Veena Clothing Shop - Chatuchak Weekend Market - ตลาดนัดจตุจักร","t":"4","c":"26667","s":"4.4","d":"0","a":"62,59,60,61","l":"สวนจตุจักร Kamphaeng Phet 2 Rd, แขวง ลาดยาว Khet Chatuchak, Krung Thep Maha Nakhon 10900, Bangkok, Thailand"}
,{"p":"mustachebar","x":"13.7733091","y":"100.5714829","n":"Mustache Bar","t":"2","c":"67","s":"4.2","d":"0","a":"62,59,60,61","l":"544 5 Ratchadaphisek 7 Alley, Khwaeng Din Daeng, Khet Din Daeng, Krung Thep Maha Nakhon 10400, Bangkok, Thailand"}
,{"p":"puravida","x":"13.750634","y":"100.546717","n":"PURA VIDA","t":"2","c":"83","s":"4.5","d":"0","a":"62,59,60,61","l":"1091, 188-191 Phetchaburi Rd, Khwaeng Makkasan, Khet Ratchathewi, Krung Thep Maha Nakhon 10400, Bangkok, Thailand"}
,{"p":"limlaongow","x":"13.7449314","y":"100.5339689","n":"Lim Lao Ngow Noodle Bistro","t":"0","c":"76","s":"3.9","d":"0","a":"62,59,60,61","l":"5th Floor. Siam Square One, 37-6 Rama I Rd, Pathum Wan, Pathum Wan District, Bangkok 10330, Thailand"}
,{"p":"oneleven","x":"13.7426927","y":"100.5566131","n":"8 on eleven","t":"0","c":"152","s":"4.2","d":"0","a":"62,59,60,61","l":"14 Soi Sukhumvit 11, Klongtoie Nuea Khet Watthana, Krung Thep Maha Nakhon 10110, Bangkok, Thailand"}
,{"p":"funwan","x":"13.7435107","y":"100.5561037","n":"Fun Wan Hostel Bangkok","t":"5","c":"230","s":"3.9","d":"0","a":"62,59,60,61","l":"23-6 ซอย นานาเหนือ - ซอย สุขุมวิท 11 Khlong Toei Nuea, Watthana, Bangkok 10110, Thailand"}
,{"p":"witchsports","x":"13.7403514","y":"100.5491351","n":"Witchs Sports Tavern","t":"0","c":"69","s":"4.3","d":"0","a":"62,59,60,61","l":"Road Soi Ban Ploenchit, Apartment Ruam Rudee Village, Bangkok, Thailand"}
,{"p":"futerio","x":"13.7352716","y":"100.5633152","n":"Blockchain Solutions - FUTERIO","t":"999","c":"2","s":"5.0","d":"0","a":"62,59,60,61","l":"Sukhumvit 25 Alley, Khwaeng Khlong Toei Nuea, Khet Watthana, Krung Thep Maha Nakhon 10110, Thailand"}
,{"p":"aspireclub","x":"13.7296126","y":"100.571307","n":"Aspire Club Phromphong","t":"999","c":"98","s":"5.0","d":"0","a":"62,59,60,61","l":"725 Sukhumvit Road Metropolis Building, 8th Floor, BTS Skytrain, Bangkok 10110, Thailand"}
,{"p":"themissingburro","x":"13.7306573","y":"100.580485","n":"The Missing Burro","t":"0","c":"297","s":"4.6","d":"0","a":"62,59,60,61","l":"145 Sing Waet Lom Alley, Khwaeng Khlong Tan Nuea, Khet Watthana, Krung Thep Maha Nakhon 10110, Thailand"}
,{"p":"alexandergermaneatery","x":"13.7301012","y":"100.5900608","n":"Alexanders German Eatery","t":"0","c":"167","s":"4.5","d":"0","a":"62,59,60,61","l":"37-3 Charoen Chai Alley, Khongtan Neua, Khet Watthana, Krung Thep Maha Nakhon, Bangkok 10110, Thailand"}
,{"p":"elitefightclub","x":"13.7267141","y":"100.5731067","n":"Elite Fight Club - Muay Thai Boxing Gym","t":"999","c":"45","s":"4.8","d":"0","a":"62,59,60,61","l":"758-22 วอเตอร์ไดมอนด์ ทาวเวอร์ Sukhumvit 30-1 Alley, Khlong Tan, Khlong Toei, Bangkok 10110, Thailand"}
,{"p":"blackpagoda","x":"13.7287614","y":"100.5321282","n":"Black Pagoda - Strip Club","t":"2","c":"29","s":"4.2","d":"0","a":"62,59,60,61","l":"Phat Pong 2 Alley, Khwaeng Suriya Wong, Khet Bang Rak, Krung Thep Maha Nakhon 10500, Thailand"}
,{"p":"whiteline","x":"13.7273797","y":"100.5305236","n":"Whiteline","t":"2","c":"83","s":"4.1","d":"0","a":"62,59,60,61","l":"Silom 8 Alley, Khwaeng Suriya Wong, Khet Bang Rak, Krung Thep Maha Nakhon, Bangkok 10500, Thailand"}
,{"p":"saferoom","x":"13.7274209","y":"100.5304747","n":"Safe Room","t":"2","c":"10","s":"3.9","d":"0","a":"62,59,60,61","l":"Silom 8 Alley, Khwaeng Suriya Wong, Khet Bang Rak, Krung Thep Maha Nakhon, Bangkok 10500, Thailand"}
,{"p":"honeybearbistro","x":"13.7249595","y":"100.5873247","n":"HoneyBearBistro","t":"2","c":"63","s":"4.9","d":"0","a":"62,59,60,61","l":"40-1 Soi Ekkamai 4, Khwaeng Phra Khanong Nuea, Khet Watthana, Krung Thep Maha Nakhon, Bangkok 10110, Thailand"}
,{"p":"moonunderwater","x":"13.7118294","y":"100.5951615","n":"The Moon Under Water Bangkok \uD83C\uDF1B","t":"0","c":"26","s":"4.4","d":"0","a":"62,59,60,61","l":"5 Sukhumvit Rd, Khwaeng Phra Khanong, Khet Khlong Toei, Krung Thep Maha Nakhon, Bangkok 10110, Thailand"}
,{"p":"quaintbangkok","x":"13.724432","y":"100.583324","n":"Quaint Bangkok","t":"0","c":"169","s":"4.4","d":"0","a":"62,59,60,61","l":"23 ซอย สุขุมวิท 61 Khwaeng Khlong Tan Nuea, Khet Watthana, Krung Thep Maha Nakhon 10110, Thailand"}
,{"p":"unionspace","x":"13.7243709","y":"100.5834739","n":"UnionSPACE Bangkok (Serviced Office, Virtual Office, Co-working Cafe, Event Space)","t":"999","c":"56","s":"4.7","d":"0","a":"62,59,60,61","l":"30 Soi Sukhumvit 61, Khwaeng Khlong Tan Nuea, Khet Watthana, Krung Thep Maha Nakhon, Bangkok 10110, Thailand"}
,{"p":"barefood","x":"13.7238739","y":"100.5832977","n":"Barefood Bangkok - Vegan","t":"0","c":"82","s":"4.8","d":"0","a":"62,59,60,61","l":"26 Soi Sukhumvit 61, Khwaeng Khlong Tan Nuea, Khet Watthana, Krung Thep Maha Nakhon 10110, Thailand"}
,{"p":"awesomesauce","x":"13.7148583","y":"100.5940564","n":"AwesomeSauce Truck","t":"1","c":"2","s":"5.0","d":"0","a":"62,59,60,61","l":"5, 3 ถนน สุขุมวิท Khwaeng Phra Khanong Nuea, Khet Watthana, Krung Thep Maha Nakhon 10110, Thailand"}
,{"p":"thebigchill","x":"13.7146057","y":"100.5933646","n":"The Big Chill","t":"0","c":"3","s":"4.7","d":"0","a":"62,59,60,61","l":"W District, Phra Khanong Nuea, Watthana, Bangkok 10110, Thailand"}
,{"p":"whospizza","x":"13.714556","y":"100.59425","n":"Whos Pizza Bangkok, พิซซ่า","t":"1","c":"37","s":"4.6","d":"0","a":"62,59,60,61","l":"W Market, 1599 Sukhumvit Rd, Phra Khanong, Khlong Toei, Krung Thep Maha Nakhon, Bangkok 10110, Thailand"}
,{"p":"bbqprasita","x":"13.7141906","y":"100.5931822","n":"BBQ Prasita Ribs Food Truck","t":"1","c":"1937","s":"4.3","d":"0","a":"62,59,60,61","l":"W Market, 1599 Sukhumvit Rd, Khwaeng Phra Khanong Nuea, Khet Watthana, Krung Thep Maha Nakhon, Bangkok 10110, Thailand"}
,{"p":"ninivegames","x":"13.713553","y":"100.592633","n":"Ninive Games Co.Ltd.","t":"4","c":"145","s":"4.7","d":"0","a":"62,59,60,61","l":"1108-13-14 Sukumvit Plus Soy 1, Pra Kanong Nua, Klong Toey, Bangkok 10110, Thailand"}
,{"p":"battlefieldbangkok","x":"13.6844322","y":"100.6128806","n":"Battlefield Bangkok","t":"4","c":"123","s":"4.7","d":"0","a":"62,59,60,61","l":"71 Sukhumvit 101-1 Rd, Khwaeng Bang Chak, Prakanong, Krung Thep Maha Nakhon 10260, Thailand"}
,{"p":"multihousefamilyclub","x":"9.786688","y":"100.003883","n":"Multi House - Family Beach Club","t":"0","c":"97","s":"4.8","d":"0","a":"60,61,59,104","l":"97-3 mu 7, Chaloklum, Koh Phangan, Thailand Chaloklum Muli House, Tambon Ko Pha-ngan, Amphoe Ko Pha-ngan, Chang Wat Surat Thani 84280, Thailand"}
,{"p":"BEACHUB","x":"9.756502","y":"99.961923","n":"BEACHUB - 3 Star Hotel","t":"5","c":"93","s":"4.3","d":"0","a":"60,61,59,104","l":"Moo 8 Koh Phangan, Thailand, Koh Phangan, Srithanu, Chang Wat Surat Thani 84280, Thailand"}
,{"p":"onelovedome","x":"9.7373137","y":"99.9795797","n":"One Love Dome - 3 Star Hotel","t":"5","c":"6","s":"5.0","d":"0","a":"60,61,59,104","l":"Ko Pha-ngan, Ko Pha-ngan District, Surat Thani 84280, Thailand"}
,{"p":"12x12bar","x":"13.7366519","y":"100.5854455","n":"12 × 12 Bar","t":"2","c":"53","s":"4.3","d":"0","a":"60,61,59,104","l":"810/22 Thara Rom 2 Alley, Khwaeng Khlong Tan Nuea, Khet Watthana, Krung Thep Maha Nakhon 10110, Thailand"}
,{"p":"innerbeauty","x":"13.7896996","y":"100.5777717","n":"Inner Beauty - อินเนอร์บิวติ้ - Hair Salon","t":"999","c":"0","s":"0.0","d":"0","a":"60,61,59,104","l":"Sutthisan Winitchai Rd, Khwaeng Samsen Nok, Khet Huai Khwang, Krung Thep Maha Nakhon 10310, Thailand"}
,{"p":"satoshihouse","x":"20.2612048","y":"100.0883656","n":"Satoshi House","t":"5","c":"2","s":"5.0","d":"0","a":"60,61,59,104","l":"236 Pasakhangwaeng Waeng Chiang Rai 57150 TH, Ban Pasakhangwaeng Waeng, Amphoe Chiang Saen, Chang Wat Chiang Rai 57150, Thailand"}
,{"p":"pregame","x":"13.7434457","y":"100.5561131","n":"PreGame - A Cheap Bar","t":"2","c":"4","s":"4.5","d":"0","a":"59,104,104,104","l":"23/6 Sukhumvit Soi 11, Khlong Toei, Khet Watthana, Krung Thep Maha Nakhon 10110, Thailand"}
,{"p":"localtimebangkok","x":"13.7157913","y":"100.5921968","n":"Local Time Bangkok Hostel","t":"5","c":"38","s":"4.7","d":"0","a":"59,104,104,104","l":"28/2 Sukhumvit 69 Alley, Khwaeng Phra Khanong Nuea, Khet Watthana, Krung Thep Maha Nakhon 10110, Thailand"}
,{"p":"localtimebangkok","x":"13.7157913","y":"100.5921968","n":"Local Time Bangkok Cafe","t":"2","c":"38","s":"4.7","d":"0","a":"59,104,104,104","l":"28/2 Sukhumvit 69 Alley, Khwaeng Phra Khanong Nuea, Khet Watthana, Krung Thep Maha Nakhon 10110, Thailand"}
,{"p":"okinawarestaurantkinjo","x":"13.715394","y":"100.591923","n":"Okinawa Restaurant Kinjo - โอกินาว่า คินโจ","t":"0","c":"570","s":"4.3","d":"0","a":"59,104,104,104","l":"24/1 Sukhumvit 69 Alley, Khwaeng Phra Khanong Nuea, Khet Watthana, Krung Thep Maha Nakhon 10110, Thailand"}
,{"p":"mashbangkok","x":"13.7275259","y":"100.5332834","n":"MASH craft brews n bites","t":"2","c":"137","s":"4.2","d":"0","a":"59,104,104,104","l":"2, 3 Convent Rd, Khwaeng Silom, Khet Bang Rak, Krung Thep Maha Nakhon 10500, Thailand"}
,{"p":"ricepaddy","x":"13.7222949","y":"100.5522626","n":"The Rice Paddy","t":"2","c":"15","s":"5.0","d":"0","a":"59,104,104,104","l":"1160/11, Unnamed Road, Rama IV Rd, Thung Maha Mek, Sathon, Bangkok 10120, Thailand"}
,{"p":"solemio","x":"13.7350028","y":"100.5797535","n":"Sole Mio Italian Restaurant and Pizzeria","t":"0","c":"173","s":"4.3","d":"0","a":"59,104,104,104","l":"81 Akkhara Phat Alley, Khwaeng Khlong Tan Nuea, Khet Watthana, Krung Thep Maha Nakhon 10110, Thailand"}
,{"p":"paninimafia","x":"13.73343","y":"100.581218","n":"Panini MAFIA","t":"0","c":"42","s":"4.4","d":"0","a":"59,104,104,104","l":"251/2 Unit 2D, M Place, Soi Thong Lo 13, Sukhumvit55 Road, Klongton Nua, Wattana, Bangkok 10110, Thailand"}
,{"p":"goja","x":"13.7148492","y":"100.5944218","n":"Goja","t":"0","c":"64","s":"4.5","d":"0","a":"59,104,104,104","l":"5/45 Pridi Banomyong 3 Alley, Khwaeng Phra Khanong Nuea, Khet Watthana, Krung Thep Maha Nakhon 10110, Thailand"}
,{"p":"speakerbox","x":"13.7425546","y":"100.5856834","n":"SpeakerBox","t":"2","c":"35","s":"4.9","d":"0","a":"59,104,104,104","l":"1000, 40 Soi Sukhumvit 55, Khwaeng Khlong Tan Nuea, Khet Watthana, Krung Thep Maha Nakhon 10110, Thailand"}
,{"p":"hoppochana","x":"13.7252921","y":"100.576159","n":"Hop Pochana ฮอป โภชนา Thai Gastrobar","t":"0","c":"89","s":"4.6","d":"0","a":"59,104,104,104","l":"2/7 Sukhumvit 34, Klongton, Klongtoey, Bangkok 10110, Thailand"}
,{"p":"8oneleven","x":"13.7426927","y":"100.5566131","n":"8 on eleven","t":"2","c":"170","s":"4.2","d":"0","a":"59,104,104,104","l":"14 Soi Sukhumvit 11, Klongtoie Nuea Khet Watthana, Krung Thep Maha Nakhon 10110, Thailand"}
,{"p":"marcel","x":"13.7229837","y":"100.5272963","n":"Marcel","t":"2","c":"90","s":"4.2","d":"0","a":"59,104,104,104","l":"28, 12 Sathon Soi 10, Khwaeng Silom, Khet Bang Rak, Krung Thep Maha Nakhon 10500, Thailand"}
,{"p":"devilish","x":"13.6846694","y":"100.612418","n":"Devilish Chews+Brews","t":"0","c":"161","s":"4.7","d":"0","a":"59,104,104,104","l":"29-29/1 Sukhumvit Soi 101/1 Road Di Wavery Place Community Mall, Khwaeng Bang Chak, Khet Phra Khanong, Krung Thep Maha Nakhon 10260, Thailand"}
,{"p":"pilgrimskitchen","x":"16.559342","y":"104.746683","n":"Pilgrims kitchen n Inn","t":"5","c":"130","s":"4.3","d":"0","a":"60,61,59,104","l":"Savannakhet 13000, Laos"}
,{"p":"osakajapanese","x":"17.9644823","y":"102.6055884","n":"Osaka - Japanese","t":"0","c":"30","s":"3.7","d":"0","a":"60,61,59,104","l":"Rue Nokeokoummane, Vientiane, Laos"}
,{"p":"discountstore","x":"24.789712","y":"93.9145154","n":"DISCOUNT STORE Clothing","t":"4","c":"67","s":"4.3","d":"0","a":"60,61,59,104","l":"Lukram Leirak Rd, Mayaikoibi, Imphal, Manipur 795001, India"}
,{"p":"radhakrishna","x":"21.1930898","y":"72.8412773","n":"Radha Krishna Textile Market","t":"4","c":"7","s":"4.3","d":"0","a":"60,61,59,104","l":"J 2703-4, Ring Road, Moti Begumwadi, Surat, Gujarat 395010, India"}
,{"p":"cryptokonix","x":"30.036797","y":"73.996707","n":"CryptoKonix - Consultant","t":"999","c":"2","s":"5.0","d":"0","a":"62,59,60,61","l":"Jandwala, hunwanta, Abohar, Punjab 152132, India"}
,{"p":"craftbrewandco","x":"22.2814932","y":"114.153489","n":"Craft Brew n Co.","t":"0","c":"62","s":"3.7","d":"0","a":"60,61,59,104","l":"17 Old Bailey St, Central, Hong Kong"}
,{"p":"gardenmeow","x":"22.2833022","y":"114.1520564","n":"Garden Meow - 喵一下","t":"2","c":"143","s":"4.0","d":"0","a":"60,61,59,104","l":"Hong Kong, Central, 鴨巴甸街35號元創方B座地下HG01-HG05室"}
,{"p":"olivierisrael","x":"32.0718606","y":"34.7691912","n":"LOlivier","t":"2","c":"49","s":"4.1","d":"0","a":"60,61,59,104","l":"Yona HaNavi St 48, Tel Aviv-Yafo, Israel"}
,{"p":"nonnoangelopizza","x":"32.087664","y":"34.7731046","n":"Nonno Angelo Pizza","t":"0","c":"214","s":"4.4","d":"0","a":"60,61,59,104","l":"Ben Yehuda St 147, Tel Aviv-Yafo, 6340309, Israel"}
,{"p":"eduardosrestaurant","x":"32.8189315","y":"34.999972","n":"Eduardos Restaurant","t":"0","c":"129","s":"4.6","d":"0","a":"60,61,59,104","l":"Derech HaAtsmaut 37, Haifa, Israel"}
,{"p":"bitcoincoffeebar","x":"10.76731","y":"106.693444","n":"B Coffee and Bar","t":"2","c":"24","s":"4.0","d":"0","a":"59,104,104,104","l":"74 Bùi Viện, Phường Phạm Ngũ Lão, Quận 1, Hồ Chí Minh, Vietnam"}
,{"p":"ducatuscafe","x":"-8.684123","y":"115.1682889","n":"DUCATUS CAFE","t":"2","c":"17","s":"4.8","d":"0","a":"29,11,8,136","l":"Sunset Road, Seminyak, Badung Regency, Bali, Indonesia"}
,{"p":"kismetrestaurantlounge","x":"-8.51189","y":"115.264006","n":"Kismet Restaurant and Lounge","t":"0","c":"624","s":"4.5","d":"0","a":"59,104,104,104","l":"Jl. Goutama Sel. No.27X, Ubud, Kecamatan Ubud, Kabupaten Gianyar, Bali 80571, Indonesia"}
,{"p":"anggerikmall","x":"3.071168","y":"101.5198705","n":"Street Food Trucks - Anggerik Mall - Nart Jaya Enterprise","t":"1","c":"0","s":"0.0","d":"0","a":"59,104,104,104","l":"no 1-3 first floor UTC Selangor/Anggerik Mall, Seksyen 14, 40000 Shah Alam, Selangor, Malaysia"}
,{"p":"ducatuscafesingapore","x":"1.2784458","y":"103.848261","n":"Ducatus Cafe Singapore","t":"2","c":"22","s":"4.1","d":"0","a":"15,16,8,150","l":"Singapore, Malaysia, Asia"}
,{"p":"qamara","x":"6.0814119","y":"102.2072121","n":"QAMARO COKLAT - Chocolate Shop","t":"0","c":"0.0","s":"0","d":"0","a":"62,59,60,61","l":"Kampung Wakaf Merah, Kampung Tendong, 17030 Pasir Mas, Kelantan, Malaysia"}
,{"p":"baencafe","x":"5.332393","y":"100.217897","n":"Baen Cafe Power Of Sedekah","t":"0","c":"2","s":"4.5","d":"0","a":"62,59,60,61","l":"11000 Balik Pulau, Penang, Malaysia"}
,{"p":"coincafeandbar","x":"11.5483212","y":"104.9205696","n":"Coin Cafe n Bar","t":"0","c":"36","s":"4.6","d":"0","a":"60,61,59,104","l":"#5D Eo Street 360, 12304, Phnom Penh, Cambodia"}]