[{"p":"gringoloco","x":"-28.0012452","y":"153.4309136","n":"Gringo Loco Cantina","t":"2","c":"168","s":"3.6","d":"0","a":"156,129,138,31","l":"Esplanade, Surfers Paradise QLD, Australia"}
,{"p":"charlato","x":"-43.5681747","y":"172.7590154","n":"Charlato","t":"1","c":"21","s":"5.0","d":"0","a":"60,61,59,104","l":"23 Marriner St, Sumner, Christchurch 8081, New Zealand"}
,{"p":"restaurant1903","x":"-31.9444011","y":"115.8634259","n":"1903 Restaurant","t":"0","c":"116","s":"4.3","d":"0","a":"67,100,97,143","l":"Robinson Avenue, Perth WA, Australia"}
,{"p":"urbanpizza","x":"-33.885727","y":"151.177249","n":"Urban Pizza Bar","t":"1","c":"83","s":"4.4","d":"0","a":"14,102,109,110","l":"Layton Street, Camperdown NSW, Australia"}
,{"p":"verucasalt","x":"-37.885791","y":"144.987916","n":"Veruca Salt","t":"0","c":"84","s":"4.5","d":"0","a":"8,9,11,124","l":"Ormond Road, Elwood VIC, Australia"}
,{"p":"francesca","x":"-37.773621","y":"144.998428","n":"Francescas Bar","t":"2","c":"115","s":"4.5","d":"0","a":"31,32,14,76","l":"High Street, Northcote VIC, Australia"}
,{"p":"platform62","x":"-33.9231906","y":"151.1874351","n":"Platform 62","t":"0","c":"65","s":"4.4","d":"0","a":"120,121,81,3","l":"Bourke Street, Mascot NSW, Australia"}
,{"p":"spawnpoint","x":"-33.869619","y":"151.2051551","n":"Spawn Point Small Bar","t":"2","c":"300","s":"4.4","d":"0","a":"56,57,118,119","l":"Clarence Street, Sydney NSW, Australia"}
,{"p":"lastazione","x":"-33.732271","y":"151.1291659","n":"La Stazione Bakery n Cafe","t":"1","c":"22","s":"4.7","d":"0","a":"29,115,116,117","l":"Rohini Street, Turramurra NSW, Australia"}
,{"p":"portstephens","x":"-32.718805","y":"152.14999","n":"Port Stephens Motel - 3 Star Hotel","t":"5","c":"44","s":"4.0","d":"0","a":"104,104,104,104","l":"Magnus Street, Nelson Bay NSW, Australia"}
,{"p":"nutrientdepot","x":"-43.5435925","y":"172.5877462","n":"Nutrient Depot","t":"0","c":"49","s":"4.5","d":"0","a":"3,6,29,135","l":"Birmingham Drive, Middleton, Christchurch, New Zealand"}
,{"p":"stoneandwood","x":"-28.634215","y":"153.586002","n":"Stone n Wood Brewing Company","t":"2","c":"132","s":"4.7","d":"0","a":"32,33,119,32","l":"Centennial Circuit, Byron Bay NSW, Australia"}
,{"p":"nexthotelbrisbane","x":"-27.4702158","y":"153.0238486","n":"Next Hotel Brisbane","t":"5","c":"927","s":"4.5","d":"0","a":"104,104,104,104","l":"Queen Street, Brisbane City QLD, Australia"}
,{"p":"brewcafe","x":"-27.4691319","y":"153.0251388","n":"Brew Cafe n Wine Bar","t":"2","c":"712","s":"4.4","d":"0","a":"81,32,47,122","l":"Burnett Lane, Brisbane City QLD, Australia"}
,{"p":"xcargo","x":"-27.458605","y":"153.0364821","n":"X CARGO - Beer Garden","t":"2","c":"242","s":"4.0","d":"0","a":"31,71,99,108","l":"McLachlan Street, Fortitude Valley QLD, Australia"}
,{"p":"newyorkpizza","x":"-27.4569692","y":"153.0368568","n":"Boroughs of New York Wood fire Pizza","t":"0","c":"133","s":"3.8","d":"0","a":"14,125,126,127","l":"Creek Road, Carindale QLD, Australia"}
,{"p":"nomnom","x":"-27.4580795","y":"153.0351267","n":"Nom Nom Korean Eatery","t":"0","c":"175","s":"4.2","d":"0","a":"113,67,99,15","l":"Fortitude Valley QLD, Australia"}
,{"p":"5dogs","x":"-27.4577851","y":"153.0342357","n":"5 Dogs HotDog","t":"1","c":"215","s":"3.9","d":"0","a":"64,123,124,79","l":"Brunswick Street, Fortitude Valley QLD, Australia"}
,{"p":"stephs","x":"-27.4576832","y":"153.0342048","n":"Stephs Cafe","t":"2","c":"9","s":"5.0","d":"0","a":"32,8,55,79","l":"Brunswick Street, Fortitude Valley QLD, Australia"}
,{"p":"thevalley","x":"-27.452379","y":"153.039292","n":"Ovolo The Valley - 5 Star Hotel","t":"5","c":"325","s":"4.4","d":"0","a":"104,104,104,104","l":"Ann Street, Fortitude Valley QLD, Australia"}
,{"p":"spoondelicafe","x":"-27.4032246","y":"153.1092763","n":"Spoon Deli Cafe","t":"2","c":"19","s":"4.4","d":"0","a":"29,79,8,15","l":"Airport Drive, Brisbane Airport QLD, Australia"}
,{"p":"botanistkitchenbar","x":"-27.4036899","y":"153.1096041","n":"The Botanist Kitchen and Bar","t":"2","c":"18","s":"2.9","d":"0","a":"29,79,8,15","l":"Airport Drive, Brisbane Airport QLD, Australia"}
,{"p":"burgerurge","x":"-27.404534","y":"153.1098813","n":"Burger Urge DFO skygate","t":"1","c":"211","s":"3.7","d":"0","a":"7,15,99,65","l":"Brisbane Airport QLD, Australia"}
,{"p":"windmillbarbistro","x":"-27.4038738","y":"153.1103544","n":"Windmill n Co - Bar n Bistro","t":"0","c":"61","s":"2.8","d":"0","a":"32,14,99,15","l":"Brisbane Airport QLD, Australia"}
,{"p":"redrooster","x":"-27.4032945","y":"153.1107098","n":"Red Rooster","t":"0","c":"32","s":"2.7","d":"0","a":"65,71,99,7","l":"Airport Drive, Eagle Farm QLD, Australia"}
,{"p":"madmexfresh","x":"-27.403388","y":"153.110521","n":"Mad Mex Fresh Mexican Grill","t":"0","c":"27","s":"3.5","d":"0","a":"128,129,130,29","l":"Brisbane Airport QLD, Australia"}
,{"p":"madmex","x":"-27.3861781","y":"153.1193317","n":"Mad Mex","t":"0","c":"12","s":"3.1","d":"0","a":"128,129,156,157","l":"Bribie Way, Brisbane Airport QLD, Australia"}
,{"p":"sumosalad","x":"-27.386266","y":"153.1196583","n":"SumoSalad","t":"1","c":"17","s":"2.9","d":"0","a":"15,8,135,142","l":"Airport Drive, Brisbane Airport QLD, Australia"}
,{"p":"giancarlo","x":"-27.3861207","y":"153.1215657","n":"Giancarlo Coffee","t":"2","c":"28","s":"3.1","d":"0","a":"29,8,119,55","l":"Bribie Way, Brisbane Airport QLD, Australia"}
,{"p":"wasabiwarriors","x":"-27.3860451","y":"153.1215553","n":"Wasabi Warriors - Sushi Restaurant","t":"2","c":"42","s":"3.0","d":"0","a":"67,71,15,79","l":"Bribie Way, Brisbane Airport QLD, Australia"}
,{"p":"lagoons","x":"-24.1961369","y":"151.8949128","n":"Lagoons 1770 Resort n Spa","t":"5","c":"152","s":"4.6","d":"0","a":"104,104,104,104","l":"Captain Cook Drive, Agnes Water QLD, Australia"}
,{"p":"1770hotel","x":"-24.2229407","y":"151.8804586","n":"1770 Southern Cross Backpackers - 3 Star","t":"5","c":"40","s":"4.1","d":"0","a":"104,104,104,104","l":"Round Hill Road, Agnes Water QLD, Australia"}
,{"p":"getaway","x":"-24.217025","y":"151.914584","n":"Getaway Garden Cafe","t":"0","c":"171","s":"4.5","d":"0","a":"7,11,100,125","l":"Bicentennial Drive, Agnes Water QLD, Australia"}
,{"p":"agnes","x":"-24.2152877","y":"151.902547","n":"Agnes Water Tavern","t":"2","c":"91","s":"3.4","d":"0","a":"111,138,8,100","l":"Tavern Road, Agnes Water QLD, Australia"}
,{"p":"discovery","x":"-24.2132828","y":"151.901788","n":"Cafe Discovery","t":"0","c":"69","s":"4.4","d":"0","a":"8,11,17,109","l":"Cafe Discovery, Agnes Water QLD, Australia"}
,{"p":"backpackers","x":"-24.2110028","y":"151.902216","n":"Backpackers @ 1770","t":"5","c":"90","s":"4.5","d":"0","a":"104,104,104,104","l":"Grahame Colyer Drive, Agnes Water QLD, Australia"}
,{"p":"greenturtle","x":"-24.208358","y":"151.9025738","n":"Green Turtle Brasserie","t":"0","c":"46","s":"3.4","d":"0","a":"8,15,125,141","l":"Captain Cook Drive, Agnes Water QLD, Australia"}
,{"p":"sandcastles","x":"-24.2082681","y":"151.9019972","n":"Sandcastles 1770 Motel n Resort - 4 Star","t":"5","c":"193","s":"4.2","d":"0","a":"104,104,104,104","l":"Captain Cook Drive, Agnes Water QLD, Australia"}
,{"p":"catsmeow","x":"-19.2888512","y":"146.7971418","n":"The Cats Meow","t":"0","c":"144","s":"4.3","d":"0","a":"7,99,11,15","l":"Charters Towers Road, Hermit Park QLD, Australia"}
,{"p":"littlepegs","x":"-19.2844316","y":"146.7978993","n":"Little Pegs Cafe","t":"2","c":"30","s":"5.0","d":"0","a":"29,109,119,142","l":"Charters Towers Road, Hermit Park QLD, Australia"}
,{"p":"altbrew","x":"-19.2617703","y":"146.815679","n":"Alt Brew","t":"2","c":"3","s":"4.0","d":"0","a":"8,99,29,109","l":"Flinders Street, Townsville City QLD, Australia"}
,{"p":"thewatermark","x":"-19.2479035","y":"146.812666","n":"The Watermark Townsville Restaurant n Hotel","t":"0","c":"624","s":"4.3","d":"0","a":"100,97,138,163","l":"The Strand, North Ward QLD, Australia"}
,{"p":"thedownunderbar","x":"-16.9212842","y":"145.7754019","n":"The Downunder Bar","t":"2","c":"134","s":"4.5","d":"0","a":"31,32,162,132","l":"Lake Street, Cairns City QLD, Australia"}
,{"p":"moksharoom","x":"-19.260168","y":"146.8195679","n":"Moksha Room Hair n Beauty","t":"999","c":"11","s":"4.5","d":"0","a":"60,61,59,104","l":"Shop 4-2 Dibbs St, South Townsville QLD 4810, Australia"}
,{"p":"conviniencestore489","x":"-19.2625694","y":"146.8143262","n":"489 Convenience Store Pty Ltd","t":"3","c":"0","s":"0.0","d":"0","a":"60,61,59,104","l":"489 Flinders St, Townsville QLD 4810, Australia"}
,{"p":"missiontworepair","x":"-19.2618979","y":"146.8152576","n":"Mission 2 Repair","t":"4","c":"13","s":"4.3","d":"0","a":"60,61,59,104","l":"440 Flinders St, Townsville QLD 4810, Australia"}
,{"p":"swaggerandjaxx","x":"-19.2662925","y":"146.8102876","n":"Swagger and Jaxx Barber And Coffee","t":"4","c":"44","s":"4.7","d":"0","a":"60,61,59,104","l":"1-679 Flinders St, Townsville QLD 4810, Australia"}
,{"p":"grandcentralcafe","x":"-19.2671078","y":"146.8114545","n":"Grand Central Cafe","t":"2","c":"8","s":"4.1","d":"0","a":"60,61,59,104","l":"10 Little Fletcher St, Townsville QLD 4810, Australia"}
,{"p":"stripescoffee","x":"-19.265611","y":"146.7962433","n":"Stripes Coffee","t":"2","c":"23","s":"4.7","d":"0","a":"60,61,59,104","l":"20 Echlin St, West End QLD 4810, Australia"}
,{"p":"aitkenvalebeautyspot","x":"-19.2971564","y":"146.7693873","n":"Aitkenvale Beauty Spot","t":"999","c":"18","s":"4.9","d":"0","a":"60,61,59,104","l":"260 Ross River Rd, Aitkenvale QLD 4814, Australia"}
,{"p":"annandaleminimart","x":"-19.3139397","y":"146.7713191","n":"Annandale Mini Mart n Newsagency","t":"3","c":"1","s":"2.0","d":"0","a":"60,61,59,104","l":"56 Yolanda Dr, Annandale QLD 4814, Australia"}
,{"p":"australianwarfightercoffee","x":"-19.3170437","y":"146.7910452","n":"Australian warfighter coffee","t":"2","c":"0","s":"0.0","d":"0","a":"60,61,59,104","l":"Shop 3, Annandale Shopping Centre, 67 MacArthur Dr, Annandale QLD 4814, Australia"}
,{"p":"townsvillehelivopters","x":"-19.2440397","y":"146.77583","n":"Townsville Helicopters","t":"999","c":"13","s":"4.7","d":"0","a":"60,61,59,104","l":"153 Old Common Rd, Rowes Bay QLD 4814, Australia"}
,{"p":"australianlaundries","x":"-19.272882","y":"146.760418","n":"Australian Laundries Pty Ltd","t":"999","c":"3","s":"3.7","d":"0","a":"60,61,59,104","l":"369 Bayswater Rd, Garbutt QLD 4812, Australia"}
,{"p":"xfittropics","x":"-19.2351477","y":"146.6983311","n":"Crossfit Tropics","t":"999","c":"7","s":"5.0","d":"0","a":"60,61,59,104","l":"89 Barramundi Circuit, Burdell QLD 4818, Australia"}
,{"p":"slapandpickle","x":"-16.9231245","y":"145.7741742","n":"Slap and Pickle Sandwich n Tapas Bar","t":"2","c":"51","s":"4.7","d":"0","a":"60,61,59,104","l":"62 Shields St, Cairns City QLD 4870, Australia"}
,{"p":"blvktempletattoo","x":"-16.922754","y":"145.7756783","n":"Blvk Temple Tattoo","t":"999","c":"38","s":"4.8","d":"0","a":"60,61,59,104","l":"Shop 3-87 Lake St, Cairns City QLD 4870, Australia"}
,{"p":"australianway","x":"-27.386369","y":"153.119478","n":"Australian Way","t":"4","c":"0","s":"0.0","d":"0","a":"60,61,59,104","l":"Shop 4C20 Departures Lvl 4 Brisbane International Airport, Eagle Farm QLD 4009, Australia"}
,{"p":"carryonluggage","x":"-27.4040072","y":"153.1093885","n":"Carry On Luggage Store","t":"4","c":"1","s":"1.0","d":"0","a":"60,61,59,104","l":"Shop 4L01 Departures Level, Brisbane Intenational Airport, Eagle Farm QLD 4009, Australia"}
,{"p":"jamrocjamaican","x":"-28.045365","y":"153.407605","n":"JAMROC Jamaican Jerk Chicken","t":"0","c":"97","s":"4.6","d":"0","a":"60,61,59,104","l":"Q Super Centre c51a Corner of Bermuda , Markeri St, Mermaid Waters QLD 4218, Australia"}
,{"p":"blackmarkettattoo","x":"-28.0786845","y":"153.3894605","n":"Blackmarket Tattoo Co, Gold Coast Tattoo Studio","t":"999","c":"76","s":"5.0","d":"0","a":"60,61,59,104","l":"1-76 Robina Town Centre Dr, Robina QLD 4226, Australia"}
,{"p":"createbyrencounter","x":"-33.8307092","y":"151.2238517","n":"CREATE by ReNCOUNTER - Hair Salon","t":"999","c":"0","s":"0.0","d":"0","a":"60,61,59,104","l":"shop 1-3-5 Waters Rd, Neutral Bay NSW 2089, Australia"}
,{"p":"vrcorner","x":"-33.885529","y":"151.202483","n":"VR Corner","t":"999","c":"51","s":"4.1","d":"0","a":"60,61,59,104","l":"49 Regent St, Chippendale NSW 2008, Australia"}
,{"p":"cintacottage","x":"-38.3683307","y":"145.7049483","n":"Cinta Cottage","t":"5","c":"5","s":"5.0","d":"0","a":"60,61,59,104","l":"15 Victoria Rd, Loch VIC 3945, Australia"}
,{"p":"hansasteakgrill","x":"-38.007529","y":"145.095691","n":"Hansa’s Steak n Grill","t":"0","c":"117","s":"4.7","d":"0","a":"60,61,59,104","l":"24 Percy St, Mordialloc VIC 3195, Australia"}
,{"p":"sensuspa","x":"-37.8152048","y":"144.9565878","n":"Sensu Spa","t":"999","c":"72","s":"4.6","d":"0","a":"60,61,59,104","l":"T03-570 Bourke St, Melbourne VIC 3000, Australia"}
,{"p":"baguettemenot","x":"-31.946842","y":"115.8255113","n":"Baguette Me Not","t":"0","c":"77","s":"4.6","d":"0","a":"59,104,104,104","l":"Unit 3-420 Hay St, Subiaco WA 6008, Australia"}
,{"p":"thewinedoctor","x":"-33.877267","y":"151.204406","n":"The Wine Doctor","t":"4","c":"14","s":"4.6","d":"0","a":"59,104,104,104","l":"Suite 5, Level 5 383-377 Sussex St, Sydney NSW 2000, Australia"}
,{"p":"cafe935","x":"-31.9889582","y":"115.9056771","n":"Cafe935","t":"2","c":"88","s":"4.1","d":"0","a":"59,104,104,104","l":"935 Albany Hwy, East Victoria Park WA 6101, Australia"}
,{"p":"juiceenergy","x":"-27.4562256","y":"153.0336498","n":"Juice Energy","t":"1","c":"7","s":"4.0","d":"0","a":"59,104,104,104","l":"Shop 11-230 Brunswick St, Fortitude Valley QLD 4006, Australia"}
,{"p":"ltdespresso","x":"-27.4587039","y":"153.0355732","n":"Ltd. Espresso","t":"2","c":"127","s":"4.7","d":"0","a":"59,104,104,104","l":"362 Brunswick St, Fortitude Valley QLD 4006, Australia"}
,{"p":"thrivedarwin","x":"-12.431812","y":"130.92151","n":"Thrive Darwin","t":"2","c":"0","s":"0.0","d":"0","a":"59,104,104,104","l":"790 Vanderlin Dr, Berrimah NT 0828, Australia"}
,{"p":"burritoshack","x":"-27.4575229","y":"153.0343044","n":"Burrito Shack - Fortitude Valley","t":"0","c":"29","s":"2.8","d":"0","a":"59,104,104,104","l":"292 Brunswick St, Fortitude Valley QLD 4006, Australia"}
,{"p":"maplecafe","x":"-41.4370709","y":"147.1514779","n":"Maple Cafe","t":"2","c":"160","s":"4.4","d":"0","a":"59,104,104,104","l":"shop 6-17-19 Abbott St, East Launceston TAS 7250, Australia"}
,{"p":"giardinetto","x":"-27.4588164","y":"153.0355945","n":"Giardinetto","t":"0","c":"108","s":"3.8","d":"0","a":"59,104,104,104","l":"366 Brunswick St, Fortitude Valley QLD 4006, Australia"}
,{"p":"therollshop","x":"-27.4671271","y":"153.0281725","n":"The Roll Shop","t":"0","c":"37","s":"4.4","d":"0","a":"59,104,104,104","l":"shop 2-88 Creek St, Brisbane City QLD 4000, Australia"}
,{"p":"delhistreets","x":"-37.819841","y":"144.956474","n":"Delhi Streets","t":"0","c":"745","s":"4.2","d":"0","a":"59,104,104,104","l":"22 Katherine Pl, Melbourne VIC 3000, Australia"}
,{"p":"pablorusty","x":"-27.4699796","y":"153.0294969","n":"Pablo n Rustys Coffee Roasters","t":"2","c":"138","s":"4.7","d":"0","a":"59,104,104,104","l":"200 Mary St, Brisbane City QLD 4000, Australia"}
,{"p":"ambrosia","x":"-26.1995598","y":"152.6497201","n":"Ambrosia Indian Restaurant","t":"0","c":"94","s":"4.4","d":"0","a":"59,104,104,104","l":"310-5 Woolgar Rd, Gympie QLD 4570, Australia"}
,{"p":"baltiindian","x":"-27.4573929","y":"153.0343763","n":"Balti Indian Restaurant","t":"0","c":"232","s":"4.0","d":"0","a":"59,104,104,104","l":"214 270-290 Brunswick St, Fortitude Valley QLD 4006, Australia"}
,{"p":"banhmitime","x":"-27.4576412","y":"153.0341921","n":"Banh Mi Time","t":"0","c":"16","s":"4.2","d":"0","a":"59,104,104,104","l":"McWhirters Building, Brunswick St Mall, Fortitude Valley QLD 4006, Australia"}
,{"p":"lunchon107","x":"-34.9443253","y":"138.613139","n":"Lunch On 107","t":"3","c":"48","s":"4.4","d":"0","a":"59,104,104,104","l":"107 Young St, Parkside SA 5063, Australia"}
,{"p":"fireandfood","x":"-33.8649134","y":"151.2077923","n":"Fire And Food ASQ","t":"1","c":"21","s":"3.2","d":"0","a":"59,104,104,104","l":"264 George St, Sydney NSW 2000, Australia"}
,{"p":"talunga","x":"-34.820673","y":"138.871019","n":"Talunga Estate, Winery, Cafe n Functions","t":"0","c":"62","s":"4.4","d":"0","a":"59,104,104,104","l":"198D Torrens Valley Rd, Gumeracha SA 5233, Australia"}
,{"p":"musclebarcafe","x":"-34.9070625","y":"138.6079356","n":"Muscle Bar Cafe","t":"2","c":"17","s":"4.3","d":"0","a":"59,104,104,104","l":"101 Melbourne St, North Adelaide SA 5006, Australia"}
,{"p":"hungryjoes","x":"-12.4799689","y":"130.970704","n":"Hungry Joes Pizza n Ribs","t":"0","c":"77","s":"3.6","d":"0","a":"59,104,104,104","l":"9-130 University Ave, Palmerston City NT 0830, Australia"}
,{"p":"bluedoorcafe","x":"-32.927232","y":"151.772888","n":"Blue Door Cafe Newcastle","t":"2","c":"445","s":"4.2","d":"0","a":"59,104,104,104","l":"363-365 Hunter St, Newcastle NSW 2300, Australia"}
,{"p":"bellissimocoffee","x":"-27.455683","y":"153.0405445","n":"Bellissimo Coffee","t":"2","c":"390","s":"4.7","d":"0","a":"59,104,104,104","l":"30 Wandoo St, Fortitude Valley QLD 4006, Australia"}
,{"p":"brisbaneconvention","x":"-27.4764842","y":"153.0183743","n":"Brisbane Convention n Exhibition Centre","t":"2","c":"3362","s":"4.4","d":"0","a":"59,104,104,104","l":"Merivale St n Glenelg Street, South Brisbane QLD 4101, Australia"}
,{"p":"kingroadbrew","x":"-32.2889934","y":"115.904826","n":"King Road Brewing Co","t":"4","c":"78","s":"3.5","d":"0","a":"59,104,104,104","l":"796 King Rd, Oldbury WA 6121, Australia"}
,{"p":"7thavenuefishchips","x":"-28.1196206","y":"153.4714053","n":"7th Avenue Fish n Chips","t":"0","c":"57","s":"3.7","d":"0","a":"59,104,104,104","l":"7-1160 Gold Coast Hwy, Palm Beach QLD 4221, Australia"}
,{"p":"uppercrust","x":"-27.3859876","y":"153.119952","n":"UpperCrust","t":"1","c":"14","s":"1.9","d":"0","a":"59,104,104,104","l":"Brisbane Airport QLD 4008, Australia"}
,{"p":"yokattack","x":"-24.211498","y":"151.902691","n":"Yok Attack Thai Restaurant","t":"0","c":"51","s":"3.1","d":"0","a":"59,104,104,104","l":"Endeavour Plaza, Captain Cook Dr, Agnes Water QLD 4677, Australia"}
,{"p":"thaiwirat","x":"-27.4574993","y":"153.0339202","n":"Thai Wi-Rat","t":"0","c":"103","s":"3.8","d":"0","a":"59,104,104,104","l":"270-292 Brunswick St, Fortitude Valley QLD 4006, Australia"}
,{"p":"yokattack","x":"-24.211498","y":"151.902691","n":"Yok Attack Thai Restaurant","t":"0","c":"51","s":"3.1","d":"0","a":"59,104,104,104","l":"Endeavour Plaza, Captain Cook Dr, Agnes Water QLD 4677, Australia"}]