[{"p":"lalima","x":"41.4059946","y":"2.1567663","n":"La Lima, comedor vegano","t":"0","c":"11","s":"5.0","d":"0","a":"3,5,6,11","l":"Carrer de lAlzina, Barcelona, Spain"}
,{"p":"pasticceria","x":"41.4047427","y":"2.1559692","n":"La Pasticceria di Gracia","t":"1","c":"93","s":"4.5","d":"0","a":"9,10,12,11","l":"Carrer de Verdi, Barcelona, Spain"}
,{"p":"lavermu","x":"41.4000891","y":"2.1568007","n":"La Vermu - Bar and Tapas","t":"2","c":"473","s":"4.2","d":"0","a":"31,32,33,36","l":"Carrer de Sant Domènec, Barcelona, Spain"}
,{"p":"ChIJayYeJpaipBIR8ZbTZO4x7dM","x":"41.4006901","y":"2.1579717","n":"Gelatology - We make Gelato great again!","t":"1","c":"109","s":"4.9","d":"1","a":"18,29,32,33","l":"Carrer de Martínez de la Rosa, Barcelona, Spain"}
,{"p":"atabalats","x":"41.4087684","y":"2.1605199","n":"Atabalats Gastrobar - Cerveza, Tapas y Copas","t":"0","c":"154","s":"4.4","d":"0","a":"7,29,31,32","l":"Carrer de la Providència, Barcelona, Spain"}
,{"p":"ChIJ89o4J5aipBIRfDm0sBYWJZQ","x":"41.4009587","y":"2.1580651","n":"La Pizza","t":"1","c":"148","s":"4.6","d":"0","a":"4,14,43,102","l":"Carrer del Penedès, Barcelona, Spain"}
,{"p":"candelacanela","x":"41.4021505","y":"2.156743","n":"Candela Canela - Sweet Desserts","t":"1","c":"44","s":"4.9","d":"0","a":"4,29,65,66","l":"Carrer de Ros de Olano, Barcelona, Spain"}
,{"p":"chatelet","x":"41.4040643","y":"2.1582468","n":"Chatelet - Cocktails and Wine","t":"2","c":"617","s":"4.0","d":"0","a":"8,29,32,56","l":"Carrer de Torrijos, Barcelona, Spain"}
,{"p":"ChIJGZOYjLiipBIRQV03-yVCmew","x":"41.4081285","y":"2.1635252","n":"Molsa LEstel - Supermercado Ecologico","t":"3","c":"16","s":"4.6","d":"0","a":"3,14,15,17","l":"Carrer de Pi i Margall, Barcelona, Spain"}
,{"p":"ChIJkcsO_L2ipBIRzzk1Q5JNaxU","x":"41.4013999","y":"2.1594724","n":"King Kaya - Growshop","t":"4","c":"33","s":"4.9","d":"0","a":"39,40,41,42","l":"Carrer de la Mare de Déu dels Desemparats, Barcelona, Spain"}
,{"p":"ChIJYWoT6byipBIR-6HaCztMc5A","x":"41.4044523","y":"2.1562822","n":"MIT K - Upcycling Vegan Art Bags","t":"4","c":"9","s":"5.0","d":"0","a":"3,5,20,28","l":"Barcelona, Spain"}
,{"p":"ChIJ5ynTF5iipBIRSOx9O00QlvI","x":"41.3999126","y":"2.1540813","n":"VeGala Vegan Beauty","t":"4","c":"26","s":"4.7","d":"0","a":"5,21,45,46","l":"Carrer de Santa Eugènia, Barcelona, Spain"}
,{"p":"amelia","x":"41.402147","y":"2.157944","n":"Amelia Bakery - Tartas por pedido","t":"1","c":"32","s":"4.6","d":"0","a":"9,10,11,12","l":"Carrer de Ramón y Cajal, Barcelona, Spain"}
,{"p":"recup","x":"41.404653","y":"2.155916","n":"Rekup n Co Verdi - Handmade Souvenirs","t":"4","c":"15","s":"4.5","d":"0","a":"24,28,53,57","l":"Carrer de Verdi, Barcelona, Spain"}
,{"p":"kamoma","x":"41.4014862","y":"2.1568869","n":"Kamoma - Spritz Bar","t":"2","c":"41","s":"4.1","d":"0","a":"47,31,32,33","l":"Plaça del Sol, Barcelona, Spain"}
,{"p":"akash","x":"41.4083532","y":"2.1597298","n":"Perruqueria Akash","t":"4","c":"7","s":"4.9","d":"0","a":"91,65,107,57","l":"Carrer de la Providència, Barcelona, Spain"}
,{"p":"ChIJh2A7VL2ipBIRIxR3Ylnot50","x":"41.4006341","y":"2.155889","n":"Sincronia Yoga","t":"999","c":"23","s":"4.8","d":"0","a":"25,26,27,80","l":"Gracia, Carrer de Pere Serafí, Barcelona, Spain"}
,{"p":"frankfurtlapubilla","x":"41.3927823","y":"2.1865209","n":"Frankfurt La Pubilla","t":"0","c":"135","s":"3.7","d":"0","a":"59,111,16,64","l":"Carrer de Buenaventura Muñoz, 44, 08018 Barcelona, Spain"}
,{"p":"polloexpress","x":"38.5419413","y":"-0.1272807","n":"Pollo Expresss","t":"0","c":"184","s":"4.5","d":"0","a":"71,72,73,65","l":"Benidorm, Spain, Europe"}
,{"p":"polloexpressgourmet","x":"38.5372292","y":"-0.1425705","n":"Pollo Expresss Gourmet","t":"0","c":"78","s":"4.1","d":"0","a":"71,72,67,18","l":"Benidorm, Spain, Europe"}
,{"p":"ecocentersupermercado","x":"36.0141","y":"-5.6053","n":"Supermercado Ecologico - Eco Center Tarifa","t":"4","c":"326","s":"4.5","d":"0","a":"3,4,17,51","l":"Calle San Sebastián, Tarifa, Spain"}
,{"p":"ecocenteryoga","x":"36.0142","y":"-5.6054","n":"Yoga y Meditacion - Eco Center Tarifa","t":"999","c":"326","s":"4.5","d":"0","a":"25,26,27,80","l":"Calle San Sebastián, Tarifa, Spain"}
,{"p":"ecocenterbar","x":"36.0143","y":"-5.6055","n":"Bar y Musica - Eco Center Tarifa","t":"2","c":"326","s":"4.5","d":"0","a":"31,32,33,47","l":"Calle San Sebastián, Tarifa, Spain"}
,{"p":"ecocenterrestaurante","x":"36.0144","y":"-5.6056","n":"Restaurante Ecologico - Eco Center Tarifa","t":"0","c":"326","s":"4.5","d":"0","a":"3,15,16,14","l":"Calle San Sebastián, Tarifa, Spain"}
,{"p":"elcuartito","x":"36.0114734","y":"-5.6078355","n":"El Cuartito - Tapas Bar","t":"0","c":"22","s":"4.9","d":"0","a":"31,32,15,47","l":"Grupo Cardenal Cisneros, Tarifa, Spain"}
,{"p":"bambule","x":"36.014772","y":"-5.6051206","n":"Bambule Batalla - Clothing and Asseccories","t":"4","c":"6","s":"5.0","d":"0","a":"52,54,107,24","l":"Calle Batalla del Salado, Tarifa, Spain"}
,{"p":"bambule2","x":"36.0122788","y":"-5.6035059","n":"Bambule Sancho - Clothing and Asseccories","t":"4","c":"14","s":"4.2","d":"0","a":"52,54,107,24","l":"Calle Sancho IV el Bravo, Tarifa, Spain"}
,{"p":"growcafe","x":"36.0109379","y":"-5.6053444","n":"Grow Cafe - Vegetarian","t":"2","c":"39","s":"4.8","d":"0","a":"4,29,8,11","l":"Calle Alcalde Juan Núñez, Tarifa, Spain"}
,{"p":"ecobakeryglutenfree","x":"36.01988","y":"-5.609871","n":"Eco Bakery - Gluten Free","t":"4","c":"37","s":"4.7","d":"0","a":"3,115,11,30","l":"Mar Adriatico, Tarifa, Spain"}
,{"p":"metropolisvalladolid","x":"41.650662","y":"-4.7217846","n":"Metropolis Valladolid","t":"4","c":"48","s":"4.6","d":"0","a":"61,118,24,48","l":"Calle de Fray Luis de León, 19, 47002 Valladolid, Spain"}
,{"p":"acompanante","x":"41.6415754","y":"-0.8893621","n":"Acompañante En BioNeuroEmoción® y Acupuntura Zaragoza","t":"999","c":"1","s":"5.0","d":"0","a":"60,61,59,104","l":"Calle Madre Genoveva Torres Morales, local 16, 50006 Zaragoza, Spain"}
,{"p":"maxcolchonH","x":"40.5064285","y":"-3.3319295","n":"Maxcolchon H - Mattress Store","t":"4","c":"184","s":"4.4","d":"0","a":"60,59,61,63","l":"CC Quadernillos, Av. de Don Juan Tenorio, S-N, Local B12, 28805 Alcalá de Henares, Madrid, Spain"}
,{"p":"maxcolchonG","x":"40.4290861","y":"-3.6674877","n":"Maxcolchon G - Mattress Store","t":"4","c":"121","s":"4.4","d":"0","a":"60,59,61,63","l":"Calle de Alcalá, 201, 28028 Madrid, Spain"}
,{"p":"maxcolchonF","x":"40.4553321","y":"-3.702353","n":"Maxcolchon F - Mattress Store","t":"4","c":"130","s":"4.6","d":"0","a":"60,59,61,63","l":"Calle de Bravo Murillo, 194, bajo, 28020 Madrid, Spain"}
,{"p":"maxcolchonE","x":"42.462504","y":"-2.4199366","n":"Maxcolchon E - Mattress Store","t":"4","c":"129","s":"4.8","d":"0","a":"60,59,61,63","l":"C.C Berceo, Calle Lérida, N1, 26006 Logroño, La Rioja, Spain"}
,{"p":"maxcolchonD","x":"43.2968048","y":"-3.0021002","n":"Maxcolchon D - Mattress Store","t":"4","c":"189","s":"4.7","d":"0","a":"60,59,61,63","l":"Avda. La Ribera s-n, P.C. Megapark, 48903 Barakaldo, BI, Spain"}
,{"p":"maxcolchonC","x":"39.55316","y":"-0.302459","n":"Maxcolchon C - Mattress Store","t":"4","c":"143","s":"4.5","d":"0","a":"60,59,61,63","l":"Parque Comercial El Manar Carretera Massalfassar - Museros, Km. 12,5, 46560 Massalfassar, Valencia, Spain"}
,{"p":"maxcolchonB","x":"41.3920199","y":"2.1459314","n":"Maxcolchon B - Mattress Store","t":"4","c":"126","s":"4.4","d":"0","a":"60,59,61,63","l":"Carrer del Comte dUrgell, 286, 08036 Barcelona, Spain"}
,{"p":"maxcolchonA","x":"39.978156","y":"-0.064737","n":"Maxcolchon A - Mattress Store","t":"4","c":"185","s":"4.3","d":"0","a":"60,59,61,63","l":"Polígono Industrial, Carrer Peri 15 Núm. 6, 12006 Castelló de la Plana, Castelló, Spain"}
,{"p":"anastasia","x":"41.368927","y":"-8.7635631","n":"Anastacia Delicatesses","t":"0","c":"78","s":"4.4","d":"0","a":"61,3,4,8","l":"Porto de Mar, 4490-000 Póvoa de Varzim, Portugal"}
,{"p":"lojaportugueza","x":"38.7091671","y":"-9.1352209","n":"Loja Portugueza da Baixa","t":"4","c":"8","s":"3.4","d":"0","a":"59,21,53,94","l":"R. dos Fanqueiros 32, 1100-231 Lisboa, Portugal"}]