[{"p":"lalima","x":"41.4059946","y":"2.1567663","n":"La Lima, comedor vegano","t":"0","c":"11","s":"5.0","d":"0","a":"3,5,6,11","l":"Carrer de lAlzina, Barcelona, Spain"}
,{"p":"pasticceria","x":"41.4047427","y":"2.1559692","n":"La Pasticceria di Gracia","t":"1","c":"93","s":"4.5","d":"0","a":"9,10,12,11","l":"Carrer de Verdi, Barcelona, Spain"}
,{"p":"lavermu","x":"41.4000891","y":"2.1568007","n":"La Vermu - Bar and Tapas","t":"2","c":"473","s":"4.2","d":"0","a":"31,32,33,36","l":"Carrer de Sant Domènec, Barcelona, Spain"}
,{"p":"ChIJayYeJpaipBIR8ZbTZO4x7dM","x":"41.4006901","y":"2.1579717","n":"Gelatology - We make Gelato great again!","t":"1","c":"109","s":"4.9","d":"1","a":"18,29,32,33","l":"Carrer de Martínez de la Rosa, Barcelona, Spain"}
,{"p":"atabalats","x":"41.4087684","y":"2.1605199","n":"Atabalats Gastrobar - Cerveza, Tapas y Copas","t":"0","c":"154","s":"4.4","d":"0","a":"7,29,31,32","l":"Carrer de la Providència, Barcelona, Spain"}
,{"p":"ChIJ89o4J5aipBIRfDm0sBYWJZQ","x":"41.4009587","y":"2.1580651","n":"La Pizza","t":"1","c":"148","s":"4.6","d":"0","a":"4,14,43,102","l":"Carrer del Penedès, Barcelona, Spain"}
,{"p":"candelacanela","x":"41.4021505","y":"2.156743","n":"Candela Canela - Sweet Desserts","t":"1","c":"44","s":"4.9","d":"0","a":"4,29,65,66","l":"Carrer de Ros de Olano, Barcelona, Spain"}
,{"p":"chatelet","x":"41.4040643","y":"2.1582468","n":"Chatelet - Cocktails and Wine","t":"2","c":"617","s":"4.0","d":"0","a":"8,29,32,56","l":"Carrer de Torrijos, Barcelona, Spain"}
,{"p":"ChIJGZOYjLiipBIRQV03-yVCmew","x":"41.4081285","y":"2.1635252","n":"Molsa LEstel - Supermercado Ecologico","t":"3","c":"16","s":"4.6","d":"0","a":"3,14,15,17","l":"Carrer de Pi i Margall, Barcelona, Spain"}
,{"p":"ChIJkcsO_L2ipBIRzzk1Q5JNaxU","x":"41.4013999","y":"2.1594724","n":"King Kaya - Growshop","t":"4","c":"33","s":"4.9","d":"0","a":"39,40,41,42","l":"Carrer de la Mare de Déu dels Desemparats, Barcelona, Spain"}
,{"p":"ChIJYWoT6byipBIR-6HaCztMc5A","x":"41.4044523","y":"2.1562822","n":"MIT K - Upcycling Vegan Art Bags","t":"4","c":"9","s":"5.0","d":"0","a":"3,5,20,28","l":"Barcelona, Spain"}
,{"p":"ChIJ5ynTF5iipBIRSOx9O00QlvI","x":"41.3999126","y":"2.1540813","n":"VeGala Vegan Beauty","t":"4","c":"26","s":"4.7","d":"0","a":"5,21,45,46","l":"Carrer de Santa Eugènia, Barcelona, Spain"}
,{"p":"amelia","x":"41.402147","y":"2.157944","n":"Amelia Bakery - Tartas por pedido","t":"1","c":"32","s":"4.6","d":"0","a":"9,10,11,12","l":"Carrer de Ramón y Cajal, Barcelona, Spain"}
,{"p":"recup","x":"41.404653","y":"2.155916","n":"Rekup n Co Verdi - Handmade Souvenirs","t":"4","c":"15","s":"4.5","d":"0","a":"24,28,53,57","l":"Carrer de Verdi, Barcelona, Spain"}
,{"p":"kamoma","x":"41.4014862","y":"2.1568869","n":"Kamoma - Spritz Bar","t":"2","c":"41","s":"4.1","d":"0","a":"47,31,32,33","l":"Plaça del Sol, Barcelona, Spain"}
,{"p":"akash","x":"41.4083532","y":"2.1597298","n":"Perruqueria Akash","t":"4","c":"7","s":"4.9","d":"0","a":"91,65,107,57","l":"Carrer de la Providència, Barcelona, Spain"}
,{"p":"ChIJh2A7VL2ipBIRIxR3Ylnot50","x":"41.4006341","y":"2.155889","n":"Sincronia Yoga","t":"999","c":"23","s":"4.8","d":"0","a":"25,26,27,80","l":"Gracia, Carrer de Pere Serafí, Barcelona, Spain"}
,{"p":"frankfurtlapubilla","x":"41.3927823","y":"2.1865209","n":"Frankfurt La Pubilla","t":"0","c":"135","s":"3.7","d":"0","a":"59,111,16,64","l":"Carrer de Buenaventura Muñoz, 44, 08018 Barcelona, Spain"}
,{"p":"polloexpress","x":"38.5419413","y":"-0.1272807","n":"Pollo Expresss","t":"0","c":"184","s":"4.5","d":"0","a":"71,72,73,65","l":"Benidorm, Spain, Europe"}
,{"p":"polloexpressgourmet","x":"38.5372292","y":"-0.1425705","n":"Pollo Expresss Gourmet","t":"0","c":"78","s":"4.1","d":"0","a":"71,72,67,18","l":"Benidorm, Spain, Europe"}
,{"p":"ecocentersupermercado","x":"36.0141","y":"-5.6053","n":"Supermercado Ecologico - Eco Center Tarifa","t":"4","c":"326","s":"4.5","d":"0","a":"3,4,17,51","l":"Calle San Sebastián, Tarifa, Spain"}
,{"p":"ecocenteryoga","x":"36.0142","y":"-5.6054","n":"Yoga y Meditacion - Eco Center Tarifa","t":"999","c":"326","s":"4.5","d":"0","a":"25,26,27,80","l":"Calle San Sebastián, Tarifa, Spain"}
,{"p":"ecocenterbar","x":"36.0143","y":"-5.6055","n":"Bar y Musica - Eco Center Tarifa","t":"2","c":"326","s":"4.5","d":"0","a":"31,32,33,47","l":"Calle San Sebastián, Tarifa, Spain"}
,{"p":"ecocenterrestaurante","x":"36.0144","y":"-5.6056","n":"Restaurante Ecologico - Eco Center Tarifa","t":"0","c":"326","s":"4.5","d":"0","a":"3,15,16,14","l":"Calle San Sebastián, Tarifa, Spain"}
,{"p":"elcuartito","x":"36.0114734","y":"-5.6078355","n":"El Cuartito - Tapas Bar","t":"0","c":"22","s":"4.9","d":"0","a":"31,32,15,47","l":"Grupo Cardenal Cisneros, Tarifa, Spain"}
,{"p":"bambule","x":"36.014772","y":"-5.6051206","n":"Bambule Batalla - Clothing and Asseccories","t":"4","c":"6","s":"5.0","d":"0","a":"52,54,107,24","l":"Calle Batalla del Salado, Tarifa, Spain"}
,{"p":"bambule2","x":"36.0122788","y":"-5.6035059","n":"Bambule Sancho - Clothing and Asseccories","t":"4","c":"14","s":"4.2","d":"0","a":"52,54,107,24","l":"Calle Sancho IV el Bravo, Tarifa, Spain"}
,{"p":"growcafe","x":"36.0109379","y":"-5.6053444","n":"Grow Cafe - Vegetarian","t":"2","c":"39","s":"4.8","d":"0","a":"4,29,8,11","l":"Calle Alcalde Juan Núñez, Tarifa, Spain"}
,{"p":"ecobakeryglutenfree","x":"36.01988","y":"-5.609871","n":"Eco Bakery - Gluten Free","t":"4","c":"37","s":"4.7","d":"0","a":"3,115,11,30","l":"Mar Adriatico, Tarifa, Spain"}
,{"p":"metropolisvalladolid","x":"41.650662","y":"-4.7217846","n":"Metropolis Valladolid","t":"4","c":"48","s":"4.6","d":"0","a":"61,118,24,48","l":"Calle de Fray Luis de León, 19, 47002 Valladolid, Spain"}
,{"p":"acompanante","x":"41.6415754","y":"-0.8893621","n":"Acompañante En BioNeuroEmoción® y Acupuntura Zaragoza","t":"999","c":"1","s":"5.0","d":"0","a":"60,61,59,104","l":"Calle Madre Genoveva Torres Morales, local 16, 50006 Zaragoza, Spain"}
,{"p":"maxcolchonH","x":"40.5064285","y":"-3.3319295","n":"Maxcolchon H - Mattress Store","t":"4","c":"184","s":"4.4","d":"0","a":"60,59,61,63","l":"CC Quadernillos, Av. de Don Juan Tenorio, S-N, Local B12, 28805 Alcalá de Henares, Madrid, Spain"}
,{"p":"maxcolchonG","x":"40.4290861","y":"-3.6674877","n":"Maxcolchon G - Mattress Store","t":"4","c":"121","s":"4.4","d":"0","a":"60,59,61,63","l":"Calle de Alcalá, 201, 28028 Madrid, Spain"}
,{"p":"maxcolchonF","x":"40.4553321","y":"-3.702353","n":"Maxcolchon F - Mattress Store","t":"4","c":"130","s":"4.6","d":"0","a":"60,59,61,63","l":"Calle de Bravo Murillo, 194, bajo, 28020 Madrid, Spain"}
,{"p":"maxcolchonE","x":"42.462504","y":"-2.4199366","n":"Maxcolchon E - Mattress Store","t":"4","c":"129","s":"4.8","d":"0","a":"60,59,61,63","l":"C.C Berceo, Calle Lérida, N1, 26006 Logroño, La Rioja, Spain"}
,{"p":"maxcolchonD","x":"43.2968048","y":"-3.0021002","n":"Maxcolchon D - Mattress Store","t":"4","c":"189","s":"4.7","d":"0","a":"60,59,61,63","l":"Avda. La Ribera s-n, P.C. Megapark, 48903 Barakaldo, BI, Spain"}
,{"p":"maxcolchonC","x":"39.55316","y":"-0.302459","n":"Maxcolchon C - Mattress Store","t":"4","c":"143","s":"4.5","d":"0","a":"60,59,61,63","l":"Parque Comercial El Manar Carretera Massalfassar - Museros, Km. 12,5, 46560 Massalfassar, Valencia, Spain"}
,{"p":"maxcolchonB","x":"41.3920199","y":"2.1459314","n":"Maxcolchon B - Mattress Store","t":"4","c":"126","s":"4.4","d":"0","a":"60,59,61,63","l":"Carrer del Comte dUrgell, 286, 08036 Barcelona, Spain"}
,{"p":"maxcolchonA","x":"39.978156","y":"-0.064737","n":"Maxcolchon A - Mattress Store","t":"4","c":"185","s":"4.3","d":"0","a":"60,59,61,63","l":"Polígono Industrial, Carrer Peri 15 Núm. 6, 12006 Castelló de la Plana, Castelló, Spain"}
,{"p":"anastasia","x":"41.368927","y":"-8.7635631","n":"Anastacia Delicatesses","t":"0","c":"78","s":"4.4","d":"0","a":"61,3,4,8","l":"Porto de Mar, 4490-000 Póvoa de Varzim, Portugal"}
,{"p":"lojaportugueza","x":"38.7091671","y":"-9.1352209","n":"Loja Portugueza da Baixa","t":"4","c":"8","s":"3.4","d":"0","a":"59,21,53,94","l":"R. dos Fanqueiros 32, 1100-231 Lisboa, Portugal"}
,{"p":"deuxpointzero","x":"48.8685002","y":"2.3542593","n":"Deux Point Zero","t":"2","c":"241","s":"4.0","d":"0","a":"31,32,33,76","l":"Rue Blondel, Paris, France"}
,{"p":"llscafe","x":"51.5590909","y":"-0.1785917","n":"LLS Cafe Deli","t":"0","c":"92","s":"4.5","d":"0","a":"8,15,14,135","l":"Heath Street, London, England, UK"}
,{"p":"bellacosa","x":"51.500603","y":"-0.012168","n":"Bella Cosa Restaurant, Canary Wharf","t":"0","c":"195","s":"4.5","d":"0","a":"59,51,3,8","l":"Drewry House 213 Marsh Wall, Isle of Dogs, London E14 9FJ, UK"}
,{"p":"brewdogcanarywharf","x":"51.5044668","y":"-0.0150128","n":"BrewDog Canary Wharf","t":"2","c":"98","s":"4.4","d":"0","a":"7,32,31,33","l":"Churchill Place, London, England, UK"}
,{"p":"westlandcoffee","x":"51.528216","y":"-0.090584","n":"Westland Coffee n Wine","t":"2","c":"57","s":"4.6","d":"0","a":"29,8,32,81","l":"Westland Place, London, England, UK"}
,{"p":"nincomsoup","x":"51.52567","y":"-0.087561","n":"Nincomsoup","t":"0","c":"96","s":"4.2","d":"0","a":"135,29,119,136","l":"Nincomsoup, London, England, UK"}
,{"p":"dreambags","x":"51.5280867","y":"-0.0778415","n":"DreamBags JaguarShoes","t":"2","c":"294","s":"4.1","d":"0","a":"61,8,14,31","l":"32-36 Kingsland Rd, London E2 8DA, UK"}
,{"p":"dawsontattoo","x":"53.3724517","y":"-2.5814423","n":"The Dawson Tattoo Company","t":"999","c":"15","s":"5.0","d":"0","a":"61,22,23,36","l":"19A London Rd, Warrington WA4 6SG, UK"}
,{"p":"scymoreinn","x":"53.144159","y":"-1.558522","n":"The Sycamore Inn","t":"2","c":"105","s":"4.5","d":"0","a":"61,15,138,8","l":"9 Sycamore Rd, Matlock DE4 3HZ, UK"}
,{"p":"harlequien","x":"53.3062959","y":"-3.7398696","n":"Harlequin Puppet Theatre","t":"999","c":"0","s":"0.0","d":"0","a":"60,61,59,104","l":"Cayley Promenade, Rhos on Sea, Colwyn Bay LL28 4EP, UK"}
,{"p":"thecoffeebean","x":"53.2737949","y":"-3.2220382","n":"Sarahs Coffee, The Coffee Bean","t":"4","c":"1","s":"5.0","d":"0","a":"29,40,148,149","l":"The Mews, Holywell, England, UK"}
,{"p":"thecornercafe","x":"53.3087543","y":"-3.7404846","n":"The Corner Cafe","t":"2","c":"94","s":"4.7","d":"0","a":"29,8,125,152","l":" Rhos Road, Rhos on Sea, Colwyn Bay, England, UK"}
,{"p":"thegreenroom","x":"52.0258816","y":"-1.1499362","n":"The Green Room","t":"2","c":"224","s":"4.6","d":"0","a":"8,38,109,15","l":"Bridge Street, Brackley, England, UK"}
,{"p":"thekyberthandori","x":"51.2955219","y":"-0.2149833","n":"New Khyber","t":"0","c":"40","s":"4.3","d":"0","a":"120,141,158,0","l":"2 Waterhouse Ln, Banstead, Tadworth KT20 6EB, UK"}
,{"p":"mrwolfs","x":"51.4538348","y":"-2.594218","n":"Mr Wolfs","t":"2","c":"546","s":"4.1","d":"0","a":"62,33,37,106","l":"32 St Nicholas St, Bristol BS1 1TG, UK"}
,{"p":"chaoscoffeebar","x":"60.388109","y":"5.325569","n":"Chaos Coffee Bar - Kafe Chaos","t":"2","c":"76","s":"4.5","d":"0","a":"29,8,31,142","l":"Fosswinckels gate, Bergen, Norway"}
,{"p":"tonyscoffeebar","x":"57.6975382","y":"11.9861658","n":"Tonys coffeebar","t":"2","c":"79","s":"4.8","d":"0","a":"29,8,142,125","l":"Skånegatan, Gothenburg, Sweden"}
,{"p":"mamasbanh","x":"52.5311","y":"13.43435","n":"Mamas Banh, Vietnamese Tapas","t":"0","c":"182","s":"4.7","d":"0","a":"151,71,15,112","l":"Prenzlauer Berg, Hufelandstraße, Berlin, Germany"}
,{"p":"friedelrichter","x":"52.5282002","y":"13.3914314","n":"Friedel Richter Restaurant","t":"0","c":"98","s":"4.5","d":"0","a":"7,14,99,100","l":"Torstraße, Berlin, Germany"}
,{"p":"uptowncoffeebar","x":"51.3312167","y":"12.3740951","n":"Uptown Coffee Bar","t":"2","c":"157","s":"4.6","d":"0","a":"59,29,33,37","l":"Riemannstraße 44, 04107 Leipzig, Germany"}
,{"p":"liquidbar","x":"48.8316078","y":"12.9585127","n":"LIQUID - Bar n Lounge","t":"2","c":"82","s":"3.9","d":"0","a":"106,33,127,31","l":"Hans-Krämer-Straße 31, 94469 Deggendorf, Germany"}
,{"p":"isenburgerimbiss","x":"50.047858","y":"8.682822","n":"IsenBurger Imbiss","t":"1","c":"15","s":"4.8","d":"0","a":"7,111,64,55","l":"Schleussnerstraße 56A, 63263 Neu-Isenburg, Germany"}
,{"p":"diepizzaschmiede","x":"50.9709185","y":"11.0223341","n":"Die PizzaSchmiede","t":"0","c":"90","s":"4.7","d":"0","a":"59,14,7,55","l":"Walkmühlstraße 1, 99084 Erfurt, Germany"}
,{"p":"bistroambrunnen","x":"49.2604647","y":"8.4840387","n":"Bistro Am Brunnen","t":"0","c":"43","s":"4.5","d":"0","a":"125,124,120,109","l":"Adlerstraße 7, 68794 Oberhausen-Rheinhausen, Germany"}
,{"p":"appleandeve","x":"53.5642873","y":"9.9651666","n":"Apple n Eve Vegan n Simply Natural","t":"0","c":"83","s":"4.7","d":"0","a":"5,6,7,11","l":"Schanzenstraße 107, 20357 Hamburg, Germany"}
,{"p":"suesskramdealer","x":"52.4772253","y":"13.3300544","n":"Süßkramdealer","t":"4","c":"159","s":"4.6","d":"0","a":"29,142,120,95","l":"Varziner Str. 4, 12159 Berlin, Germany"}
,{"p":"sterhard","x":"49.908949","y":"10.8718518","n":"St. ERHARD - Kellerbier","t":"4","c":"7","s":"4.7","d":"0","a":"32,83,104,104","l":"Hafenstraße 13, 96052 Bamberg, Germany"}
,{"p":"weingutandres","x":"49.4108863","y":"8.1874272","n":"Weingut Andres","t":"4","c":"41","s":"4.9","d":"0","a":"81,83,104,104","l":"Weinstraße 6, 67146 Deidesheim, Germany"}
,{"p":"chocoin","x":"48.157943","y":"11.575094","n":"chokoin","t":"4","c":"26","s":"4.8","d":"0","a":"95,104,104,104","l":"Nordendstraße 52, 80801 München, Germany"}
,{"p":"veeskaffee","x":"48.1365268","y":"11.5750891","n":"Vees Kaffee n Bohnen GmbH","t":"4","c":"104","s":"4.6","d":"0","a":"29,11,109,142","l":"Rindermarkt 17, 80331 München, Germany"}
,{"p":"szenedrinks","x":"48.1304085","y":"11.5726174","n":"Szenedrinks GmbH","t":"4","c":"135","s":"4.6","d":"0","a":"83,84,106,103","l":"Fraunhoferstraße 12, 80469 München, Germany"}
,{"p":"murnauer","x":"48.1248578","y":"11.6060717","n":"Montevero - Cafebar im Werk 3","t":"2","c":"19","s":"4.3","d":"0","a":"29,9,10,11","l":"Atelierstraße 12, 81671 München, Germany"}
,{"p":"richarddahmswine","x":"50.03737","y":"10.24546","n":"Richard Dahms Wine","t":"4","c":"5","s":"4.6","d":"0","a":"81,82,83,84","l":"August-Borsig-Straße 8, 97526 Sennfeld, Germany"}
,{"p":"nailsberlin","x":"52.5276716","y":"13.4011124","n":"Studio 358 - Nails Berlin","t":"999","c":"86","s":"3.9","d":"0","a":"21,104,104,104","l":"Auguststraße 35, 10119 Berlin, Germany"}
,{"p":"bekechanticafe","x":"52.55413","y":"13.37466","n":"bekech Anti Café","t":"2","c":"237","s":"4.7","d":"0","a":"61,29,119,124","l":"Exerzierstraße 14, 13357 Berlin, Germany"}
,{"p":"mamasbanh2","x":"52.489843","y":"13.3543736","n":"Mamas Banh, Schöneberg","t":"0","c":"57","s":"4.5","d":"0","a":"60,61,59,104","l":"Grunewaldstraße 81, 10823 Berlin, Germany"}
,{"p":"allnutbelgrade","x":"44.814838","y":"20.461738","n":"All Nut","t":"4","c":"13","s":"4.9","d":"0","a":"59,104,104,104","l":"lokal 25, Чумићево сокаче 2, Beograd 11000, Serbia"}
,{"p":"wayusa","x":"50.0602087","y":"14.4501185","n":"Wayusa - Chocolate","t":"4","c":"0","s":"0.0","d":"0","a":"59,104,104,104","l":"ulice Kloboučnická, 140 00 Praha 4-Nusle, Czechia"}
,{"p":"tavernapizza","x":"50.162967","y":"16.2732019","n":"Taverna Pizza-Pinsa Romana","t":"0","c":"261","s":"3.8","d":"0","a":"31,32,14,97","l":"Balbínova, Rychnov nad Kněžnou, Czechia"}
,{"p":"pizzapirat","x":"45.5260364","y":"13.5684371","n":"Gostisce Pirat, Robin Vogric, s.p.","t":"0","c":"413","s":"4.5","d":"0","a":"100,108,112,97","l":"Župančičeva ulica, Piran - Pirano, Slovenia"}
,{"p":"caseybar","x":"35.9058188","y":"14.4933268","n":"Caseys Bar","t":"2","c":"212","s":"4.5","d":"0","a":"62,59,60,61","l":"306 Triq DArgens, Il-Gżira, Malta"}
,{"p":"bonnie","x":"51.9812114","y":"5.9113826","n":"Bonnie","t":"2","c":"115","s":"4.9","d":"0","a":"60,59,61,104","l":"Nieuwstad 2, 6811 BL Arnhem, Netherlands"}
,{"p":"destaat","x":"51.9785111","y":"5.9099259","n":"De Staat","t":"0","c":"298","s":"4.1","d":"0","a":"60,59,61,104","l":"Markt 38, 6811 CJ Arnhem, Netherlands"}
,{"p":"eetwinkelstrom","x":"51.9854308","y":"5.9198558","n":"Eetwinkel STROOM","t":"0","c":"95","s":"4.4","d":"0","a":"60,59,61,104","l":"Sonsbeeksingel 160, 6822 BM Arnhem, Netherlands"}
,{"p":"cafeteriadolfjin","x":"51.9831184","y":"5.9185503","n":"Cafetaria Dolfijn","t":"0","c":"174","s":"4.5","d":"0","a":"60,59,61,104","l":"Spijkerlaan 27, 6828 EB Arnhem, Netherlands"}
,{"p":"lunchroomsofra","x":"51.9798688","y":"5.9091819","n":"Lunchroom Sofra","t":"0","c":"121","s":"4.6","d":"0","a":"60,59,61,104","l":"Pastoorstraat 9, 6811 ED Arnhem, Netherlands"}
,{"p":"anneundmax","x":"51.9794559","y":"5.9083834","n":"Anne n Max Breakfast Restaurant","t":"2","c":"470","s":"4.3","d":"0","a":"60,59,61,104","l":"Bakkerstraat 50, 6811 EH Arnhem, Netherlands"}
,{"p":"iogurtis","x":"51.9795397","y":"5.9086508","n":"iogurties - smoothies * bowls * bubble tea * feel good food","t":"1","c":"60","s":"4.6","d":"0","a":"60,59,61,104","l":"Bakkerstraat 31, 6811 EH Arnhem, Netherlands"}
,{"p":"njoycafe","x":"51.9829628","y":"5.9094496","n":"Njoy Café","t":"2","c":"71","s":"4.5","d":"0","a":"60,59,61,104","l":"Bovenbeekstraat 5, 6811 CV Arnhem, Netherlands"}
,{"p":"iveau","x":"51.979812","y":"5.90711","n":"Iveau Burgers n Wijnbar","t":"2","c":"562","s":"4.3","d":"0","a":"60,59,61,104","l":"Kleine Oord 78, 6811 HZ Arnhem, Netherlands"}
,{"p":"stellabystarlight","x":"51.9826156","y":"5.902107","n":"Stella By Starlight","t":"0","c":"386","s":"4.5","d":"0","a":"60,59,61,104","l":"LA, Coehoornstraat 33, 6811 LA Arnhem, Netherlands"}
,{"p":"hemels","x":"51.9807525","y":"5.9094374","n":"Hemels Patisserie en Espressobar","t":"1","c":"66","s":"4.2","d":"0","a":"60,59,61,104","l":"Kerkstraat 3, 6811 DL Arnhem, Netherlands"}
,{"p":"landgoed","x":"52.0103927","y":"5.8655054","n":"Landgoed Hotel n Restaurant Groot Warnsborn","t":"5","c":"572","s":"4.4","d":"0","a":"60,59,61,104","l":"Bakenbergseweg 277, 6816 VP Arnhem, Netherlands"}
,{"p":"verheyden","x":"51.9822222","y":"5.9088889","n":"cafe restaurant verheyden","t":"0","c":"130","s":"4.1","d":"0","a":"60,59,61,104","l":"Wezenstraat 6, 6811 CR Arnhem, Netherlands"}
,{"p":"caspar","x":"51.9859138","y":"5.9163141","n":"Caspar","t":"0","c":"633","s":"4.5","d":"0","a":"60,59,61,104","l":"Elly Lamakerplantsoen 2, 6822 BZ Arnhem, Netherlands"}
,{"p":"damesundheren","x":"51.978179","y":"5.9097851","n":"Dames n Heren Culinair Café","t":"0","c":"101","s":"4.6","d":"0","a":"60,59,61,104","l":"Markt 31, 6811 CJ Arnhem, Netherlands"}
,{"p":"realmenbarber","x":"53.217099","y":"6.567894","n":"Real Men Barber - Echte Mannen Kapper","t":"999","c":"76","s":"4.3","d":"0","a":"62,59,60,61","l":"Hoogstraatje 6, 9711 LN Groningen, Netherlands"}
,{"p":"eyeofsauron","x":"55.871865","y":"37.5352293","n":"Eye of Sauron - Око Саурона","t":"2","c":"0","s":"0.0","d":"0","a":"62,59,60,61","l":"Beskudnikovskiy Bulvar, 59Ас23, Moskva, Russia, 127486"}
,{"p":"arosbar","x":"46.2463513","y":"15.2619767","n":"AROS BAR","t":"2","c":"22","s":"4.1","d":"0","a":"70,60,61,104","l":"Ulica Mesta Grevenbroich 13, 3000 Celje, Slovenia"}
,{"p":"babika","x":"46.0346341","y":"14.4549299","n":"Babica in B2 restavracija","t":"0","c":"65","s":"4.2","d":"0","a":"70,60,61,104","l":"200, Tržaška cesta, 1000 Ljubljana, Slovenia"}
,{"p":"asanchilllounge","x":"46.0727448","y":"14.4683854","n":"ASAN Chill n Lounge Room","t":"2","c":"90","s":"4.7","d":"0","a":"70,60,61,104","l":"Kogovškova ulica 22, 1000 Ljubljana, Slovenia"}
,{"p":"balkanexpress","x":"46.0682436","y":"14.5460878","n":"Balkan notexpres","t":"0","c":"30","s":"3.9","d":"0","a":"70,60,61,104","l":"Šmartinska cesta 152g, 1000 Ljubljana, Slovenia"}
,{"p":"barbarellabistro","x":"46.051325","y":"14.508045","n":"BARBARELLA ARKADE BISTRO","t":"0","c":"105","s":"4.7","d":"0","a":"70,60,61,104","l":"Adamič-Lundrovo nabrežje 3, (nasproti pokrite Ljubljanske tržnice), 1000 Ljubljana, Slovenia"}
,{"p":"koficek","x":"46.0693078","y":"14.5484774","n":"Bar Kofiček","t":"2","c":"0","s":"0.0","d":"0","a":"70,60,61,104","l":"Šmartinska cesta 152, 1000 Ljubljana, Slovenia"}
,{"p":"barbarellajuicebar","x":"46.0531481","y":"14.5040497","n":"BARBARELLA JUICEBAR","t":"2","c":"92","s":"4.8","d":"0","a":"70,60,61,104","l":"Slovenska cesta 38, 1000 Ljubljana, Slovenia"}
,{"p":"boxbar","x":"46.0574059","y":"14.5097191","n":"Box Bar","t":"2","c":"104","s":"3.5","d":"0","a":"70,60,61,104","l":"1000 Ljubljana, Slovenia"}
,{"p":"blackoutbarlounge","x":"46.0787638","y":"14.4901561","n":"Blackout bar-lounge","t":"2","c":"77","s":"4.4","d":"0","a":"70,60,61,104","l":"Litostrojska Cesta 41, 1000 Ljubljana, Slovenia"}
,{"p":"burgerkapija","x":"46.3697367","y":"15.08724","n":"Burger Kapija","t":"0","c":"21","s":"4.4","d":"0","a":"70,60,61,104","l":"Velenjsko jezero, Slovenia"}
,{"p":"citycafeslovenia","x":"46.0665394","y":"14.5467179","n":"City cafe","t":"2","c":"5","s":"3.4","d":"0","a":"70,60,61,104","l":"Jarše District, 1000 Ljubljana, Slovenia"}
,{"p":"captainscabin","x":"46.0496705","y":"14.5058358","n":"Captains Cabin","t":"2","c":"227","s":"4.1","d":"0","a":"70,60,61,104","l":"Ključavničarska ulica 5,1000 Ljubljana, 1000 Ljubljana, Slovenia"}
,{"p":"centralbucks","x":"46.5601253","y":"15.6509701","n":"Central Bucks","t":"2","c":"48","s":"4.4","d":"0","a":"70,60,61,104","l":"Partizanska cesta 6, 2000 Maribor, Slovenia"}
,{"p":"divinorestaurant","x":"46.06705","y":"14.541808","n":"diVino restaurant n bar","t":"0","c":"122","s":"4.4","d":"0","a":"70,60,61,104","l":"Ameriška 8, 1000 Ljubljana, Slovenia"}
,{"p":"ekbistro","x":"46.0519046","y":"14.5138531","n":"EK BISTRO","t":"0","c":"384","s":"4.6","d":"0","a":"70,60,61,104","l":"Petkovškovo nabrežje 65, 1000 Ljubljana, Slovenia"}
,{"p":"ekoloskahotel","x":"46.3725929","y":"13.7412066","n":"Ekološka turistična kmetija pri Plajerju - Stanka Pretner - Nosilka dopolnilne dejavnosti na kmetiji","t":"5","c":"29","s":"4.8","d":"0","a":"70,60,61,104","l":"Trenta 16, 5232 Soča, Slovenia"}
,{"p":"fourpoints","x":"46.0520301","y":"14.4529018","n":"Four Points by Sheraton Ljubljana Mons","t":"5","c":"808","s":"4.4","d":"0","a":"70,60,61,104","l":"Pot za Brdom 4, 1000 Ljubljana, Slovenia"}
,{"p":"grandvidhotel","x":"46.0001836","y":"14.5547113","n":"Grandvid Hotel Ljubljana","t":"5","c":"40","s":"3.9","d":"0","a":"70,60,61,104","l":"Dolenjska cesta 336, 1291 Škofljica, Slovenia"}
,{"p":"kodeljevocastle","x":"46.0502992","y":"14.5310011","n":"Kodeljevo Castle","t":"0","c":"194","s":"4.4","d":"0","a":"70,60,61,104","l":"Koblarjeva ulica 34, 1000 Ljubljana, Slovenia"}
,{"p":"guesthousejanez","x":"46.5571468","y":"15.6261453","n":"Guesthouse Janez","t":"5","c":"200","s":"4.4","d":"0","a":"70,60,61,104","l":"Ciril - Metodova ulica 4, 2000 Maribor, Slovenia"}
,{"p":"gostinilca","x":"46.046321","y":"14.508188","n":"Gostilnica 5-6 kg","t":"0","c":"584","s":"4.4","d":"0","a":"70,60,61,104","l":"Gornji trg 23, 1000 Ljubljana, Slovenia"}
,{"p":"galeriapopart","x":"46.0563212","y":"14.5044406","n":"Galerija popart Cafe Art Galery","t":"2","c":"25","s":"4.8","d":"0","a":"70,60,61,104","l":"Kersnikova ulica 10, 1000 Ljubljana, Slovenia"}
,{"p":"hothorserudnik","x":"46.0186608","y":"14.5291267","n":"Hot Horse - Rudnik","t":"0","c":"93","s":"4.5","d":"0","a":"70,60,61,104","l":"Premrlova ulica 14, 1000 Ljubljana, Slovenia"}
,{"p":"hothorsetivoli","x":"46.060006","y":"14.496388","n":"Hot Horse TIVOLI","t":"0","c":"815","s":"4.2","d":"0","a":"70,60,61,104","l":"Celovška cesta 25, 1000 Ljubljana, Slovenia"}
,{"p":"solatnibar","x":"46.0671","y":"14.543288","n":"Solatni Bar","t":"0","c":"8","s":"3.9","d":"0","a":"70,60,61,104","l":"Šmartinska 152, 1000 Ljubljana, Slovenia"}
,{"p":"hothorsebtc","x":"46.067281","y":"14.5437039","n":"Hot Horse - BTC","t":"0","c":"687","s":"4.3","d":"0","a":"70,60,61,104","l":"Šmartinska cesta 152, 1000 Ljubljana, Slovenia"}
,{"p":"klubrecnih","x":"46.041327","y":"14.509174","n":"Klub Rečnih Kapitanov","t":"2","c":"65","s":"4.6","d":"0","a":"70,60,61,104","l":"Opekarska 1 (Pod Prulskim mostom), 1000 Ljubljana, Slovenia"}
,{"p":"kavarnicarokaj","x":"46.5566421","y":"15.6462791","n":"Kavarnica Rokaj","t":"2","c":"175","s":"4.6","d":"0","a":"70,60,61,104","l":"Usnjarska ulica 3, 2000 Maribor, Slovenia"}
,{"p":"kavarnax","x":"46.0777597","y":"14.479413","n":"Kavarna X","t":"2","c":"1","s":"5.0","d":"0","a":"70,60,61,104","l":"Kavadarska cesta 5, 1000 Ljubljana, Slovenia"}
,{"p":"ipubljubljana","x":"46.0851436","y":"14.4779806","n":"iPub","t":"2","c":"15","s":"4.3","d":"0","a":"70,60,61,104","l":"Devova ulica 6, 1000 Ljubljana, Slovenia"}
,{"p":"paviljonkaval","x":"46.0612181","y":"14.507861","n":"PAVILJON - Pub n Restaurant, Kaval Group","t":"0","c":"74","s":"4.0","d":"0","a":"70,60,61,104","l":"Dunajska cesta 18, 1000 Ljubljana, 1000 Ljubljana, Slovenia"}
,{"p":"imperiomexicano","x":"46.0682176","y":"14.5461394","n":"Imperio Mexicano","t":"0","c":"74","s":"3.4","d":"0","a":"70,60,61,104","l":"Šmartinska cesta 152g, 1000 Ljubljana, Slovenia"}
,{"p":"kuhinja","x":"46.0346341","y":"14.4549299","n":"Kuhinja pri Babici","t":"0","c":"216","s":"3.7","d":"0","a":"70,60,61,104","l":"Tržaška cesta 200, 1000 Ljubljana, Slovenia"}
,{"p":"pivarnastacuna","x":"46.5574469","y":"15.6446534","n":"Pivarna, štacuna dobrih zvarkof","t":"3","c":"17","s":"4.9","d":"0","a":"70,60,61,104","l":"Glavni trg 7, 2000 Maribor, Slovenia"}
,{"p":"piknikplac","x":"45.9742203","y":"14.4177407","n":"Piknik plac Podpeč","t":"0","c":"102","s":"4.5","d":"0","a":"70,60,61,104","l":"Podpeč 39, 1352 Preserje, Slovenia"}
,{"p":"pausecafe","x":"46.5567383","y":"15.6454304","n":"Pause Cafe","t":"2","c":"12","s":"4.8","d":"0","a":"70,60,61,104","l":"Dravska ulica 7, 2000 Maribor, Slovenia"}
,{"p":"ozbarslovenia","x":"46.5430484","y":"15.6491535","n":"OZ Bar","t":"2","c":"38","s":"4.5","d":"0","a":"70,60,61,104","l":"Titova cesta 63, 2000 Maribor, Slovenia"}
,{"p":"ostarijapri","x":"46.0680444","y":"14.5458464","n":"Oštarija pri Oljki","t":"0","c":"22","s":"3.2","d":"0","a":"70,60,61,104","l":"Šmartinska cesta 152, 1000 Ljubljana, Slovenia"}
,{"p":"oldscottishpub","x":"46.0625351","y":"14.5452561","n":"Old Scottish pub, BTC","t":"2","c":"113","s":"4.1","d":"0","a":"70,60,61,104","l":"BTC City, E, 1000 Ljubljana, Slovenia"}
,{"p":"marpurgislovenia","x":"46.5602278","y":"15.6480123","n":"Marpurgi","t":"2","c":"237","s":"4.4","d":"0","a":"70,60,61,104","l":"Grajski trg 3, 2000 Maribor, Slovenia"}
,{"p":"malibubarslovenia","x":"46.0369507","y":"14.5179122","n":"Malibu bar","t":"2","c":"75","s":"4.2","d":"0","a":"70,60,61,104","l":"Ob dolenjski železnici 12, 1000 Ljubljana, Slovenia"}
,{"p":"pizzeriaolivaljubljana","x":"46.047433","y":"14.545452","n":"Pizzeria Oliva","t":"0","c":"489","s":"4.2","d":"0","a":"70,60,61,104","l":"Litijska cesta 38, 1000 Ljubljana, Slovenia"}
,{"p":"lackovamlada","x":"46.5405871","y":"15.6073272","n":"Mlada Lipa-Picerija-Igralnica-Gostišče Marko Budja s.p.","t":"0","c":"229","s":"4.5","d":"0","a":"70,60,61,104","l":"Lackova cesta 76, 2000 Maribor, Slovenia"}
,{"p":"restavracijacity","x":"46.0682519","y":"14.5406711","n":"Restavracija City","t":"0","c":"10","s":"4.5","d":"0","a":"70,60,61,104","l":"Šmartinska cesta 140, 1000 Ljubljana, Slovenia"}
,{"p":"playaljubljana","x":"46.0625773","y":"14.544156","n":"Playa","t":"2","c":"296","s":"4.2","d":"0","a":"70,60,61,104","l":"1000 Ljubljana, Slovenia"}
,{"p":"rollbarindoor","x":"46.0657848","y":"14.5473324","n":"Rollbar Indoor Karting","t":"2","c":"63","s":"4.2","d":"0","a":"70,60,61,104","l":"Hala 18, Šmartinska cesta 152, 1000 Ljubljana, Slovenia"}
,{"p":"shakespearepub","x":"46.5615113","y":"15.6554712","n":"Shakespeare Pub","t":"2","c":"46","s":"4.4","d":"0","a":"70,60,61,104","l":"Cafova ulica 6, 2000 Maribor, Slovenia"}
,{"p":"skrnicrestavracija","x":"46.0637933","y":"14.5446182","n":"Škrniclj restavracija - Andrej Belovič s.p.","t":"0","c":"55","s":"4.6","d":"0","a":"70,60,61,104","l":"Šmartinska cesta 152, 1000 Ljubljana, Slovenia"}
,{"p":"sobaroom","x":"46.0672257","y":"14.543226","n":"SOBA ROOM","t":"2","c":"52","s":"4.3","d":"0","a":"70,60,61,104","l":"Trg mladih, 1000 Ljubljana, Slovenia"}
,{"p":"supporterspub","x":"46.5384933","y":"15.6046681","n":"Supporters Pub","t":"2","c":"71","s":"4.6","d":"0","a":"70,60,61,104","l":"Pohorska ulica 21a, 2000 Maribor, Slovenia"}
,{"p":"tamanorganic","x":"46.0524669","y":"14.5048737","n":"Taman Organic","t":"0","c":"141","s":"4.6","d":"0","a":"70,60,61,104","l":"Nazorjeva ulica 3, 1000 Ljubljana, Slovenia"}
,{"p":"tozdljubljana","x":"46.0472018","y":"14.5060707","n":"Tozd","t":"2","c":"517","s":"4.5","d":"0","a":"70,60,61,104","l":"1000, Gallusovo nabrežje 27, 1000 Ljubljana, Slovenia"}
,{"p":"trappapizzeriabar","x":"46.0341278","y":"14.4833585","n":"Trappa pizzeria-bar","t":"0","c":"138","s":"4.7","d":"0","a":"70,60,61,104","l":"Koprska ulica 94, 1000 Ljubljana, Slovenia"}
,{"p":"trappica","x":"46.047389","y":"14.5012829","n":"Trappica","t":"0","c":"6","s":"5.0","d":"0","a":"70,60,61,104","l":"Rimska cesta 6, 1000 Ljubljana, Slovenia"}
,{"p":"restavracijavilaajda","x":"46.364325","y":"14.105817","n":"Restavracija Vila Ajda Dax n apartma","t":"0","c":"287","s":"4.1","d":"0","a":"70,60,61,104","l":"Cesta svobode 27, 4260 Bled, Slovenia"}
,{"p":"wokfreshljubljana","x":"46.0616593","y":"14.5411761","n":"Wok Fresh","t":"0","c":"18","s":"4.8","d":"0","a":"70,60,61,104","l":"Letališka cesta 1, 1000 Ljubljana, Slovenia"}
,{"p":"kavarnaljubljana","x":"46.0648582","y":"14.5464708","n":"Kavarna Zvezda, BTC","t":"1","c":"603","s":"4.3","d":"0","a":"70,60,61,104","l":"Šmartinska cesta 152, 1000 Ljubljana, Slovenia"}
,{"p":"kavarnazvezda","x":"46.0504985","y":"14.5050256","n":"Kavarna Zvezda","t":"2","c":"947","s":"4.4","d":"0","a":"70,60,61,104","l":"Wolfova ulica 14, 1000 Ljubljana, Slovenia"}
,{"p":"1001darcitypark","x":"46.0668404","y":"14.5468034","n":"1001 dar, Citypark Ljubljana","t":"4","c":"2","s":"4.5","d":"0","a":"70,60,61,104","l":"Šmartinska cesta 152g, 1000 Ljubljana, Slovenia"}
,{"p":"1001darmercatorcenter","x":"46.0874803","y":"14.4758585","n":"1001 dar, Mercator center Ljubljana","t":"4","c":"9","s":"4.4","d":"0","a":"70,60,61,104","l":"Cesta Ljubljanske brigade 33, 1000 Ljubljana, Slovenia"}
,{"p":"1001darplavalaguna","x":"46.0646198","y":"14.5092914","n":"1001 dar, Plava laguna Ljubljana","t":"4","c":"22","s":"4.3","d":"0","a":"70,60,61,104","l":"Dunajska cesta 50, 1000 Ljubljana, Slovenia"}
,{"p":"1001dareuropark","x":"46.5544699","y":"15.6524458","n":"1001 dar, Europark Maribor","t":"4","c":"13","s":"4.5","d":"0","a":"70,60,61,104","l":"Pobreška cesta 18, 2000 Maribor, Slovenia"}
,{"p":"1001dardomzale","x":"46.1370541","y":"14.6007774","n":"1001 dar, Mercator center Domžale","t":"4","c":"0","s":"0.0","d":"0","a":"70,60,61,104","l":"Cesta talcev 4, 1230 Domžale, Slovenia"}
,{"p":"1001","x":"46.2412399","y":"15.2769304","n":"1001","t":"4","c":"14","s":"4.6","d":"0","a":"70,60,61,104","l":"Mariborska cesta 100, 3000 Celje, Slovenia"}
,{"p":"bazaarsmoking","x":"46.0521369","y":"14.5080506","n":"Bazaar Smoking shop Head-Grow","t":"4","c":"30","s":"4.6","d":"0","a":"70,60,61,104","l":"Trubarjeva cesta 16, 1000 Ljubljana, Slovenia"}
,{"p":"bazaarsmokingkranj","x":"46.2423143","y":"14.3567408","n":"Bazaar Smoking shop Head-Grow","t":"4","c":"5","s":"4.8","d":"0","a":"70,60,61,104","l":"Gregorčičeva ulica 6, 4000 Kranj, Slovenia"}
,{"p":"cebelarstvo","x":"46.0436518","y":"14.5807324","n":"Gregor Jere - Čebelarstvo, nosilec dopolnilne dejavnosti na kmetiji","t":"3","c":"0","s":"0.0","d":"0","a":"70,60,61,104","l":"Novo naselje 5b, 1261 LJUBLJANA-DOBRUNJE, Slovenia"}
,{"p":"espressoljubljana","x":"46.038777","y":"14.468615","n":"Espresso trgovina in gostinstvo","t":"2","c":"19","s":"5.0","d":"0","a":"70,60,61,104","l":"Fajfarjeva ulica 33, 1000 Ljubljana, Slovenia"}
,{"p":"estelatrgovsko","x":"46.0661856","y":"14.5443136","n":"Estela Trgovsko-Proizvodno Podjetje","t":"4","c":"32","s":"3.9","d":"0","a":"70,60,61,104","l":"Šmartinska cesta 152, 1000 Ljubljana, Slovenia"}
,{"p":"estelahairsalon","x":"46.5543954","y":"15.6524329","n":"Estela Hair Salon","t":"999","c":"51","s":"4.1","d":"0","a":"70,60,61,104","l":"Pobreška cesta 18, 2000 Maribor, Slovenia"}
,{"p":"fitnessshopbtc","x":"46.065644","y":"14.5435582","n":"Fitnesshop BTC","t":"4","c":"11","s":"4.8","d":"0","a":"70,60,61,104","l":"Šmartinska 152, 1000 Ljubljana, Slovenia"}
,{"p":"gudshopljubljana","x":"46.0481236","y":"14.5059977","n":"GUD Shop","t":"4","c":"41","s":"4.4","d":"0","a":"70,60,61,104","l":"Stari trg 4, 1000 Ljubljana, Slovenia"}
,{"p":"hoteltriglav","x":"46.3697263","y":"14.0837629","n":"Hotel Triglav Bled","t":"5","c":"195","s":"4.8","d":"0","a":"70,60,61,104","l":"33, Kolodvorska cesta, 4260 Bled, Slovenia"}
,{"p":"btccityljubljana","x":"46.067275","y":"14.54416","n":"BTC City Ljubljana","t":"4","c":"15456","s":"4.4","d":"0","a":"70,60,61,104","l":"Šmartinska cesta 152, 1000 Ljubljana, Slovenia"}
,{"p":"liupkabtc","x":"46.0661637","y":"14.5428172","n":"Liupka BTC - Sewing Shop","t":"4","c":"8","s":"4.5","d":"0","a":"70,60,61,104","l":"Šmartinska cesta 152, 1000 Ljubljana, Slovenia"}
,{"p":"vordordoo","x":"46.0657648","y":"14.5429426","n":"VORDOR","t":"4","c":"2","s":"5.0","d":"0","a":"70,60,61,104","l":"Šmartinska cesta 152, 1000 Ljubljana, Slovenia"}
,{"p":"gericomputer","x":"46.5361334","y":"15.6441945","n":"Geri computer","t":"4","c":"3","s":"5.0","d":"0","a":"70,60,61,104","l":"Jadranska cesta 27, 2000 Maribor, Slovenia"}
,{"p":"oopsboutique","x":"46.0515885","y":"14.503347","n":"OOOPS boutique","t":"4","c":"0","s":"0.0","d":"0","a":"70,60,61,104","l":"Slovenska cesta 30, 1000 Ljubljana, Slovenia"}
,{"p":"pivotekaza","x":"46.0480752","y":"14.5063834","n":"Pivoteka Za popent - Beer Store","t":"4","c":"41","s":"4.8","d":"0","a":"70,60,61,104","l":"Stari trg 5, 1000 Ljubljana, Slovenia"}
,{"p":"qvapehouse","x":"46.4212812","y":"15.8722118","n":"Q Vapehouse Ptuj - Premium Vape Shop","t":"4","c":"48","s":"4.9","d":"0","a":"70,60,61,104","l":"Slomškova ulica 9, 2250 Ptuj, Slovenia"}
,{"p":"qvapehouseljubljana","x":"46.056219","y":"14.508116","n":"Q Vapehouse Ljubljana Ena - Premium Vape Shop","t":"4","c":"37","s":"5.0","d":"0","a":"70,60,61,104","l":"Miklošičeva cesta 32, 1000 Ljubljana, Slovenia"}
,{"p":"qvapemurska","x":"46.6610827","y":"16.160796","n":"Q Vapehouse Murska Sobota - Premium Vape Shop","t":"4","c":"32","s":"4.8","d":"0","a":"70,60,61,104","l":"Ulica Štefana Kovača 24, 9000 Murska Sobota, Slovenia"}
,{"p":"qvapemaribor","x":"46.560242","y":"15.6491076","n":"Q Vapehouse Maribor Ena - Premium Vape Shop","t":"4","c":"61","s":"4.8","d":"0","a":"70,60,61,104","l":"Trg svobode 5, 2000 Maribor, Slovenia"}
,{"p":"qvapemaribor2","x":"46.545526","y":"15.6434391","n":"Q Vapehouse Maribor Dva - Premium Vape Shop","t":"4","c":"98","s":"4.8","d":"0","a":"70,60,61,104","l":"Ljubljanska ulica 42, 2000 Maribor, Slovenia"}
,{"p":"senaflora","x":"46.0521835","y":"14.5082673","n":"Sena Flora, trgovina in proizvodnja","t":"999","c":"0","s":"0.0","d":"0","a":"70,60,61,104","l":"Trubarjeva cesta 18, 1000 Ljubljana, Slovenia"}
,{"p":"sensilabmisli","x":"46.0682176","y":"14.5461394","n":"Sensilab - Misli zdravo -  Vitamin n Supplement","t":"4","c":"0","s":"0.0","d":"0","a":"70,60,61,104","l":"152G, Citypark, nakupovalno središče Ljubljane, Šmartinska, 1000 Ljubljana, Slovenia"}
,{"p":"slovenskalocalmade","x":"46.5602771","y":"15.6463916","n":"Slovenska - local made","t":"4","c":"0","s":"0.0","d":"0","a":"70,60,61,104","l":"Slovenska ulica 13, 2000 Maribor, Slovenia"}
,{"p":"tattoopiercingstudio","x":"46.064298","y":"14.545233","n":"Tattoo n Piercing Studio CULT (BTC City, hala 5, Tangram)","t":"999","c":"51","s":"4.5","d":"0","a":"70,60,61,104","l":"Šmartinska 152, 1000 Ljubljana, Slovenia"}
,{"p":"engrotuspodjetje","x":"46.0646914","y":"14.5525824","n":"Engrotuš podjetje za trgovino, d.d., poslovna enota drogerija Tuš","t":"3","c":"73","s":"4.2","d":"0","a":"70,60,61,104","l":"Bratislavska cesta 9, 1000 Ljubljana, Slovenia"}
,{"p":"planettuskranj","x":"46.236656","y":"14.3733715","n":"Planet Tuš Kranj","t":"3","c":"133","s":"4.2","d":"0","a":"70,60,61,104","l":"Tuš hipermarket Planet Kranj, Cesta Jaka Platiše 18, 4000 Kranj, Slovenia"}
,{"p":"tokoproizvodnja","x":"45.5398373","y":"13.7352096","n":"Toko proizvodnja in prodaja usnjene galanterije, poslovna enota Toko planet Tuš Koper","t":"3","c":"61","s":"4.1","d":"0","a":"70,60,61,104","l":"Ankaranska cesta 2, 6000 Koper - Capodistria, Slovenia"}
,{"p":"tussupermarketradvanje","x":"46.5346816","y":"15.6216855","n":"Tuš supermarket Radvanje Maribor","t":"3","c":"238","s":"4.2","d":"0","a":"70,60,61,104","l":"Streliška cesta 24, 2000 Maribor, Slovenia"}
,{"p":"tushipermarketmaribor","x":"46.5477619","y":"15.6744379","n":"Tuš hipermarket Pobrežje Maribor","t":"3","c":"369","s":"4.0","d":"0","a":"70,60,61,104","l":"Ulica Veljka Vlahoviča 21, 2000 Maribor, Slovenia"}
,{"p":"planettusyelje","x":"46.2434388","y":"15.2782233","n":"Planet Tuš Celje","t":"3","c":"2031","s":"4.3","d":"0","a":"70,60,61,104","l":"Mariborska cesta 128, 3000 Celje, Slovenia"}
,{"p":"tussupermarketbakovska","x":"46.644211","y":"16.1671098","n":"Tuš supermarket Bakovska Murska Sobota","t":"3","c":"264","s":"4.3","d":"0","a":"70,60,61,104","l":"Bakovska ulica 31a, 9000 Murska Sobota, Slovenia"}
,{"p":"planetnovomesto","x":"45.8026253","y":"15.1600566","n":"Tuš supermarket Planet Novo mesto","t":"3","c":"273","s":"4.1","d":"0","a":"70,60,61,104","l":"Topliška cesta 2, 8000 Novo mesto, Slovenia"}
,{"p":"engrotusslovenia","x":"45.9518072","y":"14.6616686","n":"Engrotuš podjetje za trgovino, PE Tuš drogerija Grosuplje","t":"3","c":"303","s":"3.8","d":"0","a":"70,60,61,104","l":"Gasilska Cesta 1, 1290 Grosuplje, Slovenia"}
,{"p":"supermarketmenges","x":"46.1566499","y":"14.569292","n":"Tuš supermarket Mengeš","t":"3","c":"341","s":"3.9","d":"0","a":"70,60,61,104","l":"Slovenska cesta 85, 1234 Mengeš, Slovenia"}
,{"p":"hipermarketmaribor","x":"46.5524907","y":"15.6279045","n":"Tuš hipermarket Planet Maribor","t":"3","c":"859","s":"4.1","d":"0","a":"70,60,61,104","l":"Na Poljanah 18, 2000 Maribor, Slovenia"}
,{"p":"tussupermarketrace","x":"46.4526841","y":"15.6752764","n":"Tuš Supermarket","t":"3","c":"185","s":"4.5","d":"0","a":"70,60,61,104","l":"Ljubljanska cesta 13, 2327 Rače, Slovenia"}
,{"p":"tussupermarketszena","x":"45.7044981","y":"13.8610374","n":"Tuš supermarket Sežana","t":"3","c":"637","s":"4.1","d":"0","a":"70,60,61,104","l":"Partizanska cesta 71, 6210 Sežana, Slovenia"}
,{"p":"tussuperzalec","x":"46.2559635","y":"15.1605131","n":"Tuš supermarket Žalec","t":"3","c":"196","s":"4.3","d":"0","a":"70,60,61,104","l":"Ulica heroja Staneta 8, 3310 Žalec, Slovenia"}
,{"p":"vapeonshop","x":"46.0523442","y":"14.5118833","n":"VAPE ON SHOP","t":"4","c":"90","s":"4.8","d":"0","a":"70,60,61,104","l":"Trubarjeva cesta 46, 1000 Ljubljana, Slovenia"}
,{"p":"houseofdreamingbooks","x":"46.0525759","y":"14.5096391","n":"Hiša sanjajočih knjig, House of Dreaming Books","t":"4","c":"36","s":"4.7","d":"0","a":"70,60,61,104","l":"Trubarjeva cesta 29, 1000 Ljubljana, Slovenia"}
,{"p":"zalozbasanje","x":"46.0650381","y":"14.5567905","n":"Založba Sanje, d.o.o., Sanje Publishing, Ltd","t":"4","c":"2","s":"5.0","d":"0","a":"70,60,61,104","l":"Leskoškova cesta 12, 1000 Ljubljana, Slovenia"}
,{"p":"quicksilverstore","x":"46.0487707","y":"14.5062151","n":"Quicksilver Store","t":"4","c":"18","s":"3.9","d":"0","a":"70,60,61,104","l":"17, Mestni trg 16, 1000 Ljubljana, Slovenia"}
,{"p":"Sportinaclothing","x":"46.0682176","y":"14.5461394","n":"Sportina - Clothing Store","t":"4","c":"5","s":"4.0","d":"0","a":"70,60,61,104","l":"Šmartinska cesta 152g, 1000 Ljubljana, Slovenia"}
,{"p":"marellagallery","x":"46.0519756","y":"14.5066408","n":"Marella Gallery Store Emporium","t":"4","c":"0","s":"0.0","d":"0","a":"70,60,61,104","l":"Prešernov trg 5a, 1000 Ljubljana, Slovenia"}
,{"p":"morrosartoriale","x":"46.0666486","y":"14.5411923","n":"MORRO SARTORIALE LJUBLJANA","t":"4","c":"3","s":"5.0","d":"0","a":"70,60,61,104","l":"Ameriška ulica 8, 1000 Ljubljana, Slovenia"}
,{"p":"karinzatrgovino","x":"46.0243932","y":"14.4139576","n":"Karin podjetje za trgovino, storitve in zastopanje, d.o.o., Ljubljana-Brezovica, Tržaška 438","t":"3","c":"3","s":"5.0","d":"0","a":"70,60,61,104","l":"Tržaška cesta 438, 1351 Brezovica pri Ljubljani, Slovenia"}
,{"p":"peakperformancegeneralstore","x":"46.0484196","y":"14.5061297","n":"Peak Performance General Store Ljubljana","t":"3","c":"12","s":"4.6","d":"0","a":"70,60,61,104","l":"Stari trg 1, 1000 Ljubljana, Slovenia"}
,{"p":"polypopljubljana","x":"46.0540288","y":"14.5036553","n":"Polypop","t":"3","c":"7","s":"5.0","d":"0","a":"70,60,61,104","l":"Puharjeva ulica 3, 1000 Ljubljana, Slovenia"}
,{"p":"garderobacustomshirts","x":"46.065844","y":"14.5496041","n":"GARDEROBA - Custom T-Shirts","t":"3","c":"9","s":"4.7","d":"0","a":"70,60,61,104","l":"Šmartinska cesta 152, 1000 Ljubljana, Slovenia"}
,{"p":"kartjaprodoo","x":"46.0654589","y":"14.5098268","n":"Katja-Pro d.o.o., trgovsko podjetje","t":"3","c":"2","s":"5.0","d":"0","a":"70,60,61,104","l":"Dunajska cesta 56, 1000 Ljubljana, Slovenia"}
,{"p":"frutasunderwear","x":"46.0489842","y":"14.5058362","n":"Frutas - Underwear","t":"4","c":"3","s":"5.0","d":"0","a":"70,60,61,104","l":"Cankarjevo nabrežje 25, 1000 Ljubljana, Slovenia"}
,{"p":"skaptobara","x":"42.699675","y":"23.32657","n":"Skaptobara","t":"0","c":"1635","s":"4.5","d":"0","a":"60,61,59,104","l":"ul. Iskar 11А, 1000 Sofia Center, Sofia, Bulgaria"}
,{"p":"planinetshut","x":"42.6241755","y":"23.2398774","n":"хижа Планинец - Planinets Hut","t":"5","c":"169","s":"4.1","d":"0","a":"163,90,104,104","l":"Парк Витоша, местност Сврачара, 1616 Sofia, Bulgaria"}
,{"p":"salzkeller","x":"46.844933","y":"9.506379","n":"SalzKeller - Medical Floating Spa Chur","t":"999","c":"25","s":"5.0","d":"0","a":"60,61,59,104","l":"Triststrasse 8, 7000 Chur, Switzerland"}
,{"p":"greenpack","x":"47.484151","y":"9.088154","n":"Greenpack.ch GmbH Growshop","t":"4","c":"3","s":"4.0","d":"0","a":"60,61,59,104","l":"Hasenloo 881, 9514 Wuppenau, Switzerland"}
,{"p":"mimatraiteur","x":"48.6807926","y":"2.5025884","n":"Mima Traiteur - Catering","t":"1","c":"0","s":"0.0","d":"0","a":"60,61,59,104","l":"mima-traiteur.fr"}
,{"p":"belmobile","x":"50.8627797","y":"4.3424214","n":"Belmobile.be - Rachat et Réparation smartphone Bruxelles, tablette, GSM, Iphone","t":"4","c":"95","s":"4.8","d":"0","a":"60,61,59,104","l":"Rue Ulens 88, 1080 Molenbeek-Saint-Jean, Belgium"}
,{"p":"barbaluppo","x":"42.762447","y":"11.1136787","n":"Il Barbaluppolo","t":"2","c":"4","s":"5.0","d":"0","a":"60,61,59,104","l":"Via Aurelio Saffi, 7, 58100 Grosseto GR, Italy"}
,{"p":"lacasinadialice","x":"43.543127","y":"10.313984","n":"Ristorante La Casina di Alice","t":"0","c":"242","s":"4.5","d":"0","a":"60,61,59,104","l":"Via Leonardo Cambini, 14, 57125 Livorno LI, Italy"}
,{"p":"eticoh","x":"44.0480737","y":"8.2142382","n":"Eticoh • Soul food lab","t":"0","c":"68","s":"4.5","d":"0","a":"60,61,59,104","l":"Piazza Domenico Trincheri, 7, 17031 Albenga SV, Italy"}
,{"p":"seapalaca","x":"44.0479738","y":"8.213205","n":"Suite n breakfast \"at the Sea Palace\"","t":"5","c":"18","s":"4.5","d":"0","a":"60,61,59,104","l":"Vico SantEulalia, 5, 17031 Albenga SV, Italy"}
,{"p":"hotelraphael","x":"41.8999364","y":"12.4720937","n":"Hotel Raphaël - 5 Star","t":"5","c":"179","s":"4.5","d":"0","a":"60,61,59,104","l":"Largo Febo, 2, 00186 Roma RM, Italy"}
,{"p":"materterrae","x":"41.8999912","y":"12.4721365","n":"Mater Terrae - Haute Cuisine","t":"0","c":"24","s":"4.5","d":"0","a":"60,61,59,104","l":"Largo Febo, 2, 00186 Roma RM, Italy"}
,{"p":"albergodolomiti","x":"46.5862428","y":"12.2537171","n":"L’Albergo Dolomiti Des Alpes","t":"5","c":"149","s":"4.3","d":"0","a":"163,104,104,104","l":"Via Monte Piana, 26, 32041 Auronzo di Cadore BL, Italy"}
,{"p":"veganbeat","x":"37.9753112","y":"23.7284616","n":"Vegan Beat","t":"0","c":"234","s":"4.9","d":"0","a":"60,61,59,104","l":"Pandrosou 7-15, Athina 105 56, Greece"}
,{"p":"limebistrot","x":"37.977341","y":"23.710073","n":"Lime Bistro (vegan n gluten free restaurant)","t":"0","c":"361","s":"4.3","d":"0","a":"60,61,59,104","l":"Dekeleon 23, Athina 118 54, Greece"}
,{"p":"foreverars","x":"56.7984796","y":"9.5181936","n":"Forever Aars","t":"4","c":"1","s":"5.0","d":"0","a":"60,61,59,104","l":"Kærvej 91, 9600 Aars, Denmark"}
,{"p":"imania","x":"57.048735","y":"9.9175039","n":"iMania.dk - Electronics repair","t":"4","c":"14","s":"4.8","d":"0","a":"60,61,59,104","l":"Gravensgade 9, 9000 Aalborg, Denmark"}
,{"p":"lagaiphone","x":"57.6994362","y":"11.9787175","n":"Lagaiphone.se Göteborg - Phone repait","t":"4","c":"77","s":"4.4","d":"0","a":"60,61,59,104","l":"Engelbrektsgatan 34B, 411 37 Göteborg, Sweden"}
,{"p":"inetringoen","x":"57.7207122","y":"11.9660384","n":"Inet Ringön - Computer","t":"4","c":"630","s":"4.5","d":"0","a":"60,61,59,104","l":"Ringögatan 5, 417 07 Göteborg, Sweden"}
,{"p":"christers","x":"57.7054787","y":"11.9712935","n":"Christers hair salon","t":"999","c":"63","s":"4.6","d":"0","a":"60,61,59,104","l":"Östra Larmgatan 11, 411 08 Göteborg, Sweden"}
,{"p":"webhallen","x":"57.652014","y":"11.9121268","n":"Webhallen Computer","t":"4","c":"143","s":"4.3","d":"0","a":"60,61,59,104","l":"Frölunda torg 2, 421 42 Göteborg, Sweden"}
,{"p":"inetsisjon","x":"57.6408998","y":"11.9470596","n":"Inet Sisjön Computer","t":"4","c":"724","s":"4.5","d":"0","a":"60,61,59,104","l":"Stora Åvägen 7, 436 34 Askim, Sweden"}
,{"p":"webhallen2","x":"57.6406091","y":"11.9502108","n":"Webhallen Computer","t":"4","c":"213","s":"4.4","d":"0","a":"60,61,59,104","l":"Sisjövägen 45, 436 33 Göteborg, Sweden"}
,{"p":"inethoetorget","x":"59.334736","y":"18.0639959","n":"Inet Hötorget Computer","t":"4","c":"454","s":"4.5","d":"0","a":"60,61,59,104","l":"Sveavägen 17, 111 57 Stockholm, Sweden"}
,{"p":"inetbarbarby","x":"59.4123769","y":"17.8636007","n":"Inet Barkarby","t":"4","c":"202","s":"4.4","d":"0","a":"60,61,59,104","l":"Barkarbyvägen 33, 177 44 Järfälla, Sweden"}
,{"p":"webhallen3","x":"59.4938268","y":"17.924458","n":"Webhallen","t":"4","c":"875","s":"4.5","d":"0","a":"60,61,59,104","l":"Bergkällavägen 26, 192 79 Sollentuna, Sweden"}
,{"p":"inetmalmoe","x":"55.602473","y":"13.0025923","n":"Inet Malmö Computer","t":"4","c":"494","s":"4.5","d":"0","a":"60,61,59,104","l":"Lilla Nygatan 7, 211 38 Malmö, Sweden"}
,{"p":"kafekamen","x":"50.088495","y":"14.396196","n":"Kafe U Zelených kamen","t":"2","c":"229","s":"4.8","d":"0","a":"60,61,59,104","l":"Úvoz 1-169-6, 118 00 Praha 1-Malá Strana, Czechia"}
,{"p":"sklep","x":"50.134725","y":"19.640651","n":"Sklep Internetowy KomBo Computer","t":"4","c":"1","s":"2.0","d":"0","a":"60,61,59,104","l":"Długa 14, 32-065 Krzeszowice, Poland"}
,{"p":"paralelna","x":"48.1597829","y":"17.1234214","n":"Paralelná Polis","t":"2","c":"72","s":"4.8","d":"0","a":"60,61,59,104","l":"Kominárska 1552-3c, 831 04 Bratislava, Slovakia"}
,{"p":"doblo","x":"47.4980988","y":"19.0609816","n":"DOBLO Wine Bar and Shop","t":"2","c":"778","s":"4.6","d":"0","a":"60,61,59,104","l":"Budapest, Dob u. 20, 1072 Hungary"}
,{"p":"brewdogbudapest","x":"47.4981464","y":"19.0554914","n":"BrewDog Budapest","t":"2","c":"305","s":"4.1","d":"0","a":"60,61,59,104","l":"Budapest, Anker köz 1-3, 1061 Hungary"}
,{"p":"oldshepherd","x":"46.7704109","y":"23.5882721","n":"Old Shepherd","t":"2","c":"575","s":"4.6","d":"0","a":"60,61,59,104","l":"Strada Matei Corvin Nr 2, Cluj-Napoca 400000, Romania"}
,{"p":"marleytattoopiercing","x":"45.2279706","y":"13.5980969","n":"Marley Tattoo and Piercing Studio","t":"999","c":"80","s":"4.3","d":"0","a":"22,23,104,104","l":"ul. Park Olge Ban, 52440, Poreč, Croatia"}
,{"p":"kavanabar","x":"45.3244234","y":"14.4414565","n":"GRAD kavana-bar","t":"2","c":"320","s":"4.6","d":"0","a":"70,60,61,104","l":"Ul. Riva Boduli 7b, 51000, Rijeka, Croatia"}
,{"p":"designhotel","x":"45.3557831","y":"14.3270922","n":"Design hotel i restoran Navis","t":"5","c":"395","s":"4.6","d":"0","a":"60,61,59,104","l":"Ul. Ivana Matetića Ronjgova 10, 51410, Opatija, Croatia"}
,{"p":"gradkavana","x":"45.3244234","y":"14.4414565","n":"GRAD kavana-bar","t":"2","c":"320","s":"4.6","d":"0","a":"60,61,59,104","l":"Ul. Riva Boduli 7b, 51000, Rijeka, Croatia"}
,{"p":"ostoja","x":"53.7709277","y":"22.6237117","n":"Ostoja Stacze Domki Letniskowe - 3 Star","t":"5","c":"29","s":"4.8","d":"0","a":"60,61,59,104","l":"Stacze, 19-314 Stacze, Poland"}
,{"p":"taisykla","x":"54.644168","y":"25.048549","n":"MB Elektronikos Taisykla - efix.it","t":"4","c":"15","s":"5.0","d":"0","a":"60,61,59,104","l":"Geležinkelio g. 34, Lentvaris 25116, Lithuania"}
,{"p":"unitedcolors","x":"54.7143335","y":"25.2741592","n":"United colors of Benetton","t":"4","c":"1","s":"5.0","d":"0","a":"60,61,59,104","l":"Ozo g. 18, Vilnius 08243, Lithuania"}
,{"p":"sothys","x":"54.6899893","y":"25.2759129","n":"SOTHYS ir MAHLER atstovybė IR SOTHYS Vilnius grožio namai","t":"4","c":"1","s":"5.0","d":"0","a":"60,61,59,104","l":"A. Jakšto g. 8, Vilnius 01105, Lithuania"}
,{"p":"townrestaurant","x":"54.6877212","y":"25.2758431","n":"The Town Restaurant","t":"0","c":"387","s":"4.6","d":"0","a":"60,61,59,104","l":"01104, Gedimino pr. 26, Vilnius 01104, Lithuania"}
,{"p":"unitedcolors2","x":"54.6865325","y":"25.2836481","n":"United Colors of Benetton","t":"4","c":"46","s":"4.3","d":"0","a":"60,61,59,104","l":"Gedimino pr. 5a, Vilnius 01103, Lithuania"}
,{"p":"bardakas","x":"54.6842742","y":"25.2795346","n":"Bardakas","t":"2","c":"826","s":"4.2","d":"0","a":"60,61,59,104","l":"Vilniaus gatvė 22, Vilnius, Vilniaus apskritis, Vilnius 01402, Lithuania"}
,{"p":"borsch","x":"54.6807258","y":"25.2698311","n":"Borsch","t":"0","c":"662","s":"4.4","d":"0","a":"60,61,59,104","l":"Algirdo g. 5, Vilnius 03219, Lithuania"}
,{"p":"capsule","x":"54.6777304","y":"25.2828928","n":"Capsule Style Room","t":"4","c":"5","s":"5.0","d":"0","a":"60,61,59,104","l":"Šiaulių g. 5, Vilnius 01133, Lithuania"}
,{"p":"oldtaunas","x":"54.67643","y":"25.284621","n":"Oldtaunas - Strip Club","t":"2","c":"50","s":"4.4","d":"0","a":"60,61,59,104","l":"Rūdninkų g. 14, Vilnius 01135, Lithuania"}
,{"p":"firmvilnius","x":"54.6756876","y":"25.2848572","n":"Firm Vilnius","t":"999","c":"89","s":"4.6","d":"0","a":"60,61,59,104","l":"Visų Šventųjų g. 5, Vilnius 01306, Lithuania"}
,{"p":"gaspars","x":"54.6785681","y":"25.2780131","n":"Gaspars","t":"0","c":"411","s":"4.7","d":"0","a":"60,61,59,104","l":"Pylimo g. 23, Vilnius 01141, Lithuania"}
,{"p":"zenoteca","x":"54.6810082","y":"25.2993709","n":"Zenoteca, Itališko vyno namai","t":"4","c":"17","s":"4.9","d":"0","a":"60,61,59,104","l":"Užupio g. 25, Vilnius 01202, Lithuania"}
,{"p":"kolekcija","x":"54.6802167","y":"25.2939073","n":"Kolekcija","t":"4","c":"8","s":"5.0","d":"0","a":"60,61,59,104","l":"Užupio g. 7-2, Vilnius 01200, Lithuania"}
,{"p":"oneforall","x":"54.6805365","y":"25.2949025","n":"One for All","t":"0","c":"349","s":"4.5","d":"0","a":"60,61,59,104","l":"Užupio g. 10, Vilnius 01200, Lithuania"}
,{"p":"crankshop","x":"54.6732649","y":"25.277415","n":"Crank Shop - Clothing","t":"4","c":"31","s":"3.9","d":"0","a":"60,61,59,104","l":"Kauno g. 5, Vilnius 03215, Lithuania"}
,{"p":"paneevino","x":"54.6806493","y":"25.2963554","n":"Pane e Vino","t":"0","c":"22","s":"4.4","d":"0","a":"59,104,104,104","l":"Užupio g. 13, Vilnius 01202, Lituania"}
,{"p":"steakforbreak","x":"54.717939","y":"25.29968","n":"Steak For Break","t":"0","c":"72","s":"4.5","d":"0","a":"59,104,104,104","l":"Kareivių g. 11B, Vilnius 09109, Lituania"}
,{"p":"apgerbi","x":"56.2059966","y":"25.3036956","n":"DGS Apģērbi - Second Hand","t":"4","c":"0","s":"0.0","d":"0","a":"60,61,59,104","l":"Pasta iela 30, Nereta, Neretas pagasts, LV-5118, Latvia"}
,{"p":"eirovins","x":"57.5389741","y":"25.4233329","n":"EIROVĪNS, Vīnu Lielveikals - WINE","t":"4","c":"1","s":"4.0","d":"0","a":"60,61,59,104","l":"Rīgas iela 4, Valmiera, LV-4201, Latvia"}
,{"p":"givirubinstein","x":"50.4242183","y":"30.5417788","n":"Givi Rubinstein - Гіві Рубінштейн","t":"0","c":"640","s":"4.5","d":"0","a":"59,104,104,104","l":"Yevhena Konovaltsia St, 44, Kyiv, Ucraine, 01133"}
,{"p":"ts","x":"50.4547261","y":"30.4606911","n":"TS кофейня","t":"2","c":"10","s":"4.9","d":"0","a":"59,104,104,104","l":"Bohdana Havrylyshyna St, 7, Kyiv, Ucraine, 04116"}
,{"p":"katyusha","x":"50.4335826","y":"30.5157092","n":"Katyusha - Варенична Катюша","t":"0","c":"1643","s":"4.0","d":"0","a":"59,104,104,104","l":"Velyka Vasylkivska St, 60, Kyiv, Ucraine, 02000"}
,{"p":"KatyushaVarenichnaya","x":"50.4428781","y":"30.5476193","n":"Katyusha Varenichnaya","t":"0","c":"1956","s":"3.7","d":"0","a":"59,104,104,104","l":"вулиця Мазепы , 5а, Київ, 0, Kyiv, Ucraine, 01015"}
,{"p":"bbq","x":"50.5078804","y":"30.7942794","n":"BBQ","t":"0","c":"178","s":"4.1","d":"0","a":"59,104,104,104","l":"Haharina St, 28, Brovary, Kyivska oblast, Ucraine, 07402"}
,{"p":"mistertwister","x":"50.3679289","y":"30.4584454","n":"Mister Twister, Містер Твістер ","t":"0","c":"420","s":"4.4","d":"0","a":"59,104,104,104","l":"Akademika Hlushkova Ave, 13Б, Kyiv, Ucraine, 02000"}
,{"p":"pestocafe1","x":"50.4364887","y":"30.592804","n":"Pesto Cafe - Rusanivska Embankment","t":"0","c":"1422","s":"4.3","d":"0","a":"59,14,109,104","l":"Rusanivska Embankment, 8, Kyiv, Ucraine, 02000"}
,{"p":"pestocafe2","x":"50.4566893","y":"30.365129","n":"Pesto Cafe - VMB Shopping Mall","t":"0","c":"1919","s":"4.3","d":"0","a":"59,14,109,104","l":"Peremohy Ave, 136, Kyiv, Ucraine, 03115"}
,{"p":"pestocafe3","x":"50.5085288","y":"30.5064802","n":"Pesto Cafe - Heroiv Stalinhrada","t":"0","c":"1109","s":"4.4","d":"0","a":"59,14,109,104","l":"Heroiv Stalinhrada Ave, 27, Kyiv, Ucraine, 02000"}
,{"p":"pestocafe4","x":"50.4495983","y":"30.5259633","n":"Pesto Cafe - Instytutska","t":"0","c":"1047","s":"4.3","d":"0","a":"59,14,109,104","l":"Instytutska St, 2, Kyiv, Ucraine, 02000"}
,{"p":"pestocafe5","x":"50.4077881","y":"30.6227459","n":"Pesto Cafe - Anny Akhmatovoi","t":"0","c":"1279","s":"4.4","d":"0","a":"59,14,109,104","l":"Anny Akhmatovoi St, 30, Kyiv, Ucraine, 02000"}
,{"p":"pestocafe6","x":"50.4227216","y":"30.4643664","n":"Pesto Cafe - Lobanovskyi","t":"0","c":"507","s":"4.1","d":"0","a":"59,14,109,104","l":"Lobanovskyi Ave, 4д, Kyiv, Ucraine, 02000"}
,{"p":"pestocafe7","x":"50.4451725","y":"30.4439262","n":"Pesto cafe - ТЦ Аркадия - Borshchahivska","t":"0","c":"1181","s":"4.4","d":"0","a":"59,14,109,104","l":"ТЦ Аркадия, Borshchahivska St, 154, 2 этаж, Kyiv, Ucraine, 03056"}
,{"p":"pestocafe8","x":"50.4862353","y":"30.519432","n":"Pesto Cafe - Stepana Bandery","t":"0","c":"408","s":"4.5","d":"0","a":"59,14,109,104","l":"Stepana Bandery Avenue, 34В, Kyiv, Ucraine, 04655"}
,{"p":"pestocafe9","x":"50.3989969","y":"30.617117","n":"Pesto Cafe - Песто Кафе - Dniprovska Embankment","t":"0","c":"889","s":"4.4","d":"0","a":"59,14,109,104","l":"Dniprovska Embankment, 33, Kyiv, Ucraine, 02000"}
,{"p":"pestocafe10","x":"50.5046665","y":"30.4374407","n":"Pesto Cafe - ТЦ Орнамент, Pravdy Ave","t":"0","c":"1277","s":"4.4","d":"0","a":"59,14,109,104","l":"ТЦ Орнамент, Pravdy Ave, 58А, 2 этаж, Kyiv, Ucraine, 04074"}
,{"p":"pestocafe11","x":"50.4292674","y":"30.3573478","n":"Pesto Cafe - Velyka Okruzhna Doroha","t":"0","c":"302","s":"4.7","d":"0","a":"59,14,109,104","l":"Velyka Okruzhna Doroha, 4, Petropavlivska Borshchahivka, Kyivska oblast, Ucraine, 08130"}
,{"p":"pestocafe12","x":"50.4714132","y":"30.4778732","n":"Pesto Cafe - Tts Promenada Tsentr","t":"0","c":"255","s":"4.5","d":"0","a":"59,14,109,104","l":"Tts Promenada Tsentr, Ovrutska St, Kyiv, Ucraine, 04107"}
,{"p":"perfettograno","x":"50.466163","y":"30.357296","n":"Perfetto Grano","t":"0","c":"1","s":"5.0","d":"0","a":"59,104,104,104","l":"Akademika Palladina Ave, 32-34, Kyiv, Ucraine, 02000"}
,{"p":"bryusli","x":"50.437454","y":"30.500891","n":"Bruce Lee - Bryus Li - Брюс Лі ","t":"0","c":"401","s":"3.9","d":"0","a":"59,104,104,104","l":"Zhylianska St, 55, Kyiv, Ucraine, 01032"}
,{"p":"kitsch","x":"54.6803388","y":"25.2935636","n":"Kitsch Restaurant Gallery","t":"0","c":"108","s":"4.7","d":"0","a":"59,61,104,104","l":"Užupio g. 4, Vilnius 01200, Lituania"}
,{"p":"thetownsteakhouse","x":"54.6877212","y":"25.2758431","n":"The Town Restaurant - Town Steakhouse","t":"0","c":"413","s":"4.6","d":"0","a":"59,104,104,104","l":"01104, Gedimino pr. 26, Vilnius 01104, Lituania"}
,{"p":"licateum","x":"54.6788463","y":"25.2772906","n":"De Licateum shop","t":"3","c":"10","s":"5.0","d":"0","a":"59,104,104,104","l":"Pylimo g. 19, Vilnius 01141, Lituania"}
,{"p":"varenychnakatyusha","x":"50.44287","y":"30.5214412","n":"Varenychna Katyusha - Варенична Катюша","t":"0","c":"2267","s":"4.2","d":"0","a":"59,104,104,104","l":"Khreschatyk St, 29-1, Kyiv, Ucraine, 02000"}
,{"p":"3bcafe","x":"50.4666321","y":"30.5157119","n":"3B Cafe","t":"0","c":"3862","s":"4.4","d":"0","a":"59,104,104,104","l":"Khoryva St, 23, Kyiv, Ucraine, 04071"}
,{"p":"sugarcoffeebar","x":"50.4509591","y":"30.5226018","n":"_sugar_coffeebar","t":"2","c":"6","s":"5.0","d":"0","a":"59,104,104,104","l":"м, Maidan Nezalezhnosti, 1, Kyiv, Ucraine, 02000"}
,{"p":"chateaurobertdoms","x":"50.448281","y":"30.522007","n":"Chateau Robert Doms","t":"2","c":"2210","s":"4.2","d":"0","a":"59,104,104,104","l":"Khreschatyk St, 24, Kyiv, Ucraine, 01000"}
,{"p":"iconbar","x":"50.407705","y":"30.6079986","n":"IconBar","t":"0","c":"29","s":"4.7","d":"0","a":"59,104,104,104","l":"Днепровская набережная 21 А, Kyiv, Ucraine, 02000"}
,{"p":"unitcafe","x":"50.4688082","y":"30.4629056","n":"UNIT Cafe","t":"2","c":"270","s":"4.5","d":"0","a":"59,104,104,104","l":"Dorohozhytska St, 3, Kyiv, Ucraine, 04119"}
,{"p":"kanareyka","x":"50.4576989","y":"30.4877529","n":"Kanareyka - Канарейка","t":"0","c":"569","s":"4.5","d":"0","a":"59,104,104,104","l":"Sichovykh Striltsiv St, 76, Kyiv, Ucraine, 04050"}
,{"p":"taygerpizzabar","x":"50.4516311","y":"30.4442428","n":"Tayger Pizza Bar - Тайгер Піца Бар","t":"0","c":"4182","s":"4.0","d":"0","a":"59,104,104,104","l":"Vadyma Hetmana St, 4, Kyiv, Ucraine, 02000"}
,{"p":"barlira","x":"42.063417","y":"19.5073062","n":"Bar Lira","t":"2","c":"6","s":"4.3","d":"0","a":"29,32,104,104","l":"Bulevardi Zogu I Pare, Shkodër 4001, Albania"}
,{"p":"desmarsuepermarket","x":"41.0186312","y":"28.9462233","n":"سوبر ماركت تركي عربي Desmar Süpermarket","t":"3","c":"6","s":"4.3","d":"0","a":"4,17,114,115","l":"Akşemsettin, Sarıgüzel Cd. No:61, 34080 Fatih-İstanbul, Turkey"}
,{"p":"olabicoffee","x":"37.069148","y":"37.367908","n":"olabi coffee","t":"2","c":"228","s":"4.2","d":"0","a":"60,61,59,104","l":"İncili Pınar Mahallesi, Gazi Muhtar Paşa Blv. No:24, 27090 Şehitkamil-Gaziantep, Turkey"}
,{"p":"arsamiea","x":"40.9828934","y":"29.0716654","n":"Arsamiea Çiğköfte (Merdivenköy Mah.)","t":"0","c":"0","s":"0.0","d":"0","a":"59,104,104,104","l":"Merdivenköy mah. Şair arşi cad, Hamle Sk. No:2, 34732 Kadıköy, Turkey"}
,{"p":"hoeksfish","x":"53.1763549","y":"5.4140672","n":"Hoeks Fish n Food in 360","t":"0","c":"0","s":"0.0","d":"0","a":"59,104,104,104","l":"Waddenpromenade 3, 8861 NT Harlingen, Netherlands"}
,{"p":"downtherabbithole","x":"35.897482","y":"14.489838","n":"Down The Rabbit Hole","t":"2","c":"129","s":"4.7","d":"0","a":"59,104,104,104","l":"64 Triq Rue DArgens, L-Imsida, Malta"}
,{"p":"kaufdahoam","x":"7.9182987","y":"13.7990771","n":"kaufdahoam.at OG","t":"3","c":"9","s":"4.9","d":"0","a":"59,104,104,104","l":"Theatergasse 6, 4810 Gmunden, Austria"}
,{"p":"toscanini","x":"7.9049399","y":"14.1225136","n":"Toscanini, Pizza n Pasta","t":"0","c":"203","s":"4.5","d":"0","a":"59,104,104,104","l":"Hauptpl. 14, 4560 Kirchdorf an der Krems, Austria"}
,{"p":"tianveg","x":"48.2052787","y":"16.374579","n":"TIAN - Vegetarian","t":"0","c":"373","s":"4.5","d":"0","a":"60,61,59,104","l":"Himmelpfortgasse 23, 1010 Wien, Austria"}
,{"p":"tienbistro","x":"48.2030385","y":"16.3550373","n":"Tian Bistro am Spittelberg","t":"0","c":"452","s":"4.4","d":"0","a":"60,61,59,104","l":"Schrankgasse 4, 1070 Wien, Austria"}
,{"p":"kolariks","x":"48.2132759","y":"16.4035807","n":"Kolariks Luftburg","t":"0","c":"943","s":"3.9","d":"0","a":"62,59,60,61","l":"Prater 128, 1020 Wien, Austria"}
,{"p":"pancho","x":"48.2189846","y":"16.3814159","n":"Restaurant Pancho","t":"0","c":"504","s":"3.9","d":"0","a":"59,104,104,104","l":"Blumauergasse 1, 1020 Wien, Austria"}
,{"p":"babette","x":"48.1976759","y":"16.364697","n":"Babettes Spice and Books","t":"4","c":"23","s":"4.8","d":"0","a":"59,104,104,104","l":"Schleifmühlgasse 17, 1040 Wien, Austria"}
,{"p":"veghotel","x":"46.716836","y":"13.306043","n":"Weissenseerhofs - vegetarisches Genusshotel","t":"5","c":"86","s":"4.4","d":"0","a":"60,61,59,104","l":"Neusach 18, 9762 Weissensee, Austria"}
,{"p":"hausangela","x":"46.916227","y":"12.329993","n":"Haus Angela","t":"5","c":"17","s":"4.8","d":"0","a":"60,61,59,104","l":"Unterrotte 58, 9963, Austria"}
,{"p":"tavernezumgriechen","x":"47.9603619","y":"14.1342582","n":"Taverne zum Griechen","t":"0","c":"178","s":"4.5","d":"0","a":"59,104,104,104","l":"Jageredt 2, 4542 Jageredt, Austria"}
,{"p":"adegbreitfuss","x":"47.9406455","y":"13.2240245","n":"ADEG Mario Breitfuß","t":"3","c":"92","s":"4.4","d":"0","a":"59,104,104,104","l":"Salzburgerstraße 11, 5202 Neumarkt am Wallersee, Austria"}
,{"p":"steaksbarrestaurant","x":"48.1585158","y":"14.028528","n":"STEAKS BAR Restaurant","t":"0","c":"87","s":"4.5","d":"0","a":"59,104,104,104","l":"Adlerstraße 1, 4600 Wels, Austria"}
,{"p":"sportland","x":"47.9854685","y":"13.8178001","n":"Cafe Restaurant Sportland","t":"0","c":"19","s":"4.5","d":"0","a":"59,104,104,104","l":"Obertshausener Str. 2, 4663 Laakirchen, Austria"}
,{"p":"summerstage","x":"48.2208965","y":"16.3680876","n":"Summer Stage","t":"0","c":"1077","s":"4.2","d":"0","a":"59,104,104,104","l":"Rossauer Lände 17, 1090 Wien, Austria"}
,{"p":"ennswerk","x":"48.2101488","y":"14.4782957","n":"Ennswerk","t":"0","c":"210","s":"4.2","d":"0","a":"59,104,104,104","l":"Forstbergstraße 3, 4470 Enns, Austria"}
,{"p":"pergwerk","x":"48.2490598","y":"14.6369772","n":"Pergwerk","t":"0","c":"521","s":"4.4","d":"0","a":"59,104,104,104","l":"Herrenstraße 28, 4320 Perg, Austria"}
,{"p":"roxmusicbarlinz","x":"48.3052095","y":"14.2898474","n":"Rox Musicbar n Grill Linz","t":"0","c":"783","s":"4.3","d":"0","a":"59,104,104,104","l":"Graben 18, 4020 Linz, Austria"}
,{"p":"roxmusicbargraz","x":"47.0673213","y":"15.4409261","n":"Rox Musicbar n Grill Graz","t":"0","c":"958","s":"4.3","d":"0","a":"59,104,104,104","l":"Joanneumring 5, 8010 Graz, Austria"}
,{"p":"casanobar","x":"48.0748475","y":"14.0467744","n":"Casanobar","t":"2","c":"0","s":"0.0","d":"0","a":"59,104,104,104","l":"Sportplatzstraße 8, 4642 Sattledt, Austria"}
,{"p":"wirtshauseiche","x":"48.6509427","y":"15.718174","n":"Gasthof zur Eiche Wirtshausknödelmanufaktur®","t":"0","c":"133","s":"4.4","d":"0","a":"59,104,104,104","l":"Maria Dreieichen 77 Wirtshausknödelmanufaktur, 3744 Stockern, Austria"}
,{"p":"wirtshauseiche","x":"48.6509427","y":"15.718174","n":"Gasthof zur Eiche Hotel","t":"5","c":"133","s":"4.4","d":"0","a":"59,104,104,104","l":"Maria Dreieichen 77 Wirtshausknödelmanufaktur, 3744 Stockern, Austria"}
,{"p":"jukeboxamericandiner","x":"48.358006","y":"14.473141","n":"Jukebox American Diner","t":"0","c":"548","s":"4.6","d":"0","a":"59,104,104,104","l":"Betriebsstraße 3, 4210 Radingdorf, Austria"}
,{"p":"tabaktrafik","x":"48.2111653","y":"14.2880403","n":"Tabak Trafik - Inh. Angelika Hager","t":"4","c":"5","s":"4.4","d":"0","a":"59,104,104,104","l":"Anton-Bruckner-Straße 12, 4052 Ansfelden, Austria"}
,{"p":"brandl","x":"48.218639","y":"14.278707","n":"Brandl","t":"5","c":"94","s":"4.3","d":"0","a":"59,104,104,104","l":"Audorfer Str. 15, 4052 Ansfelden, Austria"}
,{"p":"cafedavinci","x":"48.034866","y":"14.20937","n":"Cafe Da Vinci - Cafeteria","t":"2","c":"158","s":"4.5","d":"0","a":"59,60,61,104","l":"Hauptpl. 13, 4540 Bad Hall, Austria"}
,{"p":"theporterhouse","x":"47.3501422","y":"8.7197637","n":"The Porter House","t":"2","c":"4.1","s":"677","d":"0","a":"59,60,61,104","l":"Brunnenstrasse 1, 8610 Uster, Swiss"}
,{"p":"trukitchen","x":"59.4483515","y":"24.7113834","n":"Tru Kitchen","t":"0","c":"40","s":"4.9","d":"0","a":"59,104,104,104","l":"Kopli 25, 10412 Tallinn, Estonia"}
,{"p":"barkonyak","x":"59.4420131","y":"24.7486648","n":"Bar Konyak - The Three Sisters Boutique Hotel","t":"2","c":"0","s":"0.0","d":"0","a":"59,104,104,104","l":"Pikk 71, 10133 Tallinn, Estonia"}
,{"p":"t1katusebaar","x":"59.4247059","y":"24.7952341","n":"T1 Katusebaar","t":"2","c":"4311","s":"4.2","d":"0","a":"59,104,104,104","l":"Peterburi tee 2, 11415 Tallinn, Estonia"}
,{"p":"fibo","x":"59.4247695","y":"24.7952823","n":"Fibo","t":"0","c":"49","s":"3.6","d":"0","a":"59,104,104,104","l":"Peterburi tee 2h, 11415 Tallinn, Estonia"}
,{"p":"cremeria","x":"59.4288382","y":"24.7424361","n":"Cremeria - Pizza n Cannoli Vinoteek","t":"0","c":"52","s":"4.9","d":"0","a":"59,104,104,104","l":"Pärnu maantee 46, 10119 Tallinn, Estonia"}
,{"p":"grandshisha","x":"59.4384562","y":"24.7542951","n":"Grand Shisha - Cocteleria","t":"2","c":"132","s":"4.4","d":"0","a":"59,104,104,104","l":"Mere puiestee 4, 10111 Tallinn, Estonia"}
,{"p":"thenetwork","x":"35.9245885","y":"14.4889471","n":"The Network (St Julians, Malta)","t":"2","c":"82","s":"4.7","d":"0","a":"59,104,104,104","l":"Unit 1, The Axis complex, Triq San Gorg, St. Julians, Paceville STJ 3201, Malta, Malta"}
,{"p":"rusnesdegalai","x":"55.2929337","y":"21.3717489","n":"Rusnes degalai - Fishing n Rooms","t":"5","c":"8","s":"4.0","d":"0","a":"59,104,104,104","l":"6, K. Donelaičio g., Rusnė 99350, Lithuania"}
,{"p":"bettysplace","x":"-0.4213193","y":"36.949959","n":"Betgtys Place","t":"0","c":"80","s":"3.5","d":"0","a":"59,104,104,104","l":"Kimathi Nyeri KE, Kenya"}
,{"p":"kiteboarding","x":"27.4204562","y":"33.6722392","n":"Kiteboarding Club El Gouna (KBC El Gouna)","t":"999","c":"80","s":"4.8","d":"0","a":"59,104,104,104","l":"Buzzha Beach - Northern Mangroovy Beach, Kite Center Rd, Hurghada, Red Sea Governorate 84513, Egypt"}
,{"p":"bigkitchennigeria","x":"4.7631188","y":"7.0213741","n":"Big Kitchen Nigeria","t":"0","c":"43","s":"4.1","d":"0","a":"59,104,104,104","l":"Takoradi Street, Port Harcourt, Nigeria"}
,{"p":"newmarket","x":"7.5175268","y":"4.5124965","n":"New Market","t":"5","c":"73","s":"3.9","d":"0","a":"62,59,60,61","l":"GG96+2X Ife, Nigeria"}
,{"p":"zoescuisine","x":"7.5006349","y":"4.5152892","n":"Zoes Cuisine - Restaurant","t":"0","c":"0","s":"0.0","d":"0","a":"62,59,60,61","l":"Ede Rd, Ife, Nigeria"}
,{"p":"kayschippy","x":"7.5190229","y":"4.5218396","n":"Kays Chippy Ife","t":"1","c":"13","s":"3.4","d":"0","a":"62,59,60,61","l":"Obafemi Awolowo University, Road 5, Ife, Nigeria"}
,{"p":"halsadamhostel","x":"7.5027423","y":"4.509311","n":"Halsadam Hostel Damico","t":"5","c":"33","s":"3.7","d":"0","a":"62,59,60,61","l":"Ede Road, Ife, Nigeria"}
,{"p":"mraziz","x":"8.9039687","y":"-2.2636554","n":"Mr Aziz and Co Grocery Store","t":"3","c":"0","s":"0.0","d":"0","a":"62,59,60,61","l":"Wa-Bole Rd, Bamahu, Ghana"}
,{"p":"abubakari","x":"8.6518083","y":"0.0023314","n":"Abubakari Drug Store","t":"4","c":"0","s":"0.0","d":"0","a":"62,59,60,61","l":"Wulensi, Ghana"}]