[{
  "p": "inversionestanti",
  "placesId": "ChIJmcY6GXtZKowRFESpqQQNeLo"
},{
  "p": "bekinekool",
  "placesId": "ChIJ4WXi9Wif4jARATglaLLiJvA"
},{
  "p": "kemono",
  "placesId": "ChIJ_TFIv1V4GZURmOkkEzvQYJs"
},{
  "p": "misterx",
  "placesId": "ChIJQ5h0Yv94GZURGVdwSc7QnmI"
},{
  "p": "insoniabar",
  "placesId": "ChIJ84Y_iN55GZURI0DjMmvM7cQ"
},{
  "p": "madrugasbar",
  "placesId": "ChIJr9dCSQZ5GZURHGQdP4MBh_s"
},{
  "p": "theporterhouse",
  "placesId": "ChIJzV988qikmkcRQEdYKAUc2fA"
},{
  "p": "maysbangkok",
  "placesId": "ChIJkeGHgkaf4jARGJs1nvY_9iA"
},{
  "p": "mayspattaya",
  "placesId": "ChIJjYmhfWOWAjERTtspDqt9gQ4"
},{
  "p": "cafedavinci",
  "placesId": "ChIJsR4xxofCc0cRiOqAk9icoPs"
},{
  "p": "baanrimnaam",
  "placesId": "ChIJKahRq-WY4jARPdgt4U3mhD8"
},{
  "p": "trakiseptima",
  "placesId": "ChIJY120UZ9sZo4RKn7Q1I-XgFI"
},{
  "p": "trakiurena",
  "placesId": "ChIJK2j9QchEZo4RbB9zb8vQOug"
},{
  "p": "trakivalera",
  "placesId": "ChIJhbExqWQoY44RpHjlQMkJ_UE"
},{
  "p": "trakipaseo",
  "placesId": "ChIJo8EMinz5y40RUEIVjHv0oGs"
},{
  "p": "trakilibertador",
  "placesId": "ChIJ1fvscvuGzo0R4VBUXfl2GKo"
},{
  "p": "trakiupata",
  "placesId": "ChIJ57-Pf8tnyY0RaX4ALZNux8Y"
},{
  "p": "trakimaturin",
  "placesId": "ChIJJcqD4gFHM4wR0_l0b4cwgjU"
},{
  "p": "malltraki",
  "placesId": "ChIJfbwZjxvgyo0R_2nM4TvBgrM"
},{
  "p": "trakifrancisco",
  "placesId": "ChIJo9GAJnKBzY0R6jhMFbRB80Y"
},{
  "p": "trakiropa",
  "placesId": "ChIJpf_zuwT0fI4RAml-zo5mplE"
},{
  "p": "trakiacarigua",
  "placesId": "ChIJ01crt3fBfY4RJZBT430nRnU"
},{
  "p": "trakialberto",
  "placesId": "ChIJNxzhu3VXe44Rdy7dU-uFkhM"
},{
  "p": "trakicarora",
  "placesId": "ChIJowoVhG_th44R-Huk_f8EMPY"
},{
  "p": "trakibabilon",
  "placesId": "ChIJ7-ZkT_9mh44R9KCCUh5rO2g"
},{
  "p": "trakiciudadbarquisimeto",
  "placesId": "ChIJKSdRMg5nh44RCRptN_fNd5A"
},{
  "p": "trakiciudadhaticos",
  "placesId": "ChIJfQ4E7CiYiY4Rb91e8NX8Cws"
},{
  "p": "trakiciudadzulia",
  "placesId": "ChIJP78trAfRiY4Rj94H_8hwL70"
},{
  "p": "trakicabimas",
  "placesId": "ChIJgwihiC3HiY4RzIAU86gWEEI"
},{
  "p": "trakidelsur",
  "placesId": "ChIJmzCE6VuXiY4Rpl0G6mkL6OE"
},{
  "p": "trakilalimpia",
  "placesId": "ChIJ2V_6-ViZiY4RoYKHSgW2VRk"
},{
  "p": "trakimilagro",
  "placesId": "ChIJHd7j7FqYiY4RzjOpFJkP3QM"
},{
  "p": "trakimaiquetia",
  "placesId": "ChIJDw4VuAJdKowRlDl6gcK-k1M"
},{
  "p": "trakivallepascua",
  "placesId": "ChIJNQq7fl2F1I0R2JqJMSnuozo"
},{
  "p": "trakicalabozo",
  "placesId": "ChIJnwSkK7Vjf44R1xqs25IoZXA"
},{
  "p": "trakinegramatea",
  "placesId": "ChIJf9TRhZueKowRgNiJrakxkng"
},{
  "p": "trakitiendas",
  "placesId": "ChIJg2kUJ5IhgI4R0OXoqRToNUc"
},{
  "p": "trakimaracay",
  "placesId": "ChIJ18dnOZ08gI4R7SDs08nE0kM"
},{
  "p": "trakivalenciacentro",
  "placesId": "ChIJvztGjnRngI4RBaoI7jzJB4Y"
},{
  "p": "trakisandiego",
  "placesId": "ChIJzdvpK-1ngI4R0NSUcu37V2w"
},{
  "p": "trakiciudad",
  "placesId": "ChIJkVboSJtdgI4R_X5uR7CaFQE"
},{
  "p": "trakilosilustres",
  "placesId": "ChIJy8qdjc5YKowR73uLMpTbGRc"
},{
  "p": "picosburgerbar",
  "placesId": "ChIJuaVLsiF9ZI4R5FJVuHrKrKg"
},{
  "p": "piemonteshopping",
  "placesId": "ChIJeXKEEHiHZI4RBQEbn0qx4jU"
},{
  "p": "dolceandbake",
  "placesId": "ChIJl_9fPIqHZI4RVvB1lUEJpuI"
},{
  "p": "trakisanmartin",
  "placesId": "ChIJ4zBODM1fKowR9cvQ3RdZUWM"
},{
  "p": "trakisabanagrande",
  "placesId": "ChIJUWYrHSBZKowRyAuLBMzXS5U"
},{
  "p": "comfortbyharlan",
  "placesId": "ChIJC-6jrwOXAjERuhMeYaE6ZnA"
},{
  "p": "plazamayorshoppingmall",
  "placesId": "ChIJ9ySqJR-HZI4RZlQjuJXXz6A"
},{
  "p": "cchistorycenter",
  "placesId": "ChIJOWemzh-HZI4R-y6nh_PDc5c"
},{
  "p": "maxcolchonH",
  "placesId": "ChIJJ12hZQJMQg0RUN1o0pKs-IY"
},{
  "p": "maxcolchonG",
  "placesId": "ChIJ8RSjVbEoQg0R9MI8mrnzoaM"
},{
  "p": "maxcolchonF",
  "placesId": "ChIJIXq2cQApQg0R94P0AEz0R4k"
},{
  "p": "maxcolchonE",
  "placesId": "ChIJfa7VE56rWg0R4V3r68ZmRpI"
},{
  "p": "maxcolchonD",
  "placesId": "ChIJ10oRJQxaTg0RP5tirNdh2TI"
},{
  "p": "maxcolchonC",
  "placesId": "ChIJ9d2N0l5HYA0RLFrzDdKkOOs"
},{
  "p": "maxcolchonB",
  "placesId": "ChIJAQAwm0ryQA0R3yytlw9sllw"
},{
  "p": "maxcolchonA",
  "placesId": "ChIJh0A2MKYAYA0Ru8Xy_RKdVak"
},{
  "p": "bonnie",
  "placesId": "ChIJdcydUrClx0cRIRJ5N_bsUMc"
},{
  "p": "destaat",
  "placesId": "ChIJGaypvsqlx0cRSyHeP55gSZU"
},{
  "p": "eetwinkelstrom",
  "placesId": "ChIJxe3gqZulx0cREmu7-OWCRIQ"
},{
  "p": "cafeteriadolfjin",
  "placesId": "ChIJVzfz4Eukx0cRxuJP7vL4v5E"
},{
  "p": "lunchroomsofra",
  "placesId": "ChIJt0h4ZLWlx0cREQkm8bZzzO8"
},{
  "p": "anneundmax",
  "placesId": "ChIJO0Mugsqlx0cRz6uHFfI2JXU"
},{
  "p": "iogurtis",
  "placesId": "ChIJJW-Egsqlx0cR8qCdpmM5jzo"
},{
  "p": "njoycafe",
  "placesId": "ChIJ-3RS8LSlx0cR0VACHQ_Ld-c"
},{
  "p": "iveau",
  "placesId": "ChIJNVX7iLWlx0cRL4ASjG7ED-0"
},{
  "p": "stellabystarlight",
  "placesId": "ChIJnxi-_7alx0cRbkRBQK6KL7E"
},{
  "p": "hemels",
  "placesId": "ChIJs7U3AEykx0cRr1YSc_MZMmI"
},{
  "p": "landgoed",
  "placesId": "ChIJ7fPNmn2lx0cR71JbpDfMf-w"
},{
  "p": "verheyden",
  "placesId": "ChIJE51M_rSlx0cRsu3YNeM-wMU"
},{
  "p": "caspar",
  "placesId": "ChIJD0h-7Eykx0cRZEbJ6bCbDu4"
},{
  "p": "damesundheren",
  "placesId": "ChIJncRnv8qlx0cRy6_1UQu3doY"
},{
  "p": "yakitoriamericabashi",
  "placesId": "ChIJt_lVgBWLGGAR_rOs3oqyXf4"
},{
  "p": "rawdotraw",
  "placesId": "ChIJQfi3bkaLGGARmcSBLYxhFzY"
},{
  "p": "worldstarcafe",
  "placesId": "ChIJi7kaRZ2LGGARtkQtJii0PFk"
},{
  "p": "tregionport",
  "placesId": "ChIJ18-AoHGLGGARv6FF04ZBxUo"
},{
  "p": "izakayatonteki",
  "placesId": "ChIJ7WZtytryGGAR9JgUXSVyjow"
},{
  "p": "tariq",
  "placesId": "ChIJZ6stVVOfWjURXTXpqXCmWuk"
},{
  "p": "sushitoge",
  "placesId": "ChIJpeniHaQpC18RkgGiTdF_5rM"
},{
  "p": "jokersbar",
  "placesId": "ChIJOTAMlY_J9F8R6AHGs5k9C8U"
},{
  "p": "coworkingtokyo",
  "placesId": "ChIJowrl_YGLGGARta-IJP-gt90"
},{
  "p": "sonidos",
  "placesId": "ChIJg5ib-5yLGGARJfqNv6F283c"
},{
  "p": "ramenjinanbodos",
  "placesId": "ChIJNSxNWBLtGGARxq4RoLPzcoY"
},{
  "p": "ramenjinanbo",
  "placesId": "ChIJO7Bg-3jtGGARXZ9s8mMq6jM"
},{
  "p": "dotblue",
  "placesId": "ChIJCdhGxoGLGGAR5dvk5d_VNv4"
},{
  "p": "glutenfreetkitchen",
  "placesId": "ChIJO-1jqJyLGGARWHQJo1shXXE"
},{
  "p": "bibas",
  "placesId": "ChIJ63uMgcOYiY4Ry2ZxTleSGek"
},{
  "p": "burgerbeer",
  "placesId": "ChIJx6tPs8OYiY4RLvjfmve3O78"
},{
  "p": "audiomusic",
  "placesId": "ChIJEykd8B6ZiY4RChjtPcfJTvw"
},{
  "p": "chichatogo",
  "placesId": "ChIJ58ooXrmZiY4R3o__BH5gnf4"
},{
  "p": "duffmaracaibo",
  "placesId": "ChIJba8MWB2fiY4R0Wb7PZ7v7Bg"
},{
  "p": "gioiapizzagelati",
  "placesId": "ChIJ0XLvaGeZiY4R29U3lzHGs-c"
},{
  "p": "rodeoplaza",
  "placesId": "ChIJE0yIAw6HZI4R3y9S87aSIes"
},{
  "p": "villatokyo",
  "placesId": "ChIJEZfPQXiLGGARy84gbxG7258"
},{
  "p": "fattysdiner",
  "placesId": "ChIJlQnkTpOe4jAR0GDJMGPu9tg"
},{
  "p": "desmarsuepermarket",
  "placesId": "ChIJL7DTQTu7yhQR10NBS1xCYpo"
},{
  "p": "welcomeinnkaronbeach",
  "placesId": "ChIJFyfj3G4lUDARrmRI4QDPwR0"
},{
  "p": "bgbvillas",
  "placesId": "ChIJH5sYSpslUDARvqeUaqVC9Ow"
},{
  "p": "welcomeinnvillaphuket",
  "placesId": "ChIJv6XUdhEvUDARVBLLMrlTIlQ"
},{
  "p": "kosymassagecut",
  "placesId": "ChIJefGEMMGf4jARPU1wAG_weEc"
},{
  "p": "hotelrecantoverde",
  "placesId": "ChIJgfVi-kRoT5MRYPt7fY6wPr4"
},{
  "p": "barlira",
  "placesId": "ChIJgwSUZh0BThMR2Vuc-xxMq9k"
},{
  "p": "doccafe",
  "placesId": "ChIJg7kSX93LvJURYworFaI5pZs"
},{
  "p": "planinetshut",
  "placesId": "ChIJyaqe3ySDqkARaFjnj-L77Rk"
},{
  "p": "milcakescafe",
  "placesId": "ChIJxW_7KVNZe44RzwJ_TZyiGug"
},{
  "p": "livernoismcgraw",
  "placesId": "ChIJ80X2ACwzO4gR88pS9Wpeyss"
},{
  "p": "bodegadayana",
  "placesId": "ChIJZVb0ALHFBZERe60pjnxaM1I"
},{
  "p": "albergodolomiti",
  "placesId": "ChIJUdYzoNrMeUcRsajgKjIOkUA"
},{
  "p": "marleytattoopiercing",
  "placesId": "ChIJ_-QA3p2XfEcRoyQ2s9uYxww"
},{
  "p": "numberfive",
  "placesId": "ChIJzzG4Pp2LGGARrmCn04tiTFA"
},{
  "p": "bar76",
  "placesId": "ChIJ8xdLpqhBGGARLMyxtqFV3g0"
},{
  "p": "muerdelacarne",
  "placesId": "ChIJXwBwR-eYiY4RcCt_sut-vlc"
}, {
  "p": "meranto",
  "placesId": "ChIJ2VnnP25zLYwRJblWE16m3eg"
}, {
  "p": "lasempanadas",
  "placesId": "ChIJ36e2bRx0LYwRdJYaX5gRnfc"
}, {
  "p": "altomarr",
  "placesId": "ChIJ2ZFMf65nKowR1BJKY-Drtfc"
}, {
  "p": "altomarh",
  "placesId": "ChIJm4ZXf65nKowRkJJcvZBkYv8"
}, {
  "p": "posada",
  "placesId": "ChIJDwlZf9oygI4RWPTG6uRfxgs"
}, {
  "p": "fanatic",
  "placesId": "ChIJN537xYLBfY4R13YKLE1PrxQ"
}, {
  "p": "steakburger",
  "placesId": "ChIJi6x1aZ_BfY4RoS2ytjRI4mk"
}, {
  "p": "lasogagrillbar",
  "placesId": "ChIJIwzSzJ_BfY4R6nl8npGM97o"
}, {
  "p": "litalia",
  "placesId": "ChIJm0OmX3fBfY4RrfrRqUiyXoQ"
}, {
  "p": "altosdeleste",
  "placesId": "ChIJFXS0WupsZo4R9xE7VaKuTTU"
}, {
  "p": "loncheria",
  "placesId": "ChIJF7LjMRsDMI4REyd7bQyCtpY"
}, {
  "p": "windschief",
  "placesId": "ChIJ2TFLOv6YXY8R53KPCm-hiC0"
}, {
  "p": "casasofiarestaurant",
  "placesId": "ChIJ-6NBskxjXo8ROACDUUO14tU"
}, {
  "p": "casasofiahotel",
  "placesId": "ChIJ-6NBskxjXo8ROACDUUO14tU"
}, {
  "p": "mayalousplace",
  "placesId": "ChIJ_XZUYLN8Xo8RVB5ABvSkTFA"
}, {
  "p": "artehelado",
  "placesId": ""
}, {
  "p": "rempahrempahcafebar",
  "placesId": "ChIJx3QAKddjpY4RVpMxShzphTE"
}, {
  "p": "peoplespub",
  "placesId": "ChIJ66BLmDb5pUwR8GoHMXJXkb0"
}, {
  "p": "figures",
  "placesId": "ChIJQRyVHqQ0K4gRhkB-TEsOZSM"
}, {
  "p": "kirby",
  "placesId": "ChIJVUCNhfyi4YkRpu-X9gYv6yU"
}, {
  "p": "streetza360",
  "placesId": "ChIJfYFlHJu_4okRKMseA18z5iE"
}, {
  "p": "liarsbench",
  "placesId": "ChIJUf2zlJ6_4okR3FmiBzLkqAM"
}, {
  "p": "3sartspace",
  "placesId": "ChIJD6Yo9Qm_4okRFbfA0ULNbR4"
}, {
  "p": "street",
  "placesId": "ChIJ97bAG5u_4okRhZqjW9FQn0k"
}, {
  "p": "lamaisonnavarre",
  "placesId": "ChIJwWRIDQu_4okROWjCXVbHGxY"
}, {
  "p": "fezziwig",
  "placesId": "ChIJY0ZuuA2_4okR9InW_j8an9E"
}, {
  "p": "theboldmariner",
  "placesId": "ChIJXS0-2k-YuokRW7G_ut63sJM"
}, {
  "p": "lasireneupper",
  "placesId": "ChIJpy_3pohYwokRzoQdVrQiv3w"
}, {
  "p": "lasirenesoho",
  "placesId": "ChIJqW6yuoxZwokRHcasV7UhqPU"
}, {
  "p": "mamacha",
  "placesId": "ChIJf25bEIVZwokR9Dei2bpDeS0"
}, {
  "p": "koreanspringbbq",
  "placesId": "ChIJXzl5nG7Kj4AR2JQsgtbRY0w"
}, {
  "p": "mysticwater",
  "placesId": "ChIJf-HAPmom3YARd7gBoDtlXwc"
}, {
  "p": "trevipasta",
  "placesId": "ChIJk_7yh2N654gRGYwjd7x6tS0"
}, {
  "p": "bandung",
  "placesId": "ChIJveRaumxTBogRK7U6NB678OQ"
}, {
  "p": "citylounge",
  "placesId": "ChIJORrcbC0WBYgRfi2pPVWm6Cg"
}, {
  "p": "luminous",
  "placesId": "ChIJRRbvMrn6NVMRJ04hqbxVTcY"
}, {
  "p": "mill",
  "placesId": "ChIJBedg5RLwNVMR4zmlzj5V8SE"
}, {
  "p": "classiccrustpizza",
  "placesId": "ChIJWUb2gm1yK4cRYJQxDnueVXE"
}, {
  "p": "apiainnsamoa",
  "placesId": "ChIJ13bfafUTpXERJ1Cp3CnBb7U"
}, {
  "p": "villavveden",
  "placesId": "ChIJYREFkxjqskYRLc-AJtN05GE"
}, {
  "p": "numazukoginza",
  "placesId": "ChIJN7jd7OOLGGARUy6hnQAuDYI"
}, {
  "p": "mezzo",
  "placesId": "ChIJs6oOQJ2LGGARbH5PaeYEsY0"
}, {
  "p": "daikanyama",
  "placesId": "ChIJD6t_yUWLGGARLQwChJvyLuU"
}, {
  "p": "cafedeperle",
  "placesId": "ChIJZ8ctl-iLGGAR4-XiM4sETMk"
}, {
  "p": "twodogstaproom",
  "placesId": "ChIJMc4R8JyLGGARgaTvv4h0DRE"
}, {
  "p": "thepinkcowakasaka",
  "placesId": "ChIJAQC8X4aLGGARHZA5ue9xRIU"
}, {
  "p": "downtownb",
  "placesId": "ChIJA2lWTYOLGGARX8a8h5uxq4M"
}, {
  "p": "fline",
  "placesId": "ChIJkfUmPZD0GGARy4kfoMHsSQQ"
}, {
  "p": "kagurazaka",
  "placesId": "ChIJ5Q3nnP-MGGARqYx5yOiNvDo"
}, {
  "p": "newsalsasudada",
  "placesId": "ChIJfwg8QXiLGGARDDb5Xn8aUhA"
}, {
  "p": "goodheavens",
  "placesId": "ChIJQeShDWnzGGARp1_rjhv1H2Q"
}, {
  "p": "kandakirari",
  "placesId": "ChIJt-2OBqqOGGARorEv2M-3uYI"
}, {
  "p": "greekbar",
  "placesId": "ChIJz-Mk1w_uGGARRAkjcqVfZQ0"
}, {
  "p": "bargolden",
  "placesId": "ChIJn2oMOsn0GGARmqXMoCKEu5Y"
}, {
  "p": "glutenfree",
  "placesId": "ChIJO-1jqJyLGGARWHQJo1shXXE"
}, {
  "p": "330bar",
  "placesId": "ChIJuTbhzkGLGGARy23D5HV-cL0"
}, {
  "p": "rakantokyo",
  "placesId": "ChIJwfkLTJ2LGGARGCOH2Ha_SdY"
}, {
  "p": "kawashou",
  "placesId": "ChIJU7ERzmu9GGARy8jQlOlG1Jc"
}, {
  "p": "soulfoodhouse",
  "placesId": "ChIJ__-DeJ-LGGARkDXKs4k2XSw"
}, {
  "p": "lacocinadegaston",
  "placesId": "ChIJCQZf4uhFGGARLMxEyx8PeYU"
}, {
  "p": "riceplus",
  "placesId": "ChIJ10aBr1WLGGARPRHqmCpNuHw"
}, {
  "p": "hackersbar",
  "placesId": "ChIJBzHjXHiLGGARE52_c8cWyv8"
}, {
  "p": "gyozashack",
  "placesId": "ChIJwx3GUZ_0GGAR3e22VHCTGeQ"
}, {
  "p": "yakinikutamura",
  "placesId": "ChIJHYps__qLGGAR9TDvwUT8aX8"
}, {
  "p": "osarucoffee",
  "placesId": "ChIJc99Fy3LnAGAR7lxhxzCLlh0"
}, {
  "p": "unityface",
  "placesId": "ChIJAQBvSVDaAGAR_SMg0JoNjjw"
}, {
  "p": "engaro",
  "placesId": "ChIJf-Km1YnmAGARcNgLCiG1P8M"
}, {
  "p": "cafebarcoins",
  "placesId": "ChIJR5qovwDnAGAR2wK74JzbSCk"
}, {
  "p": "04village",
  "placesId": "ChIJlznJXl7nAGARb6hj8dUn1D8"
}, {
  "p": "trianglecoffee",
  "placesId": "ChIJAQDM8mnnAGARWx16tC7rgm8"
}, {
  "p": "bitcafe",
  "placesId": "ChIJZcoB-AbnAGAR5XWmNHdeLyk"
}, {
  "p": "slices",
  "placesId": "ChIJ_b2ofRHnAGAR6lQ2erK_OlM"
}, {
  "p": "toripao",
  "placesId": "ChIJxQZ8_jrnAGARWAmd3_6lILg"
}, {
  "p": "nazimichi",
  "placesId": "ChIJgWg5gW3nAGARIkQ7ga3LICo"
}, {
  "p": "ajinoya2",
  "placesId": "ChIJVVV0dBPnAGAR25HQjl0QZ_4"
}, {
  "p": "yakinikutamurafukuoka",
  "placesId": "ChIJm3-IX4aRQTURUYBJi2B3GSI"
}, {
  "p": "yakinikutamuranagasaki",
  "placesId": "ChIJAQAc97mtajURFTgZkszXNUw"
}, {
  "p": "ducatuscafe",
  "placesId": "ChIJW3a6KSNH0i0RbfT-yp-bMmI"
}, {
  "p": "ducatuscafesingapore",
  "placesId": "ChIJ75_iZxIZ2jERHVAOA873yFo"
}, {
  "p": "bunk5021",
  "placesId": "ChIJn2x1SZPJlzMRx5TFI0a81u0"
}, {
  "p": "pattayabeergarden",
  "placesId": "ChIJT5sv5hOWAjERnQAKfgZEl-A"
}, {
  "p": "cocotte",
  "placesId": "ChIJifg9vP6e4jAR8DsK29WtkmI"
}, {
  "p": "catmosphere",
  "placesId": "ChIJQbosrUI62jARDGNFKVhGCFg"
}, {
  "p": "gringoloco",
  "placesId": "ChIJc5BuEHMFkWsRg8kAnC2aYXw"
}, {
  "p": "restaurant1903",
  "placesId": "ChIJnXRg4s-6MioRZjZXH95ga8Q"
}, {
  "p": "urbanpizza",
  "placesId": "ChIJ0-2j2iiwEmsR_rYxOszQjXc"
}, {
  "p": "verucasalt",
  "placesId": "ChIJb_kmEPJo1moRchmujT9jC1Y"
}, {
  "p": "francesca",
  "placesId": "ChIJz7Xe8ntD1moRlLiHZhXdX1E"
}, {
  "p": "platform62",
  "placesId": "ChIJUyzVyaqxEmsReh-ReegxgiQ"
}, {
  "p": "spawnpoint",
  "placesId": "ChIJY5muOj-uEmsRebXtoWFXsMQ"
}, {
  "p": "lastazione",
  "placesId": "ChIJc84pSNunEmsRHwWDtIwNGuQ"
}, {
  "p": "portstephens",
  "placesId": "ChIJu4XV4OGDc2sRz2ykCL0_TcA"
}, {
  "p": "nutrientdepot",
  "placesId": "ChIJh2uZdZmKMW0RYFR8DbCYu6I"
}, {
  "p": "stoneandwood",
  "placesId": "ChIJXyYj0QhikGsR9Su39j8yA0I"
}, {
  "p": "nexthotelbrisbane",
  "placesId": "ChIJYRdniwRakWsRrs3Ih76KWy4"
}, {
  "p": "brewcafe",
  "placesId": "ChIJbVf9jwRakWsRDM1U-WiwI_M"
}, {
  "p": "xcargo",
  "placesId": "ChIJCTNrTbJZkWsRkpsamPSXX9E"
}, {
  "p": "newyorkpizza",
  "placesId": "ChIJ9X-MjIxbkWsRRGg2ruNA7OM"
}, {
  "p": "nomnom",
  "placesId": "ChIJ8_bVq_NZkWsRgxjEW-gd4k8"
}, {
  "p": "5dogs",
  "placesId": "ChIJF5LgyvNZkWsRlNzXqqSODfQ"
}, {
  "p": "stephs",
  "placesId": "ChIJQUxutPNZkWsRF66SqkLNE5g"
}, {
  "p": "thevalley",
  "placesId": "ChIJjduLw_RZkWsRICrUsrqt3mg"
}, {
  "p": "spoondelicafe",
  "placesId": "ChIJyVLuzVJfkWsRd32Z9BTACOE"
}, {
  "p": "botanistkitchenbar",
  "placesId": "ChIJ-5fsyFJfkWsRa5KM7DvkhdM"
}, {
  "p": "burgerurge",
  "placesId": "ChIJtTOWwutYkWsR9jiM6nhrHr0"
}, {
  "p": "windmillbarbistro",
  "placesId": "ChIJg_ZTJ-Phk2sRCcZJoiA6GB0"
}, {
  "p": "redrooster",
  "placesId": "ChIJ02CamFRfkWsRPisfIlwC7R4"
}, {
  "p": "madmexfresh",
  "placesId": "ChIJJ3ro51JfkWsRXkouOzJVYuk"
}, {
  "p": "madmex",
  "placesId": "ChIJ86y9ovrhk2sRGfb3Jyu28iI"
}, {
  "p": "sumosalad",
  "placesId": "ChIJhYympPrhk2sRBH6-aD4bV8Q"
}, {
  "p": "giancarlo",
  "placesId": "ChIJ1WMVWOXhk2sRJz5oWEkBKGk"
}, {
  "p": "wasabiwarriors",
  "placesId": "ChIJy8oLWOXhk2sR3Wo5AfIOMpM"
}, {
  "p": "lagoons",
  "placesId": "ChIJSyqgxlCF6WsRcOIB8_rd5RI"
}, {
  "p": "1770hotel",
  "placesId": "ChIJt0UP_4OP6WsRDphLNOpGzfA"
}, {
  "p": "getaway",
  "placesId": "ChIJcwGbWxSF6WsR0Nh4RqwTBbw"
}, {
  "p": "agnes",
  "placesId": "ChIJVQ_rz2iF6WsRQuE4u98ZlJc"
}, {
  "p": "discovery",
  "placesId": "ChIJT4rUBn2F6WsRcshCL8T1wg0"
}, {
  "p": "backpackers",
  "placesId": "ChIJSXcLgEKF6WsRI0t1qXWeuRA"
}, {
  "p": "greenturtle",
  "placesId": "ChIJI9y4UEKF6WsR3Sf_hn8Ggi8"
}, {
  "p": "sandcastles",
  "placesId": "ChIJw-UE_0KF6WsRyiPo_nHxKt0"
}, {
  "p": "catsmeow",
  "placesId": "ChIJszFo_nH51WsRGU_nT5jtVEQ"
}, {
  "p": "littlepegs",
  "placesId": "ChIJx8BjXG351WsR10do31p7bnc"
}, {
  "p": "altbrew",
  "placesId": "ChIJj9jQadn41WsR2lrfhxhrIws"
}, {
  "p": "thewatermark",
  "placesId": "ChIJrU0xDcH41WsRNDhgdks-iR0"
}, {
  "p": "thedownunderbar",
  "placesId": "ChIJp1nrEJJmeGkRj-28NjBwgAM"
}, {
  "p": "lalima",
  "placesId": "ChIJSQfqgryipBIRpWGMgMB9_BQ"
}, {
  "p": "pasticceria",
  "placesId": "ChIJzwtFwLyipBIRYn2CbhTQ9zE"
}, {
  "p": "lavermu",
  "placesId": "ChIJW6PEyJeipBIR-o3Io7M4b2Q"
}, {
  "p": "ChIJayYeJpaipBIR8ZbTZO4x7dM",
  "placesId": "ChIJayYeJpaipBIR8ZbTZO4x7dM"
}, {
  "p": "atabalats",
  "placesId": "ChIJHViKnLmipBIR1BXW9jS23Wo"
}, {
  "p": "freeAndSweet",
  "placesId": "ChIJj7NAW9GipBIRYnDMiL5gcgk"
}, {
  "p": "ChIJ89o4J5aipBIRfDm0sBYWJZQ",
  "placesId": "ChIJ89o4J5aipBIRfDm0sBYWJZQ"
}, {
  "p": "candelacanela",
  "placesId": "ChIJEyDxcr2ipBIRlywDCuGYyO4"
}, {
  "p": "chatelet",
  "placesId": "ChIJ_S1sSbyipBIR7JnyAy4AS9Y"
}, {
  "p": "ChIJGZOYjLiipBIRQV03-yVCmew",
  "placesId": "ChIJGZOYjLiipBIRQV03-yVCmew"
}, {
  "p": "ChIJkcsO_L2ipBIRzzk1Q5JNaxU",
  "placesId": "ChIJkcsO_L2ipBIRzzk1Q5JNaxU"
}, {
  "p": "ChIJYWoT6byipBIR-6HaCztMc5A",
  "placesId": "ChIJYWoT6byipBIR-6HaCztMc5A"
}, {
  "p": "ChIJ5ynTF5iipBIRSOx9O00QlvI",
  "placesId": "ChIJ5ynTF5iipBIRSOx9O00QlvI"
}, {
  "p": "amelia",
  "placesId": "ChIJNzAvwb2ipBIRTRatYO7OKZ4"
}, {
  "p": "recup",
  "placesId": "ChIJvwPzwbyipBIRXcN55Zy13Ls"
}, {
  "p": "kamoma",
  "placesId": "ChIJv-i8e72ipBIRN3GysUBeu10"
}, {
  "p": "akash",
  "placesId": "ChIJQ_6E1buipBIR15z5t-oayMU"
}, {
  "p": "ChIJh2A7VL2ipBIRIxR3Ylnot50",
  "placesId": "ChIJh2A7VL2ipBIRIxR3Ylnot50"
}, {
  "p": "polloexpress",
  "placesId": "ChIJoSVYbukEYg0R6Dtl8VLQ4hI"
}, {
  "p": "polloexpressgourmet",
  "placesId": "ChIJPcru1NEEYg0RdF5bjUQt_Io"
}, {
  "p": "ecocentersupermercado",
  "placesId": "ChIJuTefl_eODA0RBTjF2cmHRbE"
}, {
  "p": "ecocenteryoga",
  "placesId": "ChIJuTefl_eODA0RBTjF2cmHRbE"
}, {
  "p": "ecocenterbar",
  "placesId": "ChIJuTefl_eODA0RBTjF2cmHRbE"
}, {
  "p": "ecocenterrestaurante",
  "placesId": "ChIJuTefl_eODA0RBTjF2cmHRbE"
}, {
  "p": "elcuartito",
  "placesId": "ChIJy10plfmODA0RF9bfJ1S74mY"
}, {
  "p": "bambule",
  "placesId": "ChIJB0CRuPeODA0RIHGvZ8QHkEo"
}, {
  "p": "bambule2",
  "placesId": "ChIJs-cU41eODA0RvNUKsLc__Q8"
}, {
  "p": "growcafe",
  "placesId": "ChIJlygacviODA0Rp0qfeBCB86A"
}, {
  "p": "ecobakeryglutenfree",
  "placesId": "ChIJ9yC1k_OODA0R_hsICKjs2Lw"
}, {
  "p": "deuxpointzero",
  "placesId": "ChIJX1-dVBBu5kcRiga19PxzXEs"
}, {
  "p": "llscafe",
  "placesId": "ChIJGSQBG30adkgRYbI-NJb9EUE"
}, {
  "p": "brewdogcanarywharf",
  "placesId": "ChIJp0vw00YDdkgRIRg9UcmlWX4"
}, {
  "p": "westlandcoffee",
  "placesId": "ChIJ66Qb-aYcdkgRYyPsUppfmlU"
}, {
  "p": "nincomsoup",
  "placesId": "ChIJeeID-aUcdkgRnUz4uK86coU"
}, {
  "p": "thecoffeebean",
  "placesId": "ChIJLe5JHfHVekgR3OK0u2H7PwA"
}, {
  "p": "thecornercafe",
  "placesId": "ChIJ5fzuYYsfZUgRWvXlVhA-mEU"
}, {
  "p": "thegreenroom",
  "placesId": "ChIJ73QtmPofd0gRNPqjKsjMz8I"
}, {
  "p": "chaoscoffeebar",
  "placesId": "ChIJS1lJLqr-PEYRe0_vuYWyOLs"
}, {
  "p": "tonyscoffeebar",
  "placesId": "ChIJUyyJOHbzT0YRKRcWpMbWhrw"
}, {
  "p": "mamasbanh",
  "placesId": "ChIJ-WSiew5OqEcRDmoBlh04Zjs"
}, {
  "p": "friedelrichter",
  "placesId": "ChIJfXSy1OhRqEcRFa_AHVzmLrc"
}, {
  "p": "tavernapizza",
  "placesId": "ChIJn6paos7fDUcRFd2Ptibjoos"
}, {
  "p": "pizzapirat",
  "placesId": "ChIJd3uZm8N6e0cRX5bGK3YGGZY"
}, {
  "p": "cascadeduchocolat",
  "placesId": "ChIJoz2au_vu4okRMPHg_JcGK30"
}, {
  "p": "cafelemans",
  "placesId": "ChIJ5V1gmC1ZKowR0HliB9MVeU8"
}, {
  "p": "murphystaproom",
  "placesId": "ChIJ_41ErtlO4okRJtLWgsQtWrA"
}, {
  "p": "misto",
  "placesId": "ChIJu-MaAau-4okRHourl4E6k24"
}, {
  "p": "martinhillinn",
  "placesId": "ChIJFfYC956_4okRKgmpEajOyqw"
}, {
  "p": "blazeyoga",
  "placesId": "ChIJJ8nf9ReT4okRoOtqop4UdhU"
}, {
  "p": "schoolballett",
  "placesId": "ChIJ-xPFe5u_4okRcrWNYcvYQ84"
}, {
  "p": "oomphsalon",
  "placesId": "ChIJCUUyogy_4okRRXesDzJKiGs"
}, {
  "p": "freshpress",
  "placesId": "ChIJrTtOeQu_4okRBoiuYJEQGJ8"
}, {
  "p": "smokeandvapecbd",
  "placesId": "ChIJa8RZ9wu_4okRJnRSQJtJCvw"
}, {
  "p": "cotillionbureau",
  "placesId": "ChIJVxXlet--4okR7ryOHAbzox0"
}, {
  "p": "seacoasttheatre",
  "placesId": "ChIJfcxXcA6_4okRZSXK1vLvsAQ"
}, {
  "p": "freestatebitcoin",
  "placesId": "ChIJQRDK6A2_4okRfJjAI151uVo"
}, {
  "p": "solsunwear",
  "placesId": "ChIJsSjR6Q2_4okRbhU5_nbgkVo"
}, {
  "p": "pickwicksmercantile",
  "placesId": "ChIJpR8YaXW_4okRX3IbxkwKNyE"
}, {
  "p": "portcitycoin",
  "placesId": "ChIJx40SPX_A4okRO3NbXhK0U78"
}, {
  "p": "lensdoctors",
  "placesId": "ChIJtXcgzH7A4okRs9qHJu5t8EA"
}, {
  "p": "flowerroom",
  "placesId": "ChIJVwgmXhCX4okRusUd4pPTbCY"
}, {
  "p": "lineagevapors",
  "placesId": "ChIJR9r2Eiix44kR2p45dhN4lYE"
}, {
  "p": "tacobeyondo",
  "placesId": "ChIJl8lvykcm4okROizzBQ39trw"
}, {
  "p": "lineagevapors2",
  "placesId": "ChIJ0Ux9Q3K244kRrpfRMlF-ZRY"
}, {
  "p": "oldebostonian",
  "placesId": "ChIJBSfwJQQOtEwRI1jfAdD-iUc"
}, {
  "p": "zicoshaircuts",
  "placesId": "ChIJU-qByOYa4YkRJEysdB98ySk"
}, {
  "p": "route101locals",
  "placesId": "ChIJzd5AheVz4YkRUBFHp1orX9s"
}, {
  "p": "cheshirewellnesscenter",
  "placesId": "ChIJE_00s39z4YkRufFFsTENDe8"
}, {
  "p": "thirstyowl",
  "placesId": "ChIJuzXLWXJz4YkRKzVUZAZxnwU"
}, {
  "p": "hothogs",
  "placesId": "ChIJ6_Aj_oBz4YkREGeor4KHnX4"
}, {
  "p": "curryindian",
  "placesId": "ChIJ3Z0LUn5z4YkRf5oLHY0pIyE"
}, {
  "p": "littlezoes",
  "placesId": "ChIJsWYt14Fz4YkRUlv7gmGrSe8"
}, {
  "p": "makeitso",
  "placesId": "ChIJyd6BSIdz4YkRQ5SUvvVpBcs"
}, {
  "p": "localburger",
  "placesId": "ChIJQTgwWodz4YkRo9ePknthAAQ"
}, {
  "p": "thecornernews",
  "placesId": "ChIJE5mPsYBz4YkRRBz9euQCbFM"
}, {
  "p": "modasuostudio",
  "placesId": "ChIJbY_jT3904YkRrdeUu6raDxE"
}, {
  "p": "zicoshaircuts",
  "placesId": "ChIJU-qByOYa4YkRJEysdB98ySk"
}, {
  "p": "bangkokexpress",
  "placesId": "ChIJ18tTVlaxQYgReyzBl280wGQ"
}, {
  "p": "salonsibell",
  "placesId": "ChIJo7RxjFo3W4YR4sNK_frKjvA"
}, {
  "p": "verdepistache",
  "placesId": "ChIJ3Y_vK89ZyoURqz9z0ctP65o"
}, {
  "p": "solnicoyano",
  "placesId": "ChIJYevw80y3n48RkU6nRvyV04s"
}, {
  "p": "birdhouse",
  "placesId": "ChIJK-eM_SopRI4Rd-MHxQy-RJs"
}, {
  "p": "florentinahostel",
  "placesId": "ChIJPStavlEoRI4RPYyL5qY6SEU"
}, {
  "p": "sigalavaca2",
  "placesId": "ChIJITZr2VGCRo4RKuGM3Jug8Xo"
}, {
  "p": "silvestrefusiongourmet",
  "placesId": "ChIJcZeXNmOCRo4RmLgTxsiXvbg"
}, {
  "p": "kayschippy",
  "placesId": "ChIJrynLQt8wOBARO9v--9EfzhM"
}, {
  "p": "halsadamhostel",
  "placesId": "ChIJizWMDI8xOBAR2RKyGvHAkv0"
}, {
  "p": "caseybar",
  "placesId": "ChIJJ4IvUkhFDhMRvNE2YI4r3zs"
}, {
  "p": "mrwolfs",
  "placesId": "ChIJmfZREniOcUgR_tkJmq541P4"
}, {
  "p": "realmenbarber",
  "placesId": "ChIJG8V_OlHNyUcRVnsc9wqdFIQ"
}, {
  "p": "appleandeve",
  "placesId": "ChIJUaE_HdmPsUcRE7reR0OjUT8"
}, {
  "p": "eyeofsauron",
  "placesId": "ChIJsdifsYM3tUYRA3iGfdABsxw"
}, {
  "p": "cryptokonix",
  "placesId": "ChIJE9W-ibGxFzkRMIcqtTt1eHA"
}, {
  "p": "qamara",
  "placesId": "ChIJ8xnLtfKltjER2WHTgSxlGh8"
}, {
  "p": "baencafe",
  "placesId": "ChIJ63OBP4LrSjARB9P67Wgnd_8"
}, {
  "p": "veenaclothingshop",
  "placesId": "ChIJ3fiD6BSc4jARS324hNeR8ZE"
}, {
  "p": "mustachebar",
  "placesId": "ChIJATe7LoGe4jARsDKWeIcgu9E"
}, {
  "p": "puravida",
  "placesId": "ChIJQ9EI-cOe4jARh32K-nqK0m4"
}, {
  "p": "oneleven",
  "placesId": "ChIJXSRgZuae4jARXH5GDvoSqEA"
}, {
  "p": "funwan",
  "placesId": "ChIJDe7qQOae4jARWQZV8zKyEwc"
}, {
  "p": "witchsports",
  "placesId": "ChIJ81c1zd2e4jARrj2NCj3mg1Y"
}, {
  "p": "futerio",
  "placesId": "ChIJtaPFrE6f4jARhSfuYSJKzJ0"
}, {
  "p": "aspireclub",
  "placesId": "ChIJVVVVVQCf4jARkmj83IOPUuE"
}, {
  "p": "themissingburro",
  "placesId": "ChIJTYtmnKyf4jARH2TJzsQR4gM"
}, {
  "p": "alexandergermaneatery",
  "placesId": "ChIJo_POErOf4jARgNknN9noeVU"
}, {
  "p": "thecapsule",
  "placesId": "ChIJSSBWRa6f4jARXtOnTtXaIgM"
}, {
  "p": "elitefightclub",
  "placesId": "ChIJk6zBNwef4jARCQ5MmV1odd0"
}, {
  "p": "blackpagoda",
  "placesId": "ChIJr4u5gSyf4jAR6v8lnE27LfQ"
}, {
  "p": "whiteline",
  "placesId": "ChIJ851Wxiyf4jARjxeG8xzksh8"
}, {
  "p": "saferoom",
  "placesId": "ChIJAd-hxyyf4jAR6c4kL6_H5gs"
}, {
  "p": "honeybearbistro",
  "placesId": "ChIJm6Vj3LGf4jARRRDxGCZwqQA"
}, {
  "p": "moonunderwater",
  "placesId": "ChIJPbW52ruf4jARqknX6UKU1Wg"
}, {
  "p": "quaintbangkok",
  "placesId": "ChIJU7Ou-a6f4jARHE8uEOAlX5M"
}, {
  "p": "unionspace",
  "placesId": "ChIJSSBWRa6f4jARXtOnTtXaIgM"
}, {
  "p": "barefood",
  "placesId": "ChIJcZ1jU66f4jARlRoBIl6YmRk"
}, {
  "p": "awesomesauce",
  "placesId": "ChIJz3-Swrif4jAR9YzUksSEER8"
}, {
  "p": "thebigchill",
  "placesId": "ChIJ88Dl5x6f4jAR-H99tKsbUf0"
}, {
  "p": "whospizza",
  "placesId": "ChIJfaKZ1b6f4jARTuakLVGDcpY"
}, {
  "p": "bbqprasita",
  "placesId": "ChIJwSo_1b6f4jARDhTa8nRzUmU"
}, {
  "p": "ninivegames",
  "placesId": "ChIJDxvB2AWe4jARV0Joy2LRC2U"
}, {
  "p": "battlefieldbangkok",
  "placesId": "ChIJrafIEwKg4jARaUuZR1DFhqY"
}, {
  "p": "arosbar",
  "placesId": "ChIJVx_vCmBwZUcR4qWK8k_xSLs"
}, {
  "p": "babika",
  "placesId": "ChIJp8Yh3T4tZUcRY8MT_7pQ8zw"
}, {
  "p": "asanchilllounge",
  "placesId": "ChIJqY1Z4kXNekcRkLC48Cjw68k"
}, {
  "p": "balkanexpress",
  "placesId": "ChIJe8RHqUIyZUcRO0OwUdRvnhg"
}, {
  "p": "barbarellabistro",
  "placesId": "ChIJ55VX42ItZUcR0QKKsgfLwZI"
}, {
  "p": "koficek",
  "placesId": "ChIJ35Yj7kIyZUcRiKvztvZ3hd8"
}, {
  "p": "barbarellajuicebar",
  "placesId": "ChIJj9bd8WEtZUcRXRhiOVBJybU"
}, {
  "p": "boxbar",
  "placesId": "ChIJuR7iZJwyZUcRo6B_N18y6xw"
}, {
  "p": "blackoutbarlounge",
  "placesId": "ChIJiUubv8syZUcR_58Y9zSkRFo"
}, {
  "p": "burgerkapija",
  "placesId": "ChIJvVovELVgZUcRZpJHwcgfNh4"
}, {
  "p": "citycafeslovenia",
  "placesId": "ChIJRwOsEz0zZUcRfHil4M42eLs"
}, {
  "p": "captainscabin",
  "placesId": "ChIJDYiZm2MtZUcRY_Uud1da43U"
}, {
  "p": "divinorestaurant",
  "placesId": "ChIJKbs4eWcyZUcRr3KngfR-2cU"
}, {
  "p": "ekbistro",
  "placesId": "ChIJ-STUdn0tZUcRHJ9Rvq56zG8"
}, {
  "p": "ekoloskahotel",
  "placesId": "ChIJg-VPSHZhekcRhxxYS2TmLks"
}, {
  "p": "fourpoints",
  "placesId": "ChIJg5kHlKTSekcRkE3Cpu9Is0A"
}, {
  "p": "centralbucks",
  "placesId": "ChIJfcCfl6l3b0cRjS0ZfmBSSLo"
}, {
  "p": "kodeljevocastle",
  "placesId": "ChIJZfZoXoctZUcRhJhSodj7c2U"
}, {
  "p": "grandvidhotel",
  "placesId": "ChIJoRs-aYMuZUcR9PiFx-0knkQ"
}, {
  "p": "kavanabar",
  "placesId": "ChIJid106uOgZEcR6RBDTBkEcVE"
}, {
  "p": "guesthousejanez",
  "placesId": "ChIJ-5S79bh3b0cR-_z9lUSyNCs"
}, {
  "p": "gostinilca",
  "placesId": "ChIJ5_0K3notZUcRGDcBw53YO4E"
}, {
  "p": "galeriapopart",
  "placesId": "ChIJVV9NX54yZUcRveLMolKHB_w"
}, {
  "p": "hothorserudnik",
  "placesId": "ChIJMSc3-rYtZUcRFZBDOZy9FO0"
}, {
  "p": "hothorsetivoli",
  "placesId": "ChIJDUHMUaEyZUcRAlBuF_3TVz0"
}, {
  "p": "solatnibar",
  "placesId": "ChIJ-wTu9ocyZUcR7F7CQd-hT5g"
}, {
  "p": "hothorsebtc",
  "placesId": "ChIJP2o_eGcyZUcRJkS1I4XJXzw"
}, {
  "p": "klubrecnih",
  "placesId": "ChIJh7OVBnEtZUcRAw-AVMyDGjI"
}, {
  "p": "kavarnicarokaj",
  "placesId": "ChIJM1lmIaZ3b0cRu6WHriZbdTY"
}, {
  "p": "kavarnax",
  "placesId": "ChIJdw3IFnbNekcRTUd3Oy9PRJI"
}, {
  "p": "ipubljubljana",
  "placesId": "ChIJDyqQSDDNekcRHuZSAyO0KeM"
}, {
  "p": "paviljonkaval",
  "placesId": "ChIJSzNek5kyZUcRgLbiqgZvvWc"
}, {
  "p": "imperiomexicano",
  "placesId": "ChIJma3nqEIyZUcRJWieCLQJ2Y8"
}, {
  "p": "kuhinja",
  "placesId": "ChIJk5Wrl87SekcRrk0OownBPlY"
}, {
  "p": "pivarnastacuna",
  "placesId": "ChIJDxtlq6h3b0cRAlxTRQoZBBs"
}, {
  "p": "piknikplac",
  "placesId": "ChIJASzcc7rUekcReetyQPvTk9c"
}, {
  "p": "pausecafe",
  "placesId": "ChIJqypdapl3b0cRfoVitD9IJqo"
}, {
  "p": "ozbarslovenia",
  "placesId": "ChIJBdlPyhZ3b0cRD5sBFgLji2s"
}, {
  "p": "ostarijapri",
  "placesId": "ChIJ35Yj7kIyZUcRxrmvizDjqYQ"
}, {
  "p": "oldscottishpub",
  "placesId": "ChIJ1dW6JW8yZUcRoRvgN1OeyXw"
}, {
  "p": "marpurgislovenia",
  "placesId": "ChIJL93YFal3b0cRHoC0KS_G4Qw"
}, {
  "p": "malibubarslovenia",
  "placesId": "ChIJ-ZQHbZ4tZUcR8VL6vENdRHo"
}, {
  "p": "pizzeriaolivaljubljana",
  "placesId": "ChIJLVnHjYotZUcR7q4Z8GXfaCk"
}, {
  "p": "lackovamlada",
  "placesId": "ChIJJeuinPF3b0cRS50mCNnmeo4"
}, {
  "p": "restavracijacity",
  "placesId": "ChIJG1x1Z2cyZUcRAOxlDwKoNTI"
}, {
  "p": "playaljubljana",
  "placesId": "ChIJXaxlR28yZUcRO35HG1wk7vM"
}, {
  "p": "rollbarindoor",
  "placesId": "ChIJuVWg6GcyZUcRfmYDOE3uhbU"
}, {
  "p": "shakespearepub",
  "placesId": "ChIJ29pTvwB3b0cR3OrQcJNWvpU"
}, {
  "p": "skrnicrestavracija",
  "placesId": "ChIJc4gAt2gyZUcREpk-FUz0fwQ"
}, {
  "p": "sobaroom",
  "placesId": "ChIJ6zJAlWcyZUcRb56BN21uldM"
}, {
  "p": "supporterspub",
  "placesId": "ChIJo9-1NvF3b0cRRMbHTy8zgH8"
}, {
  "p": "tamanorganic",
  "placesId": "ChIJt157IWItZUcRf0WuFNOcy4s"
}, {
  "p": "tozdljubljana",
  "placesId": "ChIJ-5z47mQtZUcRecOdui3Agr4"
}, {
  "p": "trappapizzeriabar",
  "placesId": "ChIJQ2aM2z4tZUcRn8OPdxdwLto"
}, {
  "p": "trappica",
  "placesId": "ChIJndWzmhUtZUcRmXSc-F7dczY"
}, {
  "p": "restavracijavilaajda",
  "placesId": "ChIJZbaAtcyWekcRHRdZlFP5-Ys"
}, {
  "p": "wokfreshljubljana",
  "placesId": "ChIJx9ITLjgzZUcRxnkZ0qwXy7w"
}, {
  "p": "kavarnaljubljana",
  "placesId": "ChIJ82LE5GgyZUcRn2P0kOusUxI"
}, {
  "p": "kavarnazvezda",
  "placesId": "ChIJ3-Zev2MtZUcRjA3dfKWduAc"
}, {
  "p": "1001darcitypark",
  "placesId": "ChIJNa3nqEIyZUcRUPWW8MPAqQs"
}, {
  "p": "1001darmercatorcenter",
  "placesId": "ChIJw2rIiS_NekcRN0w8mxJyyQ0"
}, {
  "p": "1001darplavalaguna",
  "placesId": "ChIJtTXGPZcyZUcRmsM9ElgARVA"
}, {
  "p": "1001dareuropark",
  "placesId": "ChIJV8hQ-Ah3b0cR-MLPPdHFqQM"
}, {
  "p": "1001dardomzale",
  "placesId": "ChIJNQTa2RU0ZUcRF9C8kNILRaw"
}, {
  "p": "1001",
  "placesId": "ChIJH4lOru1wZUcRgkjEzEhDWSk"
}, {
  "p": "bazaarsmoking",
  "placesId": "ChIJIUBZ6WQtZUcR8IdFvg4_iGE"
}, {
  "p": "bazaarsmokingkranj",
  "placesId": "ChIJK6v_tx24ekcRXq3g_XE_AXo"
}, {
  "p": "cebelarstvo",
  "placesId": "ChIJ3bXfcwIuZUcRjsTeLD8CKow"
}, {
  "p": "espressoljubljana",
  "placesId": "ChIJK9U5gTUtZUcRRI7IU-FqfwE"
}, {
  "p": "estelatrgovsko",
  "placesId": "ChIJCbE4eWcyZUcRTsx0PWWgMeU"
}, {
  "p": "estelahairsalon",
  "placesId": "ChIJt9t6Zwh3b0cRnRCffoFDVgo"
}, {
  "p": "fitnessshopbtc",
  "placesId": "ChIJUSyy56EtZUcRBtbER6G4Wbs"
}, {
  "p": "gudshopljubljana",
  "placesId": "ChIJ100kj2QtZUcRcMv4XzYZwqA"
}, {
  "p": "hoteltriglav",
  "placesId": "ChIJc_gFdD2RekcRBuQORYliCLc"
}, {
  "p": "btccityljubljana",
  "placesId": "ChIJuVWg6GcyZUcRd--6pQkWML4"
}, {
  "p": "liupkabtc",
  "placesId": "ChIJ35Yj7kIyZUcRKJcqyPFK6nQ"
}, {
  "p": "vordordoo",
  "placesId": "ChIJCbE4eWcyZUcRG6dK4wT4mgI"
}, {
  "p": "gericomputer",
  "placesId": "ChIJyTtQOIF8b0cRuTp1T-5BmU8"
}, {
  "p": "oopsboutique",
  "placesId": "ChIJjWOGWbQtZUcR9ajqPpCabJw"
}, {
  "p": "pivotekaza",
  "placesId": "ChIJ6cJCEwsyZUcRfIlalhnzDog"
}, {
  "p": "qvapehouse",
  "placesId": "ChIJi_wj5LVmb0cRr6FoKFFrN9Q"
}, {
  "p": "qvapehouseljubljana",
  "placesId": "ChIJYwppAekzZUcRC4JMgy6R3cg"
}, {
  "p": "qvapemurska",
  "placesId": "ChIJVRTMpPo-b0cRohCITBqtuZI"
}, {
  "p": "qvapemaribor",
  "placesId": "ChIJq04Zc6l3b0cRo9MgYItFG0Q"
}, {
  "p": "qvapemaribor2",
  "placesId": "ChIJ2UneDKl3b0cRgQMXNxVwaQ4"
}, {
  "p": "senaflora",
  "placesId": "ChIJbUKD2fO3ekcRLgZLTlciEe4"
}, {
  "p": "sensilabmisli",
  "placesId": "ChIJma3nqEIyZUcR6Hi_1Q7gBC0"
}, {
  "p": "slovenskalocalmade",
  "placesId": "ChIJT95bM6l3b0cRNvYdZMXj3W8"
}, {
  "p": "tattoopiercingstudio",
  "placesId": "ChIJda96wGgyZUcRPTR11kZHnz0"
}, {
  "p": "engrotuspodjetje",
  "placesId": "ChIJZR9cLGoyZUcRbdHpqokLMos"
}, {
  "p": "planettuskranj",
  "placesId": "ChIJ2TgxpP63ekcR2RlhsCsF71Y"
}, {
  "p": "tokoproizvodnja",
  "placesId": "ChIJH_8azJpoe0cRFtb8O1n8ZY8"
}, {
  "p": "tussupermarketradvanje",
  "placesId": "ChIJ4d2UIIl3b0cREx7tBC3pUx8"
}, {
  "p": "tushipermarketmaribor",
  "placesId": "ChIJAYlkDj53b0cRRQS1FZhUEmU"
}, {
  "p": "planettusyelje",
  "placesId": "ChIJVVtTL-1wZUcRCNVpM_3UE-s"
}, {
  "p": "tussupermarketbakovska",
  "placesId": "ChIJqePfECI_b0cR0H0OEK2hQlc"
}, {
  "p": "planetnovomesto",
  "placesId": "ChIJj1E7Dub_ZEcRLE7y1emz_bE"
}, {
  "p": "engrotusslovenia",
  "placesId": "ChIJX7wwonYmZUcRWr9hTJw4Xp8"
}, {
  "p": "supermarketmenges",
  "placesId": "ChIJry0yl_s0ZUcRAMsDltAEn50"
}, {
  "p": "hipermarketmaribor",
  "placesId": "ChIJ0dFzhL53b0cR480oson0t9w"
}, {
  "p": "tussupermarketrace",
  "placesId": "ChIJ-ZbGO417b0cR-RCiB9yOWTc"
}, {
  "p": "tussupermarketszena",
  "placesId": "ChIJEYftPXQVe0cR8G3q98vKHj0"
}, {
  "p": "tussuperzalec",
  "placesId": "ChIJxYXJFgpvZUcRsZ4YpszKqtc"
}, {
  "p": "vapeonshop",
  "placesId": "ChIJHVxH3CPNekcRD_XJd2aZ2GQ"
}, {
  "p": "houseofdreamingbooks",
  "placesId": "ChIJMUQivWItZUcRgx_nz_HjIKw"
}, {
  "p": "zalozbasanje",
  "placesId": "ChIJ2fPYvGItZUcRzRGaF9FxmO8"
}, {
  "p": "quicksilverstore",
  "placesId": "ChIJgfftgWQtZUcRghGloQ1WwlE"
}, {
  "p": "Sportinaclothing",
  "placesId": "ChIJTV42r0IyZUcRXayLVATC684"
}, {
  "p": "marellagallery",
  "placesId": "ChIJUdAFUmItZUcRct9nt53RikU"
}, {
  "p": "morrosartoriale",
  "placesId": "ChIJiVqYpWcyZUcRArfG2FZJ0sE"
}, {
  "p": "karinzatrgovino",
  "placesId": "ChIJ7aKirQPTekcRmt3B5Wyblas"
}, {
  "p": "peakperformancegeneralstore",
  "placesId": "ChIJH_5GhGQtZUcRVNZ-wxM9c5Q"
}, {
  "p": "polypopljubljana",
  "placesId": "ChIJwSfpFHozZUcRzAg18Etzq20"
}, {
  "p": "garderobacustomshirts",
  "placesId": "ChIJz0XSkGkyZUcRA_aFVD_i1YM"
}, {
  "p": "kartjaprodoo",
  "placesId": "ChIJd7hd75YyZUcRkQLIMdtBcYs"
}, {
  "p": "frutasunderwear",
  "placesId": "ChIJY1UlRnItZUcRYLKQlyUE3CA"
}, {
  "p": "conviniencestore489",
  "placesId": "ChIJ668bzd741WsRB6ZtsPZ6S7U"
}, {
  "p": "missiontworepair",
  "placesId": "ChIJASeRRtn41WsRkfiOjx4rUK8"
}, {
  "p": "swaggerandjaxx",
  "placesId": "ChIJgUWtFCD51WsRNZP7MEjlDfg"
}, {
  "p": "grandcentralcafe",
  "placesId": "ChIJ9eO7M8n51WsRnjsts5jPut4"
}, {
  "p": "stripescoffee",
  "placesId": "ChIJk-9fPAP51WsRDH-3BgQhtMk"
}, {
  "p": "aitkenvalebeautyspot",
  "placesId": "ChIJyRR5IIr51WsRaiI_So3efvM"
}, {
  "p": "annandaleminimart",
  "placesId": "ChIJZcTt2jv61WsRxWCq1z26S_c"
}, {
  "p": "australianwarfightercoffee",
  "placesId": "ChIJZ-qKSjb71WsRsje698iQ5RU"
}, {
  "p": "townsvillehelivopters",
  "placesId": "ChIJoQ0kidf71WsRaniOtgz5YXE"
}, {
  "p": "australianlaundries",
  "placesId": "ChIJo3ps4hD51WsRd-Ar0srbA5Q"
}, {
  "p": "xfittropics",
  "placesId": "ChIJyQvTytz31WsREZW_-SIlpbk"
}, {
  "p": "slapandpickle",
  "placesId": "ChIJAQDUfpFmeGkR5DZLHv1YL1o"
}, {
  "p": "blvktempletattoo",
  "placesId": "ChIJBcuoNpJmeGkRJNFbMIKzgtM"
}, {
  "p": "australianway",
  "placesId": "ChIJ4avgvPrhk2sRH8CYd2cTq3I"
}, {
  "p": "carryonluggage",
  "placesId": "ChIJGx79xVJfkWsRPurVq6Y_QZs"
}, {
  "p": "jamrocjamaican",
  "placesId": "ChIJca3hz7sEkWsReCANhRe3Uq4"
}, {
  "p": "blackmarkettattoo",
  "placesId": "ChIJh4D4-rQckWsR52kzp_R5Ad0"
}, {
  "p": "createbyrencounter",
  "placesId": "ChIJNZuUtFOvEmsRlWN4yPY_E-M"
}, {
  "p": "vrcorner",
  "placesId": "ChIJeUh3oiSuEmsR_1jCzbosA4w"
}, {
  "p": "cintacottage",
  "placesId": "ChIJtfnjtM_3KWsRNj1ByadgAJg"
}, {
  "p": "hansasteakgrill",
  "placesId": "ChIJeXydJXVt1moRzx_mtzVPbts"
}, {
  "p": "sensuspa",
  "placesId": "ChIJJysdDExd1moRtxGJoirDeLk"
}, {
  "p": "charlato",
  "placesId": "ChIJP5xSGP0pMm0R4PpJ8vRERVg"
}, {
  "p": "rosebakeshop",
  "placesId": "ChIJWVz6oe38_TIRTUFQhQ_6kUU"
}, {
  "p": "fruitopia",
  "placesId": "ChIJsRBE4QYa2jERYjbH7X0ySBE"
}, {
  "p": "intermissionbar",
  "placesId": "ChIJyazAl7MZ2jER9Y7oUnS_5pI"
}, {
  "p": "thehangar",
  "placesId": "ChIJi6tGqrEZ2jEREHSOc4UOjKA"
}, {
  "p": "meatandgreen",
  "placesId": "ChIJG3M9RgoZ2jERVPQVOYqCvgQ"
}, {
  "p": "multihousefamilyclub",
  "placesId": "ChIJmeJgmDoCVTAROL3_Iv7q4Yg"
}, {
  "p": "BEACHUB",
  "placesId": "ChIJkZoQvtgBVTAR6fZuHLksTig"
}, {
  "p": "onelovedome",
  "placesId": "ChIJK8SasxH-VDAR4LuMsKxJc2I"
}, {
  "p": "coincafeandbar",
  "placesId": "ChIJQ0IYUCFRCTERis86f6LLcOQ"
}, {
  "p": "innerbeauty",
  "placesId": "ChIJgTM5gu2d4jARkScCtzT3o_o"
}, {
  "p": "pilgrimskitchen",
  "placesId": "ChIJNbIiRXBUMzcR-jqNSGbogGQ"
}, {
  "p": "osakajapanese",
  "placesId": "ChIJ59c764loJDERxP14gNjasL8"
}, {
  "p": "satoshihouse",
  "placesId": "ChIJr-eqBwpF1jAR3-ysHcDCs9k"
}, {
  "p": "discountstore",
  "placesId": "ChIJ67rQfSQmSTcRJSjXThnhTM8"
}, {
  "p": "radhakrishna",
  "placesId": "ChIJJ2e1I0hP4DsRPtM669Bp_5Q"
}, {
  "p": "craftbrewandco",
  "placesId": "ChIJ_b2BD3sABDQRmD8SJY2traY"
}, {
  "p": "gardenmeow",
  "placesId": "ChIJa7Tzj3sABDQRLxX5ZRYbm_U"
}, {
  "p": "audreydiving",
  "placesId": "ChIJT6CYAs9r5TQRiY-XKFKlg3M"
}, {
  "p": "hawaiankombucha",
  "placesId": "ChIJr0fURgKPAGARshB05qRiD-M"
}, {
  "p": "crossfitshohaku",
  "placesId": "ChIJH2cImOsHAWAR4DQoWtLyGkg"
}, {
  "p": "lphairsalon",
  "placesId": "ChIJS7cw_aMIAWAR-fxoaF0U2PI"
}, {
  "p": "ruinsminakami",
  "placesId": "ChIJV31deYUUHmARcQAixqapYWs"
}, {
  "p": "horumonsuzu",
  "placesId": "ChIJyzesoqrkGGAR__9Q9eJWYXI"
}, {
  "p": "venusfort",
  "placesId": "ChIJHSxNyvuJGGAR_vR8-myhjl0"
}, {
  "p": "hairmake",
  "placesId": "ChIJM1BupECLGGARz51CXglZono"
}, {
  "p": "bluebaobabafrica",
  "placesId": "ChIJoUeP5JeLGGAR4WbETRW39_8"
}, {
  "p": "eletokyo",
  "placesId": "ChIJUQrMm52LGGARtK0xRyBQjbI"
}, {
  "p": "villatoyko",
  "placesId": "ChIJEZfPQXiLGGARy84gbxG7258"
}, {
  "p": "v2tokyo",
  "placesId": "ChIJMUw6UgKLGGARFYLerPlpqKo"
}, {
  "p": "memoriesbar",
  "placesId": "ChIJofN7xfiLGGARvAXFqNjV1fI"
}, {
  "p": "wallstreet",
  "placesId": "ChIJazPaNjeLGGAR8X9qPYcdAok"
}, {
  "p": "secretbeautysalon",
  "placesId": "ChIJ6SUtpeCLGGARbC4ryt8tt1M"
}, {
  "p": "coaster",
  "placesId": "ChIJ62O45u3zGGAR07d3fy1tsAQ"
}, {
  "p": "olivierisrael",
  "placesId": "ChIJjx94JYFMHRURPDr-UEDfNVc"
}, {
  "p": "nonnoangelopizza",
  "placesId": "ChIJnxksF3ZMHRUR6Gm--F6TUTI"
}, {
  "p": "eduardosrestaurant",
  "placesId": "ChIJReli1jW6HRURbZbd2rRTjis"
}, {
  "p": "olabicoffee",
  "placesId": "ChIJaczEakThMRURsv5AbobI4Mo"
}, {
  "p": "skaptobara",
  "placesId": "ChIJ46vLf2WFqkAR72z9LicHh5M"
}, {
  "p": "metropolisvalladolid",
  "placesId": "ChIJw1Krb7ESRw0R1UC2HKJuvIQ"
}, {
  "p": "acompanante",
  "placesId": "ChIJX_nL-d4UWQ0Ro8zzNVaKS6o"
}, {
  "p": "anastasia",
  "placesId": "ChIJIUkcZZZGJA0RVjSksR4176g"
}, {
  "p": "salzkeller",
  "placesId": "ChIJHRZObBrHhEcR3nY6kEEE3uA"
}, {
  "p": "greenpack",
  "placesId": "ChIJMX7LttfumkcRBjsWMiOODLw"
}, {
  "p": "belmobile",
  "placesId": "ChIJk6VQXpHDw0cRNEdLpSrOUkY"
}, {
  "p": "dreambags",
  "placesId": "ChIJ3dj-NbocdkgRCBCRhLdMJqs"
}, {
  "p": "scymoreinn",
  "placesId": "ChIJOSvzugyJeUgRjo5qann3mIY"
}, {
  "p": "dawsontattoo",
  "placesId": "ChIJ58XM0_MBe0gR_yCuW4TtPG8"
}, {
  "p": "harlequien",
  "placesId": "ChIJtSSm9YsfZUgR79B6VCglbn0"
}, {
  "p": "barbaluppo",
  "placesId": "ChIJLyQ0LICxKRMRJYsT5RIxIm8"
}, {
  "p": "lacasinadialice",
  "placesId": "ChIJxVcvZnDp1RIRB9eXQWT4Jo8"
}, {
  "p": "eticoh",
  "placesId": "ChIJyeDyw8le0hIR84CrdWbrxq4"
}, {
  "p": "seapalaca",
  "placesId": "ChIJT-hqy8le0hIRwzbLQedifpE"
}, {
  "p": "hotelraphael",
  "placesId": "ChIJFSsSplpgLxMREy6f0WNC4Og"
}, {
  "p": "materterrae",
  "placesId": "Mater Terrae, Largo Febo, Rome, Metropolitan City of Rome, Italy"
}, {
  "p": "bekechanticafe",
  "placesId": "ChIJ73k8DS9SqEcRNRl7eOknvpU"
}, {
  "p": "mamasbanh2",
  "placesId": "ChIJO08PhNlRqEcR8FskcKy3UeI"
}, {
  "p": "veganbeat",
  "placesId": "ChIJAw_5Eu69oRQR4w6RTKe9i6s"
}, {
  "p": "limebistrot",
  "placesId": "ChIJB6DTq-C8oRQRqn75UfjoYIE"
}, {
  "p": "foreverars",
  "placesId": "ChIJDT3UTUJESUYRp4Xu8lv1E3U"
}, {
  "p": "imania",
  "placesId": "ChIJh05lyowySUYRTGCNDAToGrg"
}, {
  "p": "lagaiphone",
  "placesId": "ChIJdZbVb1jzT0YRF98QjaLxH0I"
}, {
  "p": "inetringoen",
  "placesId": "ChIJ65F8G5v0T0YRiiuHZFXbUZ4"
}, {
  "p": "christers",
  "placesId": "ChIJXcYiv2XzT0YRY_O5Mx4wXeQ"
}, {
  "p": "webhallen",
  "placesId": "ChIJhaTiP8jyT0YRrKuLe4PZ410"
}, {
  "p": "inetsisjon",
  "placesId": "ChIJ7wSLwUcPRUYRlvOCKcjGHEQ"
}, {
  "p": "webhallen2",
  "placesId": "ChIJMQCovI7yT0YRYAf2LmtGp6g"
}, {
  "p": "inethoetorget",
  "placesId": "ChIJTZh9kl2dX0YR9qLngUR3-XQ"
}, {
  "p": "inetbarbarby",
  "placesId": "ChIJQ2Rs2XOfX0YRPG9_j1kqc7Q"
}, {
  "p": "webhallen3",
  "placesId": "ChIJ2f-UbmGYX0YRztY_eu53GuA"
}, {
  "p": "inetmalmoe",
  "placesId": "ChIJlzib11ehU0YRYHtv7HBtsmM"
}, {
  "p": "nailsberlin",
  "placesId": "ChIJhZKlG-RRqEcRA8LBJWzZ09Y"
}, {
  "p": "kafekamen",
  "placesId": "ChIJoSCkPRyVC0cRw2UQa64-ISA"
}, {
  "p": "sklep",
  "placesId": "ChIJ15hTJtfwFkcRDz1LGk-VVVg"
}, {
  "p": "paralelna",
  "placesId": "ChIJ1QKwT7OObEcRQ2zvDgaQ8SI"
}, {
  "p": "tianveg",
  "placesId": "ChIJtzt5cZ4HbUcRklnIDmBY1s4"
}, {
  "p": "tienbistro",
  "placesId": "ChIJJw3E5JEHbUcR71kinrltbbo"
}, {
  "p": "doblo",
  "placesId": "ChIJN_GX2mncQUcRaCCZS_2vzg0"
}, {
  "p": "brewdogbudapest",
  "placesId": "ChIJs30Z53TdQUcRQsvTzrazcVY"
}, {
  "p": "oldshepherd",
  "placesId": "ChIJOS0PGp0OSUcRLw1tqiC5ZRk"
}, {
  "p": "veghotel",
  "placesId": "ChIJew6PbPOocEcRxSMvBUL8W2k"
}, {
  "p": "hausangela",
  "placesId": "ChIJQzRojB6Dd0cRSDtPgoNMRdk"
}, {
  "p": "designhotel",
  "placesId": "ChIJJyJVkiamZEcRdTcW6nDFAvQ"
}, {
  "p": "gradkavana",
  "placesId": "ChIJid106uOgZEcR6RBDTBkEcVE"
}, {
  "p": "ostoja",
  "placesId": "ChIJ30pUtIa04UYRpUzv8OZkCoE"
}, {
  "p": "taisykla",
  "placesId": "ChIJK71OV6by3UYR0lEApKKJefg"
}, {
  "p": "unitedcolors",
  "placesId": "ChIJ5bbwA06R3UYRZsarlAklUTg"
}, {
  "p": "sothys",
  "placesId": "ChIJNxZagA-U3UYRMjXsAUJPm4Y"
}, {
  "p": "unitedcolors2",
  "placesId": "ChIJw9EM7hCU3UYRoyjki1wCGKw"
}, {
  "p": "bardakas",
  "placesId": "ChIJA-Z4mBGU3UYRRjoURUDf2bs"
}, {
  "p": "borsch",
  "placesId": "ChIJFzb3Qw2U3UYRlQiZ3uW_I4s"
}, {
  "p": "capsule",
  "placesId": "ChIJ9Rfs1xSU3UYRWFnvhTTNCPY"
}, {
  "p": "oldtaunas",
  "placesId": "ChIJ895QNBWU3UYRRXFwHs3wto0"
}, {
  "p": "firmvilnius",
  "placesId": "ChIJN-uGsGqU3UYRV_bYyIO8Q5Q"
}, {
  "p": "gaspars",
  "placesId": "ChIJt_jgTxOU3UYRVQgD2fV6tFE"
}, {
  "p": "zenoteca",
  "placesId": "ChIJhzAvNDyU3UYR4cwcM4Odlys"
}, {
  "p": "kolekcija",
  "placesId": "ChIJc7L6gxGU3UYR2W24SJ1fd9w"
}, {
  "p": "crankshop",
  "placesId": "ChIJNaArxGuU3UYRwuAIlNqpBfw"
}, {
  "p": "apgerbi",
  "placesId": "ChIJ15Ykqq5c6EYRTeZgKCBulCo"
}, {
  "p": "eirovins",
  "placesId": "ChIJU-2UMtPP7kYRu2JXMcYil0w"
}, {
  "p": "murphysdiner",
  "placesId": "ChIJo9CDstlO4okRfsf2JiGxTNI"
}, {
  "p": "carolinabeecompany",
  "placesId": "ChIJ42166SxTrIkRNbfT1HgHPAU"
}, {
  "p": "baguettemenot",
  "placesId": "ChIJEYa5HNa6MioR1cGZvWnrkZQ"
}, {
  "p": "verduleriaarcoiris",
  "placesId": "ChIJnS9VDjxvzZUR56KySIgo1N8"
}, {
  "p": "thewinedoctor",
  "placesId": "ChIJgVPWVzuuEmsRozo_4YcE1aQ"
}, {
  "p": "bitcoincoffeebar",
  "placesId": "ChIJHSNeBBYvdTER4JnGufx-YPs"
}, {
  "p": "thekyberthandori",
  "placesId": "ChIJO1rr7RnjdUgRbTYuzrsv_Xc"
}, {
  "p": "kismetrestaurantlounge",
  "placesId": "ChIJBRNuRGw90i0R9FExBV24t_Q"
}, {
  "p": "givirubinstein",
  "placesId": "ChIJB_IsZRLP1EARWZe7sK6baOc"
}, {
  "p": "barkonyak",
  "placesId": "ChIJZ5T9cWSTkkYRuUu1Qp85518"
}, {
  "p": "lolliquors",
  "placesId": "ChIJmaGQiSKNXIYRdYP7lrkDa3I"
}, {
  "p": "bardofarm",
  "placesId": "ChIJ_UJrFBfl4YkR-_WCnbjHLy8"
}, {
  "p": "richarddahmswine",
  "placesId": "ChIJkcKjNdz3okcRd96ncRPjdD0"
}, {
  "p": "misconductwine",
  "placesId": "ChIJTydCYpBiglQR41ijq93PoPs"
}, {
  "p": "lanayferme",
  "placesId": "ChIJJTDZbBSQTYcROW8VsgGT0ao"
}, {
  "p": "pexpeppers",
  "placesId": "ChIJgW0urcuiE4cR3UkouKIwTU8"
}, {
  "p": "cafe935",
  "placesId": "ChIJPw8RtHi8MioRgKuEC3PEWZo"
}, {
  "p": "bbq",
  "placesId": "ChIJd2XyOmTZ1EARGfOVlBAw528"
}, {
  "p": "mistertwister",
  "placesId": "ChIJR9SPjlfI1EARFlfcAxHECzA"
}, {
  "p": "pestocafe1",
  "placesId": "ChIJDz5cIYnP1EARvgvPjj6-NrY"
}, {
  "p": "pestocafe2",
  "placesId": "ChIJobvprZHM1EARmKPbe2XnJus"
}, {
  "p": "pestocafe3",
  "placesId": "ChIJV1_x2hDS1EARwcNEu4zgsAk"
}, {
  "p": "pestocafe4",
  "placesId": "ChIJ5dKEdlHO1EARpBpSpRiUmAs"
}, {
  "p": "pestocafe5",
  "placesId": "ChIJlX1KC6bF1EARYRHvy9p857o"
}, {
  "p": "pestocafe6",
  "placesId": "ChIJNRHfbrfO1EARoAnNRSEUZNc"
}, {
  "p": "pestocafe7",
  "placesId": "ChIJeyZbKyLM1EARt3o7wMGU_tM"
}, {
  "p": "pestocafe8",
  "placesId": "ChIJS-Fa4QLO1EAR9VCdK0bW86c"
}, {
  "p": "pestocafe9",
  "placesId": "ChIJEeHtvbDF1EARvP7dGJsk7hc"
}, {
  "p": "perfettograno",
  "placesId": "ChIJK0svkb_M1EARsWQ26nvfKRc"
}, {
  "p": "bryusli",
  "placesId": "ChIJGYZcH_DO1EARyLDrcTv7rdc"
}, {
  "p": "juiceenergy",
  "placesId": "ChIJLx9WLvJZkWsRFVX3Ot-IzF4"
}, {
  "p": "ltdespresso",
  "placesId": "ChIJ76L6CPNZkWsReALnMiiviqA"
}, {
  "p": "thrivedarwin",
  "placesId": "ChIJ4R0PqT-XwCwR3WHq5m31co0"
}, {
  "p": "gold2020",
  "placesId": "ChIJ_zeSonpfKowRFm7sWyevgC0"
}, {
  "p": "bluedoorcafe",
  "placesId": "ChIJqV62xWcUc2sRHU1Tp17WmpY"
}, {
  "p": "bellissimocoffee",
  "placesId": "ChIJ1yRAg5JZkWsRqCZKC6rcNCU"
}, {
  "p": "burritoshack",
  "placesId": "ChIJT7-FTvJZkWsRPEpO5OSmqdQ"
}, {
  "p": "maplecafe",
  "placesId": "ChIJXW-CTuimcKoRMABoDJAlXj0"
}, {
  "p": "giardinetto",
  "placesId": "ChIJC2zbC_NZkWsRw4qY-ylWHhc"
}, {
  "p": "therollshop",
  "placesId": "ChIJ8YpqHx1akWsRuemb7uGM2ng"
}, {
  "p": "delhistreets",
  "placesId": "ChIJW6n2CFJd1moRgzF7MAe-pSw"
}, {
  "p": "pablorusty",
  "placesId": "ChIJQ8HvfxxakWsREXQ2zHIhVUY"
}, {
  "p": "ambrosia",
  "placesId": "ChIJhcS1fTCjlGsRY9J6TwsKIcc"
}, {
  "p": "baltiindian",
  "placesId": "ChIJScLkKPJZkWsRzY3ok_3KrzA"
}, {
  "p": "banhmitime",
  "placesId": "ChIJV9tjtPNZkWsRmmbBoKVAOyI"
}, {
  "p": "lunchon107",
  "placesId": "ChIJ9xpVb-nOsGoRUUf1ed-kbAs"
}, {
  "p": "fireandfood",
  "placesId": "ChIJZWtzpEGuEmsRXi8i3De3wLY"
}, {
  "p": "kitsch",
  "placesId": "ChIJfWcs4D2U3UYRhVU243HPHFc"
}, {
  "p": "thetownsteakhouse",
  "placesId": "ChIJ3blgyQ-U3UYRNWndf1aE1SQ"
}, {
  "p": "licateum",
  "placesId": "ChIJ54HaRxOU3UYRwF7gqfI8cbs"
}, {
  "p": "livingtea1",
  "placesId": "ChIJs-3WZcBV2YARhcE4gOn2aj4"
}, {
  "p": "livingtea2",
  "placesId": "ChIJAafVIT1u3IARUYbsEeNtkjg"
}, {
  "p": "theradler",
  "placesId": "ChIJKRgL-2LND4gREIkwgomHgnk"
}, {
  "p": "varenychnakatyusha",
  "placesId": "ChIJMT2pVv_O1EARxqIKF0ZX19U"
}, {
  "p": "3bcafe",
  "placesId": "ChIJu3AhyWrO1EARa_NiJaHM0jU"
}, {
  "p": "elcafedelaluna",
  "placesId": "ChIJ9WR7lSqaP44RfndN1Ihhyi8"
}, {
  "p": "sugarcoffeebar",
  "placesId": "ChIJ82TSWFDO1EARICWVONinxqI"
}, {
  "p": "chateaurobertdoms",
  "placesId": "ChIJP1zBJlHO1EARCxaXNX-cGmU"
}, {
  "p": "iconbar",
  "placesId": "ChIJ2asp66LF1EARFTHw5ESfFV4"
}, {
  "p": "latiendita",
  "placesId": "ChIJ8SnPhykoRI4RoqsVwRkMuQI"
}, {
  "p": "unitcafe",
  "placesId": "ChIJ82L-JdDN1EARqSDtBQ65OsA"
}, {
  "p": "kanareyka",
  "placesId": "ChIJ1deZrHzO1EARJ9Lcx_DUsnk"
}, {
  "p": "uptowncoffeebar",
  "placesId": "ChIJV8yx-i74pkcRkTs3HdFEcVQ"
}, {
  "p": "taygerpizzabar",
  "placesId": "ChIJ-XWvFyXM1EARfJy62SUCOzM"
}, {
  "p": "paneevino",
  "placesId": "ChIJX-KxMjyU3UYRszG9FuhKMXg"
}, {
  "p": "steakforbreak",
  "placesId": "ChIJ4wdqcLaW3UYRRunLG39PJkc"
}, {
  "p": "talunga",
  "placesId": "ChIJ2ed0yfFPt2oR4LGTHvPgLl4"
}, {
  "p": "musclebarcafe",
  "placesId": "ChIJe5RYpyTJsGoRVzAwcCThUfs"
}, {
  "p": "licoreravillareal",
  "placesId": "ChIJi0A0FqcpRI4RDTbBZm2gQeg"
}, {
  "p": "hungryjoes",
  "placesId": "ChIJCZJ41jC9wCwRwKpyn2aDev8"
}, {
  "p": "hoeksfish",
  "placesId": "ChIJPxaGhtndyEcRjW6Z-_9m2Oo"
}, {
  "p": "pollosdonguillo",
  "placesId": "ChIJIXss2KApRI4RP2YGr4zWcmI"
}, {
  "p": "elcompy",
  "placesId": "ChIJFxDKF6cpRI4Rnk3IW4_UxK8"
}, {
  "p": "tremendaspapitas",
  "placesId": "ChIJfSn2oB0pRI4Rqi36EiKMikw"
}, {
  "p": "tiendaderejagris",
  "placesId": "ChIJq4ILncgpRI4RDGbHdk4Gmno"
}, {
  "p": "costillasburgers",
  "placesId": "ChIJa025fs4pRI4RfmyKWoMR7o0"
}, {
  "p": "fastdog",
  "placesId": "ChIJrUgC-KYpRI4RLqKUeYUsfKI"
}, {
  "p": "liquidbar",
  "placesId": "ChIJFQn5EaIRdUcRo0LWm5vgI2c"
}, {
  "p": "sociedaddelcafe",
  "placesId": "ChIJe7HI77FZKowRjr5Xc-EZhgg"
}, {
  "p": "isenburgerimbiss",
  "placesId": "ChIJu9NLFekMvUcRq5S134LLkJ0"
}, {
  "p": "diepizzaschmiede",
  "placesId": "ChIJ2VyXc-typEcREiJvuA4gNWU"
}, {
  "p": "bistroambrunnen",
  "placesId": "ChIJgeVw6PSwl0cRoSGU-8fQd_A"
}, {
  "p": "creapizza",
  "placesId": "ChIJK6zvX1CCRo4RvtskvXKNxVI"
}, {
  "p": "kaufdahoam",
  "placesId": "ChIJU7dx_3r-c0cR0HJOO0HH-7I"
}, {
  "p": "bonappetit",
  "placesId": "ChIJC7BaI-BYKowRKKLsTpdiZYw"
}, {
  "p": "mandalascoffee",
  "placesId": "ChIJzSd9iLqDRo4RhVtMacRJOR8"
}, {
  "p": "laplacita",
  "placesId": "ChIJZY70RakpRI4Ria7iLBzvlIM"
}, {
  "p": "lacamerata",
  "placesId": "ChIJCSwwfAQpRI4RhPv1tqNzRNA"
}, {
  "p": "lmdistribuidora",
  "placesId": "ChIJpbkd5QiDRo4RMGDiKMg2Xzo"
}, {
  "p": "orangegrill",
  "placesId": "ChIJ0SnKLIwpRI4RcUqCZBnslBc"
}, {
  "p": "mercadosdelrancho",
  "placesId": "ChIJyas9PR0pRI4RWKYtTQlVYeM"
}, {
  "p": "rellenitas",
  "placesId": "ChIJqaw8a1CCRo4R45F972Zv_ks"
}, {
  "p": "premiumpizza",
  "placesId": "ChIJOfOs2L4pRI4R2YsXDl3f3e4"
}, {
  "p": "ruta40company",
  "placesId": "ChIJBfszzWCDRo4ROLFXGqSyt8A"
}, {
  "p": "pregame",
  "placesId": "ChIJUU_zzBuf4jARyivbMwWGCv4"
}, {
  "p": "limlaongow",
  "placesId": "ChIJ0YtxE9Ke4jARV9kw3weSBTE"
}, {
  "p": "planetsandwich",
  "placesId": "ChIJQeBm9s5ZKowRnusk_KUZ8hc"
}, {
  "p": "zacatecas",
  "placesId": "ChIJ3arrQJkpRI4RjKfnKcka_Rw"
}, {
  "p": "hachebistro",
  "placesId": "ChIJkzNWjcdZKowRa09mjoaCF24"
}, {
  "p": "elsombrero",
  "placesId": "ChIJBXceKaApRI4RjzVBMQxOxsY"
}, {
  "p": "burgersmax",
  "placesId": "ChIJxzxK5VCCRo4RbX6SUQSqhE0"
}, {
  "p": "guilliarepas",
  "placesId": "ChIJlyKmR6ApRI4RtI2n_OU-UJc"
}, {
  "p": "ragazzisabaneta",
  "placesId": "ChIJu9dzmN6DRo4RORRQVfTOJ3w"
}, {
  "p": "ragazzitradicion",
  "placesId": "ChIJbc-SWbODRo4RZ59dsGV6G1E"
}, {
  "p": "carlospapitasmix",
  "placesId": "ChIJWXa_F02CRo4RbtqF-IamJic"
}, {
  "p": "ragazzilaureles",
  "placesId": "ChIJ-XzMvNMpRI4RHQKC66f1Jhc"
}, {
  "p": "rellericas",
  "placesId": "ChIJPU3CuU2CRo4RRHRf4KmH-so"
}, {
  "p": "patatasfactory",
  "placesId": "ChIJ2XyG3rUpRI4Rc9-6UrifIeA"
}, {
  "p": "tepuysabores",
  "placesId": "ChIJzS2DxKYpRI4RP8l9J6FNWkQ"
}, {
  "p": "stardogs",
  "placesId": "ChIJ0XqrLXzULo4Rq3O7oTLexpo"
}, {
  "p": "bigpig",
  "placesId": "ChIJqdm39kCDRo4RLPVOW1GCLf4"
}, {
  "p": "cheesepatatas",
  "placesId": "ChIJq2f1WXqDRo4RsPMM-2K-zxA"
}, {
  "p": "burgerhouseasados",
  "placesId": "ChIJq2ND-0iDRo4RF72iYr89Omc"
}, {
  "p": "santemplobar",
  "placesId": "ChIJ__q6qE2CRo4RrRNO1kTfORI"
}, {
  "p": "lapapitasr",
  "placesId": "ChIJ5W7uZ3CDRo4RdVcuy-bVQPY"
}, {
  "p": "chillingshake",
  "placesId": "ChIJC0ut4aEpRI4RSZwiYwcA8xI"
}, {
  "p": "publichouse",
  "placesId": "ChIJ2TBsBVCCRo4RwjQQ2FQ3JtM"
}, {
  "p": "comidasrapidas",
  "placesId": "ChIJlW1NKzCcP44RxhO3gpRdi4A"
}, {
  "p": "zacatecasrestaurantemexicano",
  "placesId": "ChIJ3arrQJkpRI4RjKfnKcka_Rw"
}, {
  "p": "pedacitodeamor",
  "placesId": "ChIJTS-oBrODRo4R1z-tHMKDANc"
}, {
  "p": "cornerbistro",
  "placesId": "ChIJA7HAioiDRo4RGRbiVzYfiOI"
}, {
  "p": "alitosas",
  "placesId": "ChIJCfSmzoCDRo4RANKPT8T6sEU"
}, {
  "p": "fruteriayheladerialasensacion",
  "placesId": "ChIJ-8mzMqI_aI4RuT5QPjaKp_4"
}, {
  "p": "enquadrarte",
  "placesId": "ChIJAcf2uaYpRI4RbjcacthkItU"
}, {
  "p": "lamiaristoranteexpress",
  "placesId": "ChIJd-w1o1kVaI4R9NUCmAoNW2Y"
}, {
  "p": "lechonlechonaempachona",
  "placesId": "ChIJ8Vn9draFP44ReSFq1TZDvnc"
}, {
  "p": "losfuertesdelapizza",
  "placesId": "ChIJYcsiRAiFP44RuXvxDdxJpu0"
}, {
  "p": "laareperia",
  "placesId": "ChIJnxTr0TOFP44RcgEANSSAKOY"
}, {
  "p": "lamiaexpress",
  "placesId": "ChIJr4c-0-Y_aI4RgG0h9XsLPhw"
}, {
  "p": "dimariagelateria",
  "placesId": "ChIJgYdtt6gpRI4RL2EBCYDL6cA"
}, {
  "p": "losquesoditos",
  "placesId": "ChIJiaarRKyDRo4Rxw2sGOgPquo"
}, {
  "p": "tokachicharron",
  "placesId": "ChIJP2t07EuCRo4RIUyFxT2_SlE"
}, {
  "p": "sanpatelosbar",
  "placesId": "ChIJITZr2VGCRo4Re4QtuSyjO-Q"
}, {
  "p": "snacksazon",
  "placesId": "ChIJPYW_TVqDRo4R0b9YqeV2rNI"
}, {
  "p": "elpandemilola",
  "placesId": "ChIJIzlTkc2DRo4RCKtLCxhgKA4"
}, {
  "p": "laareperialunch",
  "placesId": "ChIJ8e1_3mCFP44Rpyr4cxw6K2M"
}, {
  "p": "crunchybbq",
  "placesId": "ChIJZ2k551eCRo4R6WsAcYijuT8"
}, {
  "p": "crunchybbq2",
  "placesId": "ChIJI68qPE2CRo4RDgkkikM862U"
}, {
  "p": "elgranbudare",
  "placesId": "ChIJBVOObKcpRI4RtQ9ZyPkemoQ"
}, {
  "p": "exoticfood",
  "placesId": "ChIJP84iFX4pRI4RV25P7IjAb6w"
}, {
  "p": "hornodelena",
  "placesId": "ChIJB-rb0qc_aI4R3f82jW9N82Y"
}, {
  "p": "santorirestaurante",
  "placesId": "ChIJJ9LyKKApRI4RhLRUbYila5M"
}, {
  "p": "carlottareposteria",
  "placesId": "ChIJSeFH_bWDRo4ROYFc3dPjkHU"
}, {
  "p": "licoresfederal",
  "placesId": "ChIJyZuJwggpRI4RIF2Yj21vn5c"
}, {
  "p": "roxburger",
  "placesId": "ChIJyZLkoByDRo4RJ0NDiFmExII"
}, {
  "p": "costillaburguers2",
  "placesId": "ChIJYe4i0FGCRo4RHqWC9zTkdVY"
}, {
  "p": "amalurcafebar",
  "placesId": "ChIJAeuR4aYpRI4RzLB89ONA1Pw"
}, {
  "p": "pollosariel",
  "placesId": "ChIJLcQIdmyDRo4RMJsq_SBk-R4"
}, {
  "p": "williamsconfectionary",
  "placesId": "ChIJB9sbiSKNXIYR4Zg4QNq1IaE"
}, {
  "p": "qpatacon",
  "placesId": "ChIJP0uU-3iDRo4RIIu09FT1nOs"
}, {
  "p": "downtherabbithole",
  "placesId": "ChIJxW7QqbRaDhMRpsH5qmxQqyA"
}, {
  "p": "toscanini",
  "placesId": "ChIJpW1kwJjgc0cRApbyvzwIjmw"
}, {
  "p": "tavernezumgriechen",
  "placesId": "ChIJqToynXTnc0cRTWNEqxUjq30"
}, {
  "p": "bellacosa",
  "placesId": "ChIJnQcdNrsCdkgRzUmbTOgBWJQ"
}, {
  "p": "adegbreitfuss",
  "placesId": "ChIJe12Bx8yfdkcRu2wVu5KQm7g"
}, {
  "p": "localtimebangkok",
  "placesId": "ChIJB7Qy53uf4jARqNTlLl_9m_U"
}, {
  "p": "frankfurtlapubilla",
  "placesId": "ChIJg0xOAR2jpBIRLYWMULHYw-g"
}, {
  "p": "okinawarestaurantkinjo",
  "placesId": "ChIJyzErULmf4jARI4pGOFYGGgk"
}, {
  "p": "steaksbarrestaurant",
  "placesId": "ChIJzbnO-Zjyc0cRB6fNXpoJH58"
}, {
  "p": "aristonimbiss",
  "placesId": "ChIJCa0L6qlXn0cRtBKwMujmOx0"
}, {
  "p": "t1katusebaar",
  "placesId": "ChIJlcuoMFXrkkYR7eWZE9cgQ8k"
}, {
  "p": "fibo",
  "placesId": "ChIJcUdbZR7rkkYRuV9eLv6liss"
}, {
  "p": "bitcoinembassybar",
  "placesId": "ChIJ03pC23X_0YURgXXWi8-MaEI"
}, {
  "p": "cremeria",
  "placesId": "ChIJF2vsPZmUkkYRKJ1aWoCysjg"
}, {
  "p": "grandshisha",
  "placesId": "ChIJi_xRHmGTkkYRPznLON0xqRE"
}, {
  "p": "pancho",
  "placesId": "ChIJWVDmKqYHbUcRu7dzO7O45kQ"
}, {
  "p": "churchchickenlacascada",
  "placesId": "ChIJubL5TcqMKowRAvOHoiHdRvc"
}, {
  "p": "crowndonuts",
  "placesId": "ChIJv1TJ7WtZKowRrGTC67Rb1oE"
}, {
  "p": "laboulangerie",
  "placesId": "ChIJx3qHNAlFZo4RBSDIa2Y0opw"
}, {
  "p": "ixora",
  "placesId": "ChIJVVsWz6FFZo4RRynEx5bY3CY"
}, {
  "p": "tacotime",
  "placesId": "ChIJqeV9oICbP44RKQMzdhvy_rE"
}, {
  "p": "latortata",
  "placesId": "ChIJU36GNkGaP44RxBNfBMuM9pc"
}, {
  "p": "mashbangkok",
  "placesId": "ChIJ2fhNaCyf4jAR1crXYYovRRc"
}, {
  "p": "ricepaddy",
  "placesId": "ChIJQXWZ3iif4jARltbVAAKMq3Y"
}, {
  "p": "solemio",
  "placesId": "ChIJn0nCNFKe4jARtzuyr0_HOgk"
}, {
  "p": "paninimafia",
  "placesId": "ChIJX1uPp8ye4jAR8PK6eeVuYDw"
}, {
  "p": "sportland",
  "placesId": "ChIJa_HAkWr5c0cRerbIihQpvnc"
}, {
  "p": "arsamiea",
  "placesId": "ChIJPTUtRMTHyhQR1cYgmkyMyTs"
}, {
  "p": "cubcoffee",
  "placesId": "ChIJg3ILCvRtkFQRmVTtkmXYvOw"
}, {
  "p": "lapastaseattle",
  "placesId": "ChIJofsdcusTkFQRQV_kU9D1o7U"
}, {
  "p": "goja",
  "placesId": "ChIJH2pkKbmf4jARLns-1nKysN8"
}, {
  "p": "dashcafebrazil",
  "placesId": "ChIJFxIp9Ny9HpUReS0xgwklB30"
}, {
  "p": "summerstage",
  "placesId": "ChIJndvzNLoHbUcRDKVMdBuDUCc"
}, {
  "p": "speakerbox",
  "placesId": "ChIJ0Rzsosaf4jARH8VgXDvwuVc"
}, {
  "p": "trukitchen",
  "placesId": "ChIJVbzR05yTkkYRY6iRwGnClNs"
}, {
  "p": "ennswerk",
  "placesId": "ChIJj-Ng-8u7c0cRoglNeQ47ROQ"
}, {
  "p": "pergwerk",
  "placesId": "ChIJe9DRT_Sxc0cRHG7aJoHhCeU"
}, {
  "p": "roxmusicbarlinz",
  "placesId": "ChIJ_QZUKoSXc0cRNp4YiXzzdzQ"
}, {
  "p": "roxmusicbargraz",
  "placesId": "ChIJO7sWYX41bkcRBSGY_OuUr5k"
}, {
  "p": "hoppochana",
  "placesId": "ChIJ7xW7uKmf4jARTijWasNBU2M"
}, {
  "p": "pollochef",
  "placesId": "ChIJayMtrzSDRo4RXbF66CSxwB4"
}, {
  "p": "publichouselaureles",
  "placesId": "ChIJ0xbUt6EpRI4RRR91mRLyNLk"
}, {
  "p": "bearspizzeria",
  "placesId": "ChIJS53d4kApRI4RyN3bTrAroLo"
}, {
  "p": "sushiworld",
  "placesId": "ChIJYW5OPI2DRo4R1-F3VGTM6Ac"
}, {
  "p": "arpoe",
  "placesId": "ChIJT0LvIUtFZo4RquZuszlMvks"
}, {
  "p": "llanerada",
  "placesId": "ChIJLzvRlv5HZo4Ro989AW9x4Sk"
}, {
  "p": "wirtshauseiche",
  "placesId": "ChIJp7mZvlSickcRgP9zMrZJwfU"
}, {
  "p": "jukeboxamericandiner",
  "placesId": "ChIJ3_oE8fejc0cRy6eyPd6K9Ds"
}, {
  "p": "elbalcondelasdelicias",
  "placesId": "ChIJ4-peV6UpRI4RdDMuvihXrS4"
}, {
  "p": "DELIYOGUEN",
  "placesId": "ChIJcSnqsKEpRI4R5BDGzuYyG6M"
}, {
  "p": "sushiworldmedellin",
  "placesId": "ChIJtSQh7ecpRI4RGQyzrplNaSs"
}, {
  "p": "sazonpaisa",
  "placesId": "ChIJOfgUjykoRI4RdWaTRrDUqog"
}, {
  "p": "elcarrielpizzas",
  "placesId": "ChIJeTPNnLOBRo4RhAMehmDAQIk"
}, {
  "p": "elcarrielburger",
  "placesId": "ChIJNwINbGQpRI4RWzEVNikMnDs"
}, {
  "p": "elcarrieldiagonal",
  "placesId": "ChIJ_0WgjnkpRI4RaF2VMlXaM3A"
}, {
  "p": "miarepa",
  "placesId": "ChIJ5cLFc9UpRI4RvKId2OHnzZo"
}, {
  "p": "senorwok",
  "placesId": "ChIJQwQTeR6DRo4RfP9nnRKOMrc"
}, {
  "p": "bufalapizzeria",
  "placesId": "ChIJcQiuB3mDRo4Rrp5FVo2VZXo"
}, {
  "p": "bonpatata",
  "placesId": "ChIJGZ4HN6UpRI4RKl0N0v5vhoE"
}, {
  "p": "brazilfutbol",
  "placesId": "ChIJe8HXYpcpRI4Rum1m5idCDR4"
}, {
  "p": "bestia",
  "placesId": "ChIJe5B0-yooRI4RbJ3W9cmfM5Y"
}, {
  "p": "pizzanacolors",
  "placesId": "ChIJMVFQ1syDRo4RXxJsWgrG-9s"
}, {
  "p": "reymomo",
  "placesId": "ChIJWegTeA8pRI4RVvuz3_j2Sos"
}, {
  "p": "megacholado",
  "placesId": "ChIJ5V4Yn3IpRI4Rmarcnn4DMzA"
}, {
  "p": "8oneleven",
  "placesId": "ChIJXSRgZuae4jARXH5GDvoSqEA"
}, {
  "p": "butacos",
  "placesId": "ChIJBwDQb9-DRo4R7GU1Q4kTvXI"
}, {
  "p": "ecozum",
  "placesId": "ChIJp2yUNh8pRI4RH-91MV7qozE"
}, {
  "p": "delicatjes",
  "placesId": "ChIJ-cJd9AopRI4RxEjkA9-qZGY"
}, {
  "p": "compostella",
  "placesId": "ChIJY05otK8pRI4RaCpVMdFtLMM"
}, {
  "p": "pollochef",
  "placesId": "ChIJkUFszX-BRo4Rz00fnVg_sx8"
}, {
  "p": "difamiglia",
  "placesId": "ChIJvzg5fSuDRo4Rw5HmPdnFq74"
}, {
  "p": "lanuevapalma",
  "placesId": "ChIJr2iG8b8pRI4Rtz_JPG5Wbao"
}, {
  "p": "marcel",
  "placesId": "ChIJ_fOFe82Y4jARr40JN_C0i8s"
}, {
  "p": "blackcoffeehouse",
  "placesId": "ChIJX2ReKviDRo4RSWlKuxtWeqw"
}, {
  "p": "Laparriladelvenado",
  "placesId": "ChIJ5zr8ROeBRo4Rj6ke1ed1oGY"
}, {
  "p": "mariosarepas",
  "placesId": "ChIJB04SEfYpRI4RC3hn-gFMjBM"
}, {
  "p": "mariospizza",
  "placesId": "ChIJp1G45ZgpRI4RrF43olD22LY"
}, {
  "p": "lemuah",
  "placesId": "ChIJswFSFaUpRI4RbCDqffAqt3g"
}, {
  "p": "publichouse33",
  "placesId": "ChIJOWP-_5cpRI4RUjloyG5Z5BE"
}, {
  "p": "andromedavip",
  "placesId": "ChIJb34F_HkpRI4RQe7UdjdD2cc"
}, {
  "p": "laparilla3380",
  "placesId": "ChIJlU0-Z5cpRI4R73N-y_9jZ28"
}, {
  "p": "mrfood73",
  "placesId": "ChIJtXYQ8TEpRI4RQNOBupa-v_Y"
}, {
  "p": "avilasushi",
  "placesId": "ChIJK2HauQUpRI4RoXE947XC-LA"
}, {
  "p": "paellasnacks",
  "placesId": "ChIJnXVgaIYpRI4ROutJVH7fvKE"
}, {
  "p": "mdechorizo",
  "placesId": "ChIJ1dGDhaIpRI4R2LbiUU3y9pE"
}, {
  "p": "latineria",
  "placesId": "ChIJsdK0_yooRI4R3SLRo1_xQQ8"
}, {
  "p": "bambuburguer",
  "placesId": "ChIJ7UZbXgRHZo4RMtlSXK8Qjds"
}, {
  "p": "mrfoods",
  "placesId": "ChIJ4_lusA0pRI4RGxGeWElQZbg"
}, {
  "p": "costillaslastrada",
  "placesId": "ChIJhTY4LS2DRo4R-HCloVxmgrA"
}, {
  "p": "tabaktrafik",
  "placesId": "ChIJnfkFyB--c0cR8kW4X5M5BSA"
}, {
  "p": "brandl",
  "placesId": "ChIJ7Tz0OPCVc0cRLJL7z7gPHm0"
}, {
  "p": "devilish",
  "placesId": "ChIJ14ePbgKg4jARcXbf6NxofcM"
}, {
  "p": "brisbaneconvention",
  "placesId": "ChIJZSd0aAlakWsR4w6XMpW5tVM"
}, {
  "p": "thenetwork",
  "placesId": "ChIJ2wv81D9FDhMRxe2rvsmCs2A"
}, {
  "p": "nonnabella",
  "placesId": "ChIJAXZUIONYKowRQi0OIRVsw9o"
}, {
  "p": "churchchickenccamericas",
  "placesId": "ChIJtY7VeQ1YKowRm18nMMLcFGQ"
}, {
  "p": "backyardhotel",
  "placesId": "ChIJoXioql2_oY8R2QlNmITfkj8"
}, {
  "p": "araxiburger",
  "placesId": "ChIJYYiXI_pYKowRvgyiy1T2sWE"
}, {
  "p": "doncarlos",
  "placesId": "ChIJBYG-4R9ZKowRTPw5xPsLxL0"
}, {
  "p": "williamsconfectionary",
  "placesId": "ChIJB9sbiSKNXIYR4Zg4QNq1IaE"
}, {
  "p": "laestacionenvigado",
  "placesId": "ChIJ-1oJhlCCRo4ReKztVMM0PBI"
}, {
  "p": "duepizza",
  "placesId": "ChIJ35RPESCDRo4Rbf5HLeigYLw"
}, {
  "p": "amalur",
  "placesId": "ChIJAeuR4aYpRI4RzLB89ONA1Pw"
}, {
  "p": "casuposfood",
  "placesId": "ChIJswz8skyCRo4RctoLM6QG3pQ"
}, {
  "p": "lepanetier",
  "placesId": "ChIJw-dZDaEpRI4RO8LOrb3IGto"
}, {
  "p": "dimariagelateria",
  "placesId": "ChIJgYdtt6gpRI4RL2EBCYDL6cA"
}, {
  "p": "restaurantesupercaliente",
  "placesId": "ChIJwb9NnsqDRo4RTQcR9R6GdTY"
}, {
  "p": "11s",
  "placesId": "ChIJ44mlpF8VaI4R3Of27T-wGYo"
}, {
  "p": "lamiaristorante",
  "placesId": "ChIJUXGImBQ_aI4RR6WnQgnd5Lg"
}, {
  "p": "lamiaristoranteexpress2",
  "placesId": "ChIJd-w1o1kVaI4R9NUCmAoNW2Y"
}, {
  "p": "elmisterio",
  "placesId": "ChIJLyfo1L2DRo4R3zYTNjES0XA"
}, {
  "p": "hamburguesassanjose",
  "placesId": "ChIJqQ0-R6yDRo4RbrCOlenFn0U"
}, {
  "p": "streetsavory",
  "placesId": "ChIJd3dJPpmY4YkRJ5oXGE-rBh4"
}, {
  "p": "guilliarepas2",
  "placesId": "ChIJg056HG0pRI4RXm0l4AzZzqY"
}, {
  "p": "lasricurasdeandrea",
  "placesId": "ChIJrynZzSEvRI4RXzsqXPR19fY"
}, {
  "p": "pizzahaus",
  "placesId": "ChIJHbL7OBeDRo4RJkKAIuoU_a0"
}, {
  "p": "chipacookie",
  "placesId": "ChIJz2APh-j3KowRchhjlrcA-ng"
}, {
  "p": "yayustexmexgrillmangos",
  "placesId": "ChIJCeL2wxT2KowR4pXKjNguhF4"
}, {
  "p": "mazalgourmetcolinas",
  "placesId": "ChIJ0akeRsNZKowREN2nxp0vFHU"
}, {
  "p": "massimogourmet",
  "placesId": "ChIJ6_vKROdYKowRprtS33c761Y"
}, {
  "p": "shulios",
  "placesId": "ChIJvQD9_j2ThY4RDpiQgdqJJvU"
}, {
  "p": "mazalgourmetmiranda",
  "placesId": "ChIJq_vZxdz3KowRSBdqfZZnxXI"
}, {
  "p": "charcupollo",
  "placesId": "ChIJMUOXvqUpY44RQ-HNxLa7opw"
}, {
  "p": "tempobar",
  "placesId": "ChIJ59JEzGIoY44RBIq_GdLUMJI"
}, {
  "p": "fortalezayvida",
  "placesId": "ChIJK6MMo1VeKowRddkSE3orYJk"
}, {
  "p": "comoncasa",
  "placesId": "ChIJ_yuXGdFeKowRi3QqsWk5KmY"
}, {
  "p": "planetsandwich",
  "placesId": "ChIJQeBm9s5ZKowRnusk_KUZ8hc"
}, {
  "p": "texano",
  "placesId": "ChIJGwCJ0FGCRo4RClM_epq95Lo"
}, {
  "p": "sandwichgourmet",
  "placesId": "ChIJlz-Dl9EpRI4RAc2dJIpLg1s"
}, {
  "p": "ruta40",
  "placesId": "ChIJBfszzWCDRo4ROLFXGqSyt8A"
}, {
  "p": "nuqui",
  "placesId": "ChIJB9KCaqcpRI4Rj-AZJjV6Ho4"
}, {
  "p": "pastasconamortrattoria",
  "placesId": "ChIJi6bx0VGCRo4R58OkRFlTU_k"
}, {
  "p": "fusionfood",
  "placesId": "ChIJK-fyqXqDRo4RiNmyuYQHfWo"
}, {
  "p": "copapollos",
  "placesId": "ChIJ33bUqGslRI4R2F2lbaI4jZI"
}, {
  "p": "chezalice",
  "placesId": "ChIJn2S0zlGCRo4RFcFkr92asyE"
}, {
  "p": "puntonaranja",
  "placesId": "ChIJ7d3dHAcpRI4R3W0eYpPpdjQ"
}, {
  "p": "bolosazoncostena",
  "placesId": "ChIJtTrleVCCRo4RXVDP2_7AojA"
}, {
  "p": "mediterraneogourmet",
  "placesId": "ChIJpTrj6KtZKowR8giGkkDc68I"
}, {
  "p": "practipizza",
  "placesId": "ChIJdWkbZmHzKowRLfFzckRITak"
}, {
  "p": "epiko",
  "placesId": "ChIJeVzEYs5ZKowRPkmxao5Ga6s"
}, {
  "p": "nortedelsur",
  "placesId": "ChIJmz8h-373KowRhog6XKIMCm0"
}, {
  "p": "granpremier",
  "placesId": "ChIJaZ0VsnicK4wRqiJU7f1cRxk"
}, {
  "p": "romanina",
  "placesId": "ChIJmXkANapZKowR0rkxvYI2-qI"
}, {
  "p": "melomanos1",
  "placesId": "ChIJu22tyRyBZI4RUSil5pYe2Ts"
}, {
  "p": "melomanos2",
  "placesId": "ChIJlxoFnIqBZI4RPRiz_CVs8Og"
}, {
  "p": "shajuanma",
  "placesId": "ChIJzSQNz9-qK4wR0z4p3s6n8iM"
}, {
  "p": "viejopuente",
  "placesId": "ChIJz_QeHVNZKowRoDkrSmwAwO8"
}, {
  "p": "rajatabla",
  "placesId": "ChIJKzpQ5MNZKowRjMXlR8pi-X4"
}, {
  "p": "naturagourmet",
  "placesId": "ChIJ23CSSiRZKowRFseKtNTh40w"
}, {
  "p": "baccocafemuseo",
  "placesId": "ChIJ7Qdi2CtZKowRkTiDs9PMpaY"
}, {
  "p": "candyshopcrunchy",
  "placesId": "ChIJnXaIiSxZKowRtyPKnJMaWyA"
}, {
  "p": "dfrutatucafe",
  "placesId": "ChIJqcIO5sxZKowR2U4Tn9xGRv0"
}, {
  "p": "papeleriaaraguaney",
  "placesId": "ChIJ7VG49ixZKowREM-xTw78ehI"
}, {
  "p": "lapaleteriaartesanal",
  "placesId": "ChIJMcLbkrVZKowRGdp0K7a4gv8"
}, {
  "p": "ferradiniccct",
  "placesId": "ChIJB0BB0ldYKowR12QKrigpU64"
}, {
  "p": "trakielrecreo1",
  "placesId": "ChIJR19-WuBYKowROyueowTaEZo"
}, {
  "p": "trakielrecreo2",
  "placesId": "ChIJR19-WuBYKowROyueowTaEZo"
}, {
  "p": "suesskramdealer",
  "placesId": "ChIJXWmIaWNQqEcRkZYvjFR__yQ"
}, {
  "p": "elcafedebetto",
  "placesId": "ChIJ4032uviqK4wRI1gCNu2cJ8I"
}, {
  "p": "losgolfeadosdesamuel",
  "placesId": "ChIJkeqtjlVYKowR7CO5Rlc4aKg"
}, {
  "p": "cafemicosa",
  "placesId": "ChIJ_f_PPOBYKowR-tf8PF4iqg4"
}, {
  "p": "sterhard",
  "placesId": "ChIJzY7E_WEjokcRilqR4u1DI18"
}, {
  "p": "weingutandres",
  "placesId": "ChIJCRFMBsw3lkcRztKNgLKZvgg"
}, {
  "p": "chocoin",
  "placesId": "ChIJqZaZt8N1nkcR5LqQfsLsRN8"
}, {
  "p": "veeskaffee",
  "placesId": "ChIJo-nh0Yp1nkcRHMa9WGpUxbs"
}, {
  "p": "szenedrinks",
  "placesId": "ChIJl3KQ02PfnUcRIEzAeh75_g0"
}, {
  "p": "murnauer",
  "placesId": "ChIJ3aDMTITfnUcRWZvd7SBpyDE"
}, {
  "p": "wayusa",
  "placesId": "ChIJrYivxYCTC0cRvH_qnVxgam4"
}, {
  "p": "babette",
  "placesId": "ChIJZ563doQHbUcRF8QOB03zj4I"
}, {
  "p": "allnutbelgrade",
  "placesId": "ChIJa8mi-bF6WkcRZDldzsixRKg"
}, {
  "p": "lojaportugueza",
  "placesId": "ChIJo1xX5Xk0GQ0RcZMuAQmPOyo"
}, {
  "p": "niunadietamas",
  "placesId": "ChIJa1bscjJYKowR2A5_urDHZCI"
}, {
  "p": "yakitorivallearriba",
  "placesId": "ChIJ7S3IDI5YKowRJdSVs2zRZKA"
}, {
  "p": "yakitoribar",
  "placesId": "ChIJY5YZ1LpZKowRbVY8xYxYJ_4"
}, {
  "p": "amarelocoffeeandtea",
  "placesId": "ChIJSSra3ZNxMowR0Ytojv-xPH8"
}, {
  "p": "gourmetplanet",
  "placesId": "ChIJA2PfXs5ZKowR8d3D_WePX7E"
}, {
  "p": "sweetfamily",
  "placesId": "ChIJzRmC_OBYKowR8leGCEQ-KqQ"
}, {
  "p": "paradisesushi",
  "placesId": "ChIJYTT18mlfKowRRdbrIvV6Elg"
}, {
  "p": "wowfles",
  "placesId": "ChIJQT_VQ-1eKowRl9Di36gzJ5I"
}, {
  "p": "buddhabar",
  "placesId": "ChIJSyEEcFhYKowRqy_90t5TDWs"
}, {
  "p": "dondejuancho",
  "placesId": "ChIJQ0QxkiYoRI4RhRpVloWc7d8"
}, {
  "p": "tiendalarejagris",
  "placesId": "ChIJq4ILncgpRI4RDGbHdk4Gmno"
}, {
  "p": "lanegra",
  "placesId": "ChIJcdwFqCVfKowRYqxTGQdQJnI"
}, {
  "p": "naturalitico",
  "placesId": "ChIJL66if33zKowRrzjlFL2DrUQ"
}, {
  "p": "fajitasexpressca",
  "placesId": "ChIJV2TtyC5nh44RvyUM2olHzKs"
}, {
  "p": "laborguesa",
  "placesId": "ChIJgajnd6yrK4wRMH_fiPWWdd0"
}, {
  "p": "kingroadbrew",
  "placesId": "ChIJyXiHQDaOMioReXxIvBoylSs"
}, {
  "p": "rusnesdegalai",
  "placesId": "ChIJWSYnE5eO5EYRo4KwcIx-bp0"
}, {
  "p": "bettysplace",
  "placesId": "ChIJI4jqZ3VfKBgRFrCFBjucAMo"
}, {
  "p": "avilaburger",
  "placesId": "ChIJGUJ617pZKowR1MzjjeWIDaI"
}, {
  "p": "hotdogsbbq",
  "placesId": "ChIJ6_Aj_oBz4YkREGeor4KHnX4"
}, {
  "p": "7thavenuefishchips",
  "placesId": "ChIJfZ9TJ80DkWsRX81V-IzoE1s"
}, {
  "p": "uppercrust",
  "placesId": "ChIJn_4Qpvrhk2sRGvrKTwJJaxQ"
}, {
  "p": "yokattack",
  "placesId": "ChIJy2ku0mmF6WsRZXoZxvup5fM"
}, {
  "p": "thaiwirat",
  "placesId": "ChIJiQXrv_NZkWsRjdhWyZ99BIM"
}, {
  "p": "pestocafe10",
  "placesId": "ChIJ_1vKZXnN1EARbNvVYLmuyxw"
}, {
  "p": "pestocafe11",
  "placesId": "ChIJ8ZUsVTbL1EARUuZqF7uIFI0"
}, {
  "p": "pestocafe12",
  "placesId": "ChIJhW7Ox4DN1EARZgnG_d90LCI"
}, {
  "p": "ts",
  "placesId": "ChIJnxwKuGDP1EARRRR533LB3lo"
}, {
  "p": "malaychan",
  "placesId": "ChIJhaFN-VuNGGAR8Qe_7Xs9FnM"
}, {
  "p": "lacofuteria",
  "placesId": "ChIJL2iUax_2KowR09ildghzy38"
}, {
  "p": "accademia",
  "placesId": "ChIJC8cHOq9ZKowR86i_Gke2NVA"
}, {
  "p": "katyusha",
  "placesId": "ChIJZ-eKN_3O1EAR5kIlZ7R-IUU"
}, {
  "p": "KatyushaVarenichnaya",
  "placesId": "ChIJH1Imbq_P1EARSQLFNLf6viA"
}, {
  "p": "aubergedusoleil",
  "placesId": "ChIJ9xs0j4g2CDERHHIlunSwO1s"
}, {
  "p": "surfranchhotelresort",
  "placesId": "ChIJe-mUeoyzdY8Rx4gfwi1APSg"
}, {
  "p": "brunpanaderia",
  "placesId": "ChIJz-8hO-eorI8RzvhpJ2BUFpI"
}, {
  "p": "donmanuelgrill",
  "placesId": "ChIJZdwURR1dKowRWGXWDKdGDG0"
}, {
  "p": "anggerikmall",
  "placesId": "ChIJrbQvOIFSzDERMQTWyIJi8Nw"
}, {
  "p": "kiteboarding",
  "placesId": "ChIJdeqoO_tmUhQRecD3XP_Jccw"
}, {
  "p": "Ekoferma",
  "placesId": "ChIJ075JJfBKtUYRN8XlENo4VNE"
}, {
  "p": "bigkitchennigeria",
  "placesId": "ChIJP4axuO_LaRAR-cdcYPPzKJA"
}, {
  "p": "casanobar",
  "placesId": "ChIJb010YF7uc0cRLbP0g5Krs-Y"
}, {
  "p": "campusstore",
  "placesId": "ChIJy_4boHhz4YkRfyx2yoUu_lE"
}, {
  "p": "casavrinda1",
  "placesId": "ChIJl_lyw89eKowR-swukstNisQ"
}, {
  "p": "casavrinda2",
  "placesId": "ChIJl_lyw89eKowR-swukstNisQ"
}, {
  "p": "casavrinda3",
  "placesId": "ChIJl_lyw89eKowR-swukstNisQ"
}, {
  "p": "barpoolpineda",
  "placesId": "ChIJBcWLIcVeKowR5ZacGkR3m1Q"
}, {
  "p": "fruteriayestacionamiento",
  "placesId": "ChIJ69fDIsVeKowReijNrySS3sU"
}, {
  "p": "mileniummallmerida",
  "placesId": "ChIJqeyIFmB9ZI4Rd2mMi0dzF9o"
}, {
  "p": "farmarkettamanaco",
  "placesId": "ChIJ9-JrLVZYKowR1tfBcS23wWg"
}, {
  "p": "farmarketlido",
  "placesId": "ChIJl1nU1v1YKowRFqWuPS7Xm24"
}, {
  "p": "farmarketsantapaula",
  "placesId": "ChIJvZ06aG1YKowRCy9jFjBPLzQ"
}, {
  "p": "burgercenter",
  "placesId": "ChIJwVPuQNpeKowRxuoesI3SlBw"
}, {
  "p": "loveeat",
  "placesId": "ChIJJeWf05RZKowRYZ6P87ArUms"
}, {
  "p": "budaremaison",
  "placesId": "ChIJ3-OX2a1ZKowRfOdChQVNkb8"
}, {
  "p": "farmarato",
  "placesId": "ChIJh2k-EndfKowRbZDjCwo2Lf4"
}]
