{
  "project_info": {
    "project_number": "277269285327",
    "firebase_url": "https://realbitcoinclub.firebaseio.com",
    "project_id": "realbitcoinclub",
    "storage_bucket": "realbitcoinclub.appspot.com"
  },
  "client": [
    {
      "client_info": {
        "mobilesdk_app_id": "1:277269285327:android:59036bfab2f8e921",
        "android_client_info": {
          "package_name": "cash.bitcoinmap.coinector"
        }
      },
      "oauth_client": [
        {
          "client_id": "277269285327-lbgc8fdpru7f44d9j22ok0k643qjonol.apps.googleusercontent.com",
          "client_type": 3
        }
      ],
      "api_key": [
        {
          "current_key": "AIzaSyAqFxN1LfGrvIbDb8ZPNPHF7ZxOONf1wlc"
        }
      ],
      "services": {
        "appinvite_service": {
          "other_platform_oauth_client": [
            {
              "client_id": "277269285327-lbgc8fdpru7f44d9j22ok0k643qjonol.apps.googleusercontent.com",
              "client_type": 3
            }
          ]
        }
      }
    }
  ],
  "configuration_version": "1"
}